{"window_size": 300, "threshold": 0.0015, "cutoff": 100, "segments": [[10.817, 16.333000000000002], [26.153000000000002, 32.15], [41.457, 47.687], [56.679, 62.891], [71.56800000000001, 78.894], [87.18400000000001, 95.97900000000001], [102.98100000000001, 109.16000000000001], [118.284, 125.408], [134.32000000000002, 140.961], [150.625, 156.334], [166.667, 172.293], [182.192, 188.055], [198.15900000000002, 201.80200000000002], [214.764, 219.508], [229.28, 234.73600000000002], [244.22400000000002, 250.58700000000002], [260.587, 266.757], [276.84799999999996, 277.87899999999996]]}