{"window_size": 1000, "threshold": 0.0055, "cutoff": 100, "segments": [[10.176, 11.854], [22.453000000000003, 23.544], [39.876, 45.491], [54.765, 59.787], [69.634, 74.352], [85.53, 91.429], [99.855, 107.25200000000001], [115.254, 120.917], [130.234, 136.747], [144.78, 153.46], [161.46200000000002, 166.119], [174.888, 181.023], [190.274, 196.095], [205.58, 208.04000000000002], [219.995, 226.19400000000002], [236.09, 241.09300000000002], [249.964, 255.966], [265.10499999999996, 270.84299999999996]]}