{"window_size": 800, "threshold": 0.0025, "cutoff": 100, "segments": [[10.448, 16.680000000000003], [25.435000000000002, 31.445], [40.481, 47.510999999999996], [55.543, 62.679], [70.527, 78.33000000000001], [86.10000000000001, 92.75800000000001], [101.028, 108.168], [115.94000000000001, 122.94900000000001], [131.163, 138.584], [145.966, 151.547], [161.085, 166.749], [176.304, 182.047], [191.39700000000002, 196.941], [206.187, 212.19500000000002], [221.3, 227.017], [236.37, 242.376], [251.77200000000002, 257.63599999999997], [266.566, 274.61199999999997]]}