RMS,MAV,IEMG,VAR,WL,WAMP,FMN,FMD
0.09947431234918232,0.08127445081182981,523.3261887773722,0.0048272858502225015,118.04904456922095,3908,53.919540162199404,50.78428327380028
