RMS,MAV,IEMG,VAR,WL,WAMP,FMN,FMD
0.15827505259146527,0.14670194319689134,884.0259097044673,0.004003820713723213,115.9750682647666,3662,5.516489517482862,0.0
