RMS,MAV,IEMG,VAR,WL,WAMP,FMN,FMD
<<<<<<<< HEAD:features/8/2f786f4c-c8e5-47a8-9aa3-c776756ee132-o6p2.csv
0.15827505259146527,0.14670194319689134,884.0259097044673,0.004003820713723213,115.9750682647666,3662,63.5143418427526,63.06007301692665
========
0.15827505259146527,0.14670194319689134,884.0259097044673,0.004003820713723213,115.9750682647666,3662,5.516489517482862,0.0
>>>>>>>> devP:features/8/034fff1f-e879-4b51-8794-4a83fcf87ff8-o6p2.csv
