RMS,MAV,IEMG,VAR,WL,WAMP,FMN,FMD
0.05645052910830972,0.03956440779852967,131.82860678470087,0.0030963690574636504,49.83954044637229,1848,54.54467940324156,53.72148859543818
