RMS,MAV,IEMG,VAR,WL,WAMP,FMN,FMD
0.1658148752970873,0.1413009947655371,823.0782945092535,0.010621290224269463,150.98863346729632,4018,0.7135306783072521,0.0
