RMS,MAV,IEMG,VAR,WL,WAMP,FMN,FMD
0.08613154723090137,0.07130589938518185,484.30966862415517,0.0036005989438197645,108.68653776718708,3753,55.573057410832064,51.97290930506478
