RMS,MAV,IEMG,VAR,WL,WAMP,FMN,FMD
0.03756823626280834,0.029370033235559808,126.43799307908498,0.0012353007983731286,48.722740988081625,2017,48.72038969664044,51.33565621370499
