RMS,MAV,IEMG,VAR,WL,WAMP,FMN,FMD
<<<<<<<< HEAD:features/8/898f908f-5406-4eac-939f-9fa33573b4fe-o10p6.csv
0.05897358319367058,0.04614379586186236,272.6636897477447,0.002390120212997681,83.81304056585435,2977,61.39029740078218,59.06244711457099
========
0.05897358319367058,0.04614379586186236,272.6636897477447,0.002390120212997681,83.81304056585435,2977,32.13787588044749,26.908106278558133
>>>>>>>> devP:features/8/08e65521-0c5d-428f-89af-31f7ce75e94c-o10p6.csv
