RMS,MAV,IEMG,VAR,WL,WAMP,FMN,FMD
<<<<<<<< HEAD:features/8/7ea8acf3-16f5-4530-92d8-a262529466a3-o4p2.csv
0.13419916826303702,0.12898087440497621,830.120907670427,0.0013978834120944696,81.79004937538664,3307,67.69583875224593,69.76382846488502
========
0.13419916826303702,0.12898087440497621,830.120907670427,0.0013978834120944696,81.79004937538664,3307,2.7333422164056227,0.0
>>>>>>>> devP:features/8/09492c96-f494-4abf-b906-aa4b0249cead-o4p2.csv
