RMS,MAV,IEMG,VAR,WL,WAMP,FMN,FMD
<<<<<<<< HEAD:features/8/d14b6b98-8f68-4d5f-99c0-25a50960296c-o2p1.csv
0.10725929711813417,0.0953926489864216,537.8237549854449,0.0029263397769408945,100.14016020139724,3346,67.46343430941747,69.70556935083363
========
0.10725929711813417,0.0953926489864216,537.8237549854449,0.0029263397769408945,100.14016020139724,3346,9.830361864088767,0.0
>>>>>>>> devP:features/8/0b49ba34-c99e-410b-8749-844d30c0480a-o2p1.csv
