RMS,MAV,IEMG,VAR,WL,WAMP,FMN,FMD
0.10725929711813417,0.0953926489864216,537.8237549854449,0.0029263397769408945,100.14016020139724,3346,9.830361864088767,0.0
