RMS,MAV,IEMG,VAR,WL,WAMP,FMN,FMD
0.08082177136793088,0.0691369090399355,421.251186780327,0.002609738516929785,97.36437091576208,3432,-1.058357506476961,0.0
