RMS,MAV,IEMG,VAR,WL,WAMP,FMN,FMD
<<<<<<<< HEAD:features/8/0eb989d9-c042-4a04-9a90-b96c8c7ea97f-o4p3.csv
0.10559610143763837,0.09970663350080416,610.9025434594271,0.0012420464355438786,70.57696833234048,2778,67.70035737202961,69.20189325934389
========
0.10559610143763837,0.09970663350080416,610.9025434594271,0.0012420464355438786,70.57696833234048,2778,3.9929189600929593,0.0
>>>>>>>> devP:features/8/faefe49c-a667-406e-a93f-ebbee0823e89-o4p3.csv
