RMS,MAV,IEMG,VAR,WL,WAMP,FMN,FMD
0.055495752431517525,0.0412885541969837,258.92052336928475,0.00306896534459965,108.82768630845034,3786,63.511161465327,63.30728751395312
