RMS,MAV,IEMG,VAR,WL,WAMP,FMN,FMD
0.07433096297501093,0.05651468497646327,330.4413630573807,0.005391717109562543,127.35270116001234,3843,14.43113418648151,58.491534120061566
