RMS,MAV,IEMG,VAR,WL,WAMP,FMN,FMD
0.12278183663618068,0.10555204428877962,697.2768045716782,0.00551724921899507,117.56351199803757,3898,48.32230645222404,44.20224038752649
