RMS,MAV,IEMG,VAR,WL,WAMP,FMN,FMD
<<<<<<<< HEAD:features/8/12957285-a6ef-464a-959e-7cc118892588-o3p1.csv
0.12278183663618068,0.10555204428877962,697.2768045716782,0.00551724921899507,117.56351199803757,3898,48.32230645222404,44.20224038752649
========
0.12278183663618068,0.10555204428877962,697.2768045716782,0.00551724921899507,117.56351199803757,3898,10.8229083336189,0.0
>>>>>>>> devP:features/8/28e8a224-0383-4b7b-bfef-cf025e8beb69-o3p1.csv
