RMS,MAV,IEMG,VAR,WL,WAMP,FMN,FMD
<<<<<<<< HEAD:features/8/777b26e5-5646-4022-abab-4a932be66943-o11p4.csv
0.09249854140243977,0.07822358010468934,488.34981059357557,0.003451827290817445,94.12983320264615,3121,59.47568638170711,60.54781355117731
========
0.09249854140243977,0.07822358010468934,488.34981059357557,0.003451827290817445,94.12983320264615,3121,15.02912137871791,0.0
>>>>>>>> devP:features/8/132bf830-b30a-4457-8f09-a4d96d963ec6-o11p4.csv
