RMS,MAV,IEMG,VAR,WL,WAMP,FMN,FMD
0.055495752431517525,0.0412885541969837,258.92052336928475,0.00306896534459965,108.82768630845034,3786,83.72219203549831,33.96587466113858
