RMS,MAV,IEMG,VAR,WL,WAMP,FMN,FMD
<<<<<<<< HEAD:features/8/4288e275-9af4-469a-874e-706c972398f7-o7p5.csv
0.09446987315321594,0.07260743941221001,453.4334591292515,0.007756292719916577,151.49438094046752,4206,55.92824135847574,53.3226581265012
========
0.09446987315321594,0.07260743941221001,453.4334591292515,0.007756292719916577,151.49438094046752,4206,42.98062999011502,46.75740592473979
>>>>>>>> devP:features/8/15043798-e9f5-4aae-8a03-6bcdca9c5862-o7p5.csv
