RMS,MAV,IEMG,VAR,WL,WAMP,FMN,FMD
0.08433794975123236,0.06766045392691945,413.4730339474048,0.005049062955420069,114.86124721829475,3564,-7.306685042385744,0.0
