RMS,MAV,IEMG,VAR,WL,WAMP,FMN,FMD
<<<<<<<< HEAD:features/8/aea91baa-b62a-4ed3-aa27-d817d84db89c-o9p4.csv
0.09140069808137373,0.07883946013057407,340.82298614447166,0.0026656488210286067,68.85442383066399,2570,62.696221246098865,61.30002313208419
========
0.09140069808137373,0.07883946013057407,340.82298614447166,0.0026656488210286067,68.85442383066399,2570,11.901427385994356,0.0
>>>>>>>> devP:features/8/17b1c2b9-d274-464c-b380-4f1d9ea9c469-o9p4.csv
