RMS,MAV,IEMG,VAR,WL,WAMP,FMN,FMD
0.048993902643116594,0.03654400889375465,220.54309367380932,0.0023702544288089333,90.4605529069368,3365,61.81090586020962,61.64043082021541
