RMS,MAV,IEMG,VAR,WL,WAMP,FMN,FMD
<<<<<<<< HEAD:features/8/c94ddd93-52cc-499d-a5be-b15207499a31-o6p1.csv
0.1270388638807004,0.11532722189726695,665.0920886815385,0.0033874021519993227,96.91787016829491,3252,60.69292885227469,60.86353389977457
========
0.1270388638807004,0.11532722189726695,665.0920886815385,0.0033874021519993227,96.91787016829491,3252,7.116265552133122,0.0
>>>>>>>> devP:features/8/192bb33d-e742-47cb-b0a2-22342a3736c8-o6p1.csv
