RMS,MAV,IEMG,VAR,WL,WAMP,FMN,FMD
0.0473788047192624,0.03494054697348347,237.8053627015285,0.002237289177296366,87.26279868350107,3347,46.57404863430859,35.116074052306786
