RMS,MAV,IEMG,VAR,WL,WAMP,FMN,FMD
0.0680701635697322,0.05210743829842605,273.56405106673674,0.004066718519421591,102.73691427519351,3220,11.059394261852686,56.19047619047619
