RMS,MAV,IEMG,VAR,WL,WAMP,FMN,FMD
0.07837498761526984,0.06402736049371265,531.9393109817646,0.0034523628564566236,161.01369704744488,5324,67.43581625657886,69.3307655272027
