RMS,MAV,IEMG,VAR,WL,WAMP,FMN,FMD
<<<<<<<< HEAD:features/8/1f91b159-07b1-4936-a586-306905c7985c-o1p3.csv
0.07837498761526984,0.06402736049371265,531.9393109817646,0.0034523628564566236,161.01369704744488,5324,67.43581625657886,69.3307655272027
========
0.07837498761526984,0.06402736049371265,531.9393109817646,0.0034523628564566236,161.01369704744488,5324,26.357427922585142,0.0
>>>>>>>> devP:features/8/05701f37-aaa7-42a4-b687-c1be99b63f41-o1p3.csv
