RMS,MAV,IEMG,VAR,WL,WAMP,FMN,FMD
0.08082177136793088,0.0691369090399355,421.251186780327,0.002609738516929785,97.36437091576208,3432,64.75926450431254,65.64910553093715
