RMS,MAV,IEMG,VAR,WL,WAMP,FMN,FMD
<<<<<<<< HEAD:features/8/be70822b-dc06-4a94-9480-fcb3c3c9a926-o3p6.csv
0.06775880343315062,0.051405199932042935,291.1590524150912,0.0045624065945435435,102.42305876513191,3494,52.88131093602781,49.43502824858757
========
0.06775880343315062,0.051405199932042935,291.1590524150912,0.0045624065945435435,102.42305876513191,3494,52.220908134683185,49.0819209039548
>>>>>>>> devP:features/8/2517c300-c5c4-4478-a87a-7f511ad2eb26-o3p6.csv
