RMS,MAV,IEMG,VAR,WL,WAMP,FMN,FMD
<<<<<<<< HEAD:features/8/c37f6f70-14bd-4e26-8a74-c267f84a3390-o4p6.csv
0.12583066810801305,0.09812565474893636,641.447405093797,0.014031592085847339,253.94107082709968,5130,66.97864388524367,68.83891693437356
========
0.12583066810801305,0.09812565474893636,641.447405093797,0.014031592085847339,253.94107082709968,5130,53.29234524970597,60.11932078935291
>>>>>>>> devP:features/8/2653951e-35ba-43f5-a476-67f4af7bc205-o4p6.csv
