RMS,MAV,IEMG,VAR,WL,WAMP,FMN,FMD
0.07562868895567608,0.06066457417681214,393.8950801300412,0.0036821601073570194,100.84340812723002,3653,0.8484897601658723,0.0
