RMS,MAV,IEMG,VAR,WL,WAMP,FMN,FMD
0.07574963548102032,0.062050407345151125,391.10371749648755,0.0037247561679756777,96.73888850462689,3429,51.11146059360507,49.02427415516421
