RMS,MAV,IEMG,VAR,WL,WAMP,FMN,FMD
<<<<<<<< HEAD:features/8/21989b31-a85c-44a9-a57b-66542ec7d54c-o2p2.csv
0.08082177136793088,0.0691369090399355,421.251186780327,0.002609738516929785,97.36437091576208,3432,64.75926450431254,65.64910553093715
========
0.08082177136793088,0.0691369090399355,421.251186780327,0.002609738516929785,97.36437091576208,3432,16.16561966968041,0.0
>>>>>>>> devP:features/8/27d3cc64-c814-4caf-9e43-f2c9de60b831-o2p2.csv
