RMS,MAV,IEMG,VAR,WL,WAMP,FMN,FMD
<<<<<<<< HEAD:features/8/2916a09d-8959-4a6d-8985-fee0a555fc8c-o10p1.csv
0.1617547529712705,0.1609222787716892,897.1417041521672,0.00026862030372350675,28.695181781931918,775,63.3124747605611,62.959641255605376
========
0.1617547529712705,0.1609222787716892,897.1417041521672,0.00026862030372350675,28.695181781931918,775,0.3266774251805399,0.0
>>>>>>>> devP:features/8/a4f7775c-8923-4533-9977-c9d52be04582-o10p1.csv
