RMS,MAV,IEMG,VAR,WL,WAMP,FMN,FMD
0.1617547529712705,0.1609222787716892,897.1417041521672,0.00026862030372350675,28.695181781931918,775,63.3124747605611,62.959641255605376
