RMS,MAV,IEMG,VAR,WL,WAMP,FMN,FMD
0.0566508394120156,0.04529644491563628,177.69795340404113,0.0021289406657341256,43.14244149355583,1593,-2.9367557013160406,0.0
