RMS,MAV,IEMG,VAR,WL,WAMP,FMN,FMD
<<<<<<<< HEAD:features/8/2d3fd656-7f10-45cc-ab67-34bc3e4c5e21-o4p1.csv
0.09245122403874516,0.08840413740664181,541.9173623027143,0.0007420510113816594,52.25087970600341,2011,62.296639149288595,61.99021207177814
========
0.09245122403874516,0.08840413740664181,541.9173623027143,0.0007420510113816594,52.25087970600341,2011,2.8269407280151233,0.0
>>>>>>>> devP:features/8/9952ec9c-5648-41f3-ab79-93723f8086a1-o4p1.csv
