RMS,MAV,IEMG,VAR,WL,WAMP,FMN,FMD
0.09245122403874516,0.08840413740664181,541.9173623027143,0.0007420510113816594,52.25087970600341,2011,62.296639149288595,61.99021207177814
