RMS,MAV,IEMG,VAR,WL,WAMP,FMN,FMD
0.1658148752970873,0.1413009947655371,823.0782945092535,0.010621290224269463,150.98863346729632,4018,50.30797831118014,46.52360515021459
