RMS,MAV,IEMG,VAR,WL,WAMP,FMN,FMD
<<<<<<<< HEAD:features/8/ba02acb9-6f7e-4b08-b499-23dcbcee1cc9-o6p3.csv
0.0868196838144131,0.0686119224090605,404.53589452382073,0.00540936872984622,129.26759159735886,3875,62.48716046396426,61.39755766621438
========
0.0868196838144131,0.0686119224090605,404.53589452382073,0.00540936872984622,129.26759159735886,3875,34.96978803094875,39.009497964721845
>>>>>>>> devP:features/8/2e1b6978-b7bd-4ea2-9724-cb1ec32170e9-o6p3.csv
