RMS,MAV,IEMG,VAR,WL,WAMP,FMN,FMD
0.15827505259146527,0.14670194319689134,884.0259097044673,0.004003820713723213,115.9750682647666,3662,63.5143418427526,63.06007301692665
