RMS,MAV,IEMG,VAR,WL,WAMP,FMN,FMD
0.09277112753373089,0.0682663301354048,423.11471417923894,0.007952258388289857,140.11938156101286,3985,52.343685479586746,46.95062923523717
