RMS,MAV,IEMG,VAR,WL,WAMP,FMN,FMD
<<<<<<<< HEAD:features/8/24d6dba2-aeeb-4d62-8f93-c561a76f51a5-o4p4.csv
0.11179221703397149,0.08299723000421415,591.3552637800258,0.01169539438432598,235.03881095923694,4996,66.31441367111266,69.47368421052632
========
0.11179221703397149,0.08299723000421415,591.3552637800258,0.01169539438432598,235.03881095923694,4996,58.31550710803671,64.0
>>>>>>>> devP:features/8/355434a5-5de2-49bd-85bc-f3c3d22aaca5-o4p4.csv
