RMS,MAV,IEMG,VAR,WL,WAMP,FMN,FMD
0.0478963144338459,0.03590558090499666,221.6810565074494,0.0022333608669232357,92.35551781932142,3303,47.10772483452743,62.84418529316488
