RMS,MAV,IEMG,VAR,WL,WAMP,FMN,FMD
<<<<<<<< HEAD:features/8/39358cfc-e17d-43dd-8646-3278ff779a6e-o5p1.csv
0.0566508394120156,0.04529644491563628,177.69795340404113,0.0021289406657341256,43.14244149355583,1593,52.02896522654845,46.902880448636246
========
0.0566508394120156,0.04529644491563628,177.69795340404113,0.0021289406657341256,43.14244149355583,1593,25.82155411481369,0.0
>>>>>>>> devP:features/8/b50cfb9a-506d-4190-8c6d-92de2e551f6c-o5p1.csv
