RMS,MAV,IEMG,VAR,WL,WAMP,FMN,FMD
0.05897358319367058,0.04614379586186236,272.6636897477447,0.002390120212997681,83.81304056585435,2977,1.5675175554800929,26.908106278558133
