RMS,MAV,IEMG,VAR,WL,WAMP,FMN,FMD
0.11179221703397149,0.08299723000421415,591.3552637800258,0.01169539438432598,235.03881095923694,4996,26.150135134524266,64.0
