RMS,MAV,IEMG,VAR,WL,WAMP,FMN,FMD
0.07317477320283729,0.06480347486725704,444.55183758938335,0.0015303956866599428,74.14433525709228,2815,-0.5170069170223314,0.0
