RMS,MAV,IEMG,VAR,WL,WAMP,FMN,FMD
<<<<<<<< HEAD:features/8/92dd8606-4fe9-41ec-b840-4b3cbda1352d-o7p2.csv
0.07562868895567608,0.06066457417681214,393.8950801300412,0.0036821601073570194,100.84340812723002,3653,50.98643259780857,47.74372401047282
========
0.07562868895567608,0.06066457417681214,393.8950801300412,0.0036821601073570194,100.84340812723002,3653,24.201942807382554,0.0
>>>>>>>> devP:features/8/4b11cfb2-4046-458e-8b03-40eaa5f0af40-o7p2.csv
