RMS,MAV,IEMG,VAR,WL,WAMP,FMN,FMD
<<<<<<<< HEAD:features/8/58ed7af8-7510-4f98-b0bb-6748c432cd75-o5p2.csv
0.08433794975123236,0.06766045392691945,413.4730339474048,0.005049062955420069,114.86124721829475,3564,55.71379116369042,51.54639175257732
========
0.08433794975123236,0.06766045392691945,413.4730339474048,0.005049062955420069,114.86124721829475,3564,30.65393123844546,30.273277695958107
>>>>>>>> devP:features/8/4c304bb2-6fe5-4343-8b46-41f963942195-o5p2.csv
