RMS,MAV,IEMG,VAR,WL,WAMP,FMN,FMD
<<<<<<<< HEAD:features/8/5644ec25-1575-418e-ad46-e484ffd89d15-o9p5.csv
0.03756823626280834,0.029370033235559808,126.43799307908498,0.0012353007983731286,48.722740988081625,2017,62.6089517097478,63.18234610917538
========
0.03756823626280834,0.029370033235559808,126.43799307908498,0.0012353007983731286,48.722740988081625,2017,48.72038969664044,51.33565621370499
>>>>>>>> devP:features/8/0858c580-1659-4438-9a8b-5fc0a9879e90-o9p5.csv
