RMS,MAV,IEMG,VAR,WL,WAMP,FMN,FMD
<<<<<<<< HEAD:features/8/55bf588f-a437-472b-9a2b-c5ba88ada809-o8p4.csv
0.0680701635697322,0.05210743829842605,273.56405106673674,0.004066718519421591,102.73691427519351,3220,64.09254852254833,64.57142857142857
========
0.0680701635697322,0.05210743829842605,273.56405106673674,0.004066718519421591,102.73691427519351,3220,50.120676502693634,56.19047619047619
>>>>>>>> devP:features/8/5b104de4-e8e2-4929-b9a7-aedd6c6ef3c7-o8p4.csv
