RMS,MAV,IEMG,VAR,WL,WAMP,FMN,FMD
<<<<<<<< HEAD:features/8/191c30a9-e515-4bd9-953b-ec2b8ea7dfaa-o8p6.csv
0.048993902643116594,0.03654400889375465,220.54309367380932,0.0023702544288089333,90.4605529069368,3365,61.81090586020962,61.64043082021541
========
0.048993902643116594,0.03654400889375465,220.54309367380932,0.0023702544288089333,90.4605529069368,3365,60.277525412599964,60.8119304059652
>>>>>>>> devP:features/8/5e092348-a2df-4f57-a356-26b80d9bf57d-o8p6.csv
