RMS,MAV,IEMG,VAR,WL,WAMP,FMN,FMD
0.09140069808137373,0.07883946013057407,340.82298614447166,0.0026656488210286067,68.85442383066399,2570,-0.29579242860009664,0.0
