RMS,MAV,IEMG,VAR,WL,WAMP,FMN,FMD
<<<<<<<< HEAD:features/8/6206abbb-9711-4b63-b6b4-6e8dec8d17f5-o3p3.csv
0.05934627135655358,0.04038740034466262,53.028656652542026,0.003295270915911043,13.413189962139,412,43.185337963963335,41.12718964204113
========
0.05934627135655358,0.04038740034466262,53.028656652542026,0.003295270915911043,13.413189962139,412,37.96190902209067,38.84234577303884
>>>>>>>> devP:features/8/6df685e2-a84d-4544-988d-2e479b8f9fc1-o3p3.csv
