RMS,MAV,IEMG,VAR,WL,WAMP,FMN,FMD
0.05934627135655358,0.04038740034466262,53.028656652542026,0.003295270915911043,13.413189962139,412,43.185337963963335,41.12718964204113
