RMS,MAV,IEMG,VAR,WL,WAMP,FMN,FMD
<<<<<<<< HEAD:features/8/eb5190ce-7194-4b86-aef2-5315fd8f6355-o4p5.csv
0.1894955771550218,0.16988976055380636,1111.5887033035551,0.008576926374078832,200.12606701167584,4729,69.05024576110814,72.29099801314382
========
0.1894955771550218,0.16988976055380636,1111.5887033035551,0.008576926374078832,200.12606701167584,4729,9.364908332845774,0.0
>>>>>>>> devP:features/8/621b5f93-e07e-418e-b0d3-256a2178a43c-o4p5.csv
