RMS,MAV,IEMG,VAR,WL,WAMP,FMN,FMD
0.1894955771550218,0.16988976055380636,1111.5887033035551,0.008576926374078832,200.12606701167584,4729,9.364908332845774,0.0
