RMS,MAV,IEMG,VAR,WL,WAMP,FMN,FMD
0.0868196838144131,0.0686119224090605,404.53589452382073,0.00540936872984622,129.26759159735886,3875,0.07615067501839262,39.009497964721845
