RMS,MAV,IEMG,VAR,WL,WAMP,FMN,FMD
0.08613154723090137,0.07130589938518185,484.30966862415517,0.0036005989438197645,108.68653776718708,3753,-0.8462835665268533,0.0
