RMS,MAV,IEMG,VAR,WL,WAMP,FMN,FMD
0.09249854140243977,0.07822358010468934,488.34981059357557,0.003451827290817445,94.12983320264615,3121,0.30753110420725427,0.0
