RMS,MAV,IEMG,VAR,WL,WAMP,FMN,FMD
0.11848416422158159,0.10745841880018807,641.7416770747232,0.0027047575949493033,80.32484869292097,3120,5.406924978425807,0.0
