RMS,MAV,IEMG,VAR,WL,WAMP,FMN,FMD
0.15605192375683083,0.1436019664049962,976.6369735203791,0.004143094376429431,116.62368184792513,3942,5.128798020306521,0.0
