RMS,MAV,IEMG,VAR,WL,WAMP,FMN,FMD
0.09468740740244228,0.0757739633689887,441.61065851446614,0.006773567907573485,151.6809730011645,4104,63.98282664935528,64.51612903225806
