RMS,MAV,IEMG,VAR,WL,WAMP,FMN,FMD
<<<<<<<< HEAD:features/8/4dc0fe62-6d46-4ee6-b825-e96dd4005d81-o10p2.csv
0.03593810025000168,0.03031054587619266,183.8334607391085,0.000580949839812349,46.076870116141464,1768,64.8344783339017,66.44682605111294
========
0.03593810025000168,0.03031054587619266,183.8334607391085,0.000580949839812349,46.076870116141464,1768,18.81262033271318,0.0
>>>>>>>> devP:features/8/6afc2783-c349-4496-a3c5-cdc7044d6a70-o10p2.csv
