RMS,MAV,IEMG,VAR,WL,WAMP,FMN,FMD
0.03593810025000168,0.03031054587619266,183.8334607391085,0.000580949839812349,46.076870116141464,1768,18.81262033271318,0.0
