RMS,MAV,IEMG,VAR,WL,WAMP,FMN,FMD
0.06474286581591362,0.05004495396112724,315.48338977094613,0.0038401323966600473,127.40584768063178,4107,65.2403481286619,65.51395939086295
