RMS,MAV,IEMG,VAR,WL,WAMP,FMN,FMD
0.05934627135655358,0.04038740034466262,53.028656652542026,0.003295270915911043,13.413189962139,412,37.96190902209067,38.84234577303884
