RMS,MAV,IEMG,VAR,WL,WAMP,FMN,FMD
<<<<<<<< HEAD:features/8/b1b1fd3c-bba8-4c9b-8b69-8de9972ee35d-o2p3.csv
0.07071398199272588,0.05871227666071799,306.5367964456086,0.0024008703302738875,81.44962797865338,2869,66.38647923211636,67.80310285385941
========
0.07071398199272588,0.05871227666071799,306.5367964456086,0.0024008703302738875,81.44962797865338,2869,20.97157665922661,0.0
>>>>>>>> devP:features/8/7502c861-5969-4c3d-94df-bc63cd72656a-o2p3.csv
