RMS,MAV,IEMG,VAR,WL,WAMP,FMN,FMD
0.07071398199272588,0.05871227666071799,306.5367964456086,0.0024008703302738875,81.44962797865338,2869,20.97157665922661,0.0
