RMS,MAV,IEMG,VAR,WL,WAMP,FMN,FMD
0.10804555892887083,0.10364904848950499,526.8481134721538,0.0009618709929340131,49.460443689381314,1809,-0.014878852636504585,0.0
