RMS,MAV,IEMG,VAR,WL,WAMP,FMN,FMD
<<<<<<<< HEAD:features/8/2dd0e8d7-e949-4628-bac1-d28e0d3fae85-o5p4.csv
0.1658148752970873,0.1413009947655371,823.0782945092535,0.010621290224269463,150.98863346729632,4018,50.30797831118014,46.52360515021459
========
0.1658148752970873,0.1413009947655371,823.0782945092535,0.010621290224269463,150.98863346729632,4018,12.043305497488866,0.0
>>>>>>>> devP:features/8/79623db4-f359-4576-84bc-8d6251e39782-o5p4.csv
