RMS,MAV,IEMG,VAR,WL,WAMP,FMN,FMD
0.08475548065920627,0.07513993820216644,433.78286324110684,0.001799492595129371,78.39168160842061,2941,9.40010247628432,0.0
