RMS,MAV,IEMG,VAR,WL,WAMP,FMN,FMD
<<<<<<<< HEAD:features/8/84d72a14-0ad8-4fb8-9fbf-00b0076fea05-o9p2.csv
0.08475548065920627,0.07513993820216644,433.78286324110684,0.001799492595129371,78.39168160842061,2941,65.649449199509,65.30400138576131
========
0.08475548065920627,0.07513993820216644,433.78286324110684,0.001799492595129371,78.39168160842061,2941,9.40010247628432,0.0
>>>>>>>> devP:features/8/7a3a5cd2-6edc-47c2-8647-a653c817c7fd-o9p2.csv
