RMS,MAV,IEMG,VAR,WL,WAMP,FMN,FMD
<<<<<<<< HEAD:features/8/7efa55fc-5d36-466b-9f7b-ab46a1d5355b-o6p6.csv
0.07433096297501093,0.05651468497646327,330.4413630573807,0.005391717109562543,127.35270116001234,3843,60.7492506632524,60.372840773046
========
0.07433096297501093,0.05651468497646327,330.4413630573807,0.005391717109562543,127.35270116001234,3843,57.88542620489369,58.491534120061566
>>>>>>>> devP:features/8/105211cc-5324-4230-8f90-2750e7ca5c7b-o6p6.csv
