RMS,MAV,IEMG,VAR,WL,WAMP,FMN,FMD
<<<<<<<< HEAD:features/8/11d4ff68-f490-41b0-9da4-66ca0d2c3ce5-o1p1.csv
0.055495752431517525,0.0412885541969837,258.92052336928475,0.00306896534459965,108.82768630845034,3786,63.511161465327,63.30728751395312
========
0.055495752431517525,0.0412885541969837,258.92052336928475,0.00306896534459965,108.82768630845034,3786,63.06674270806325,62.669430712804974
>>>>>>>> devP:features/8/8325e042-2002-42cb-b30e-20b67e4bbb2a-o1p1.csv
