RMS,MAV,IEMG,VAR,WL,WAMP,FMN,FMD
0.055495752431517525,0.0412885541969837,258.92052336928475,0.00306896534459965,108.82768630845034,3786,63.06674270806325,62.669430712804974
