RMS,MAV,IEMG,VAR,WL,WAMP,FMN,FMD
0.035278594567653775,0.02681781733492191,153.82700023311207,0.0011625412408628397,61.277275606071115,2496,63.72912984193534,63.80753138075314
