RMS,MAV,IEMG,VAR,WL,WAMP,FMN,FMD
0.035278594567653775,0.02681781733492191,153.82700023311207,0.0011625412408628397,61.277275606071115,2496,55.84711295325453,60.32078103207811
