RMS,MAV,IEMG,VAR,WL,WAMP,FMN,FMD
<<<<<<<< HEAD:features/8/832fc83a-ba6c-4403-a79f-1944e5358e99-o9p3.csv
0.035278594567653775,0.02681781733492191,153.82700023311207,0.0011625412408628397,61.277275606071115,2496,63.72912984193534,63.80753138075314
========
0.035278594567653775,0.02681781733492191,153.82700023311207,0.0011625412408628397,61.277275606071115,2496,55.84711295325453,60.32078103207811
>>>>>>>> devP:features/8/854ab747-849b-4963-9472-bd87ed459582-o9p3.csv
