RMS,MAV,IEMG,VAR,WL,WAMP,FMN,FMD
0.08944263652827637,0.06459943287162057,439.2761435270199,0.004800725958859854,79.9850135130603,2880,42.03297880024945,38.088235294117645
