RMS,MAV,IEMG,VAR,WL,WAMP,FMN,FMD
0.06522805828405072,0.05277547518982803,369.9560810806945,0.0025878308581435694,106.89262829964497,3744,-0.3229297226923643,0.0
