RMS,MAV,IEMG,VAR,WL,WAMP,FMN,FMD
0.05897358319367058,0.04614379586186236,272.6636897477447,0.002390120212997681,83.81304056585435,2977,61.39029740078218,59.06244711457099
