RMS,MAV,IEMG,VAR,WL,WAMP,FMN,FMD
<<<<<<<< HEAD:features/8/70096ad0-13b2-4b97-ad53-0582fb7510ab-o10p4.csv
0.07317477320283729,0.06480347486725704,444.55183758938335,0.0015303956866599428,74.14433525709228,2815,59.65906659756281,57.43440233236151
========
0.07317477320283729,0.06480347486725704,444.55183758938335,0.0015303956866599428,74.14433525709228,2815,9.947158942375957,0.0
>>>>>>>> devP:features/8/899d6267-a8c2-4a4b-8cd2-bf5c9667a3d1-o10p4.csv
