RMS,MAV,IEMG,VAR,WL,WAMP,FMN,FMD
0.06474286581591362,0.05004495396112724,315.48338977094613,0.0038401323966600473,127.40584768063178,4107,-14.402556084372408,0.0
