RMS,MAV,IEMG,VAR,WL,WAMP,FMN,FMD
0.1008861776828656,0.07440766278314312,448.38057593122045,0.01017455271576923,152.02992116543663,4070,50.336800923941276,46.63126452041155
