RMS,MAV,IEMG,VAR,WL,WAMP,FMN,FMD
<<<<<<<< HEAD:features/8/5cec7e99-4576-4702-9b88-4387cc998b4f-o5p5.csv
0.1008861776828656,0.07440766278314312,448.38057593122045,0.01017455271576923,152.02992116543663,4070,50.37111686064777,46.63126452041155
========
0.1008861776828656,0.07440766278314312,448.38057593122045,0.01017455271576923,152.02992116543663,4070,50.336800923941276,46.63126452041155
>>>>>>>> devP:features/8/91b17d04-ed81-4499-944e-18ffec2ee8d0-o5p5.csv
