RMS,MAV,IEMG,VAR,WL,WAMP,FMN,FMD
<<<<<<<< HEAD:features/8/042beac7-8a66-48ff-b7eb-de8accd763a1-o11p6.csv
0.05645052910830972,0.03956440779852967,131.82860678470087,0.0030963690574636504,49.83954044637229,1848,54.54467940324156,53.72148859543818
========
0.05645052910830972,0.03956440779852967,131.82860678470087,0.0030963690574636504,49.83954044637229,1848,51.538833089023996,51.92076830732294
>>>>>>>> devP:features/8/93b63d09-1caa-477b-9edf-58acd82f2861-o11p6.csv
