RMS,MAV,IEMG,VAR,WL,WAMP,FMN,FMD
<<<<<<<< HEAD:features/8/6af845a0-93ee-4421-bda8-cd82629d695b-o6p4.csv
0.09468740740244228,0.0757739633689887,441.61065851446614,0.006773567907573485,151.6809730011645,4104,63.98282664935528,64.51612903225806
========
0.09468740740244228,0.0757739633689887,441.61065851446614,0.006773567907573485,151.6809730011645,4104,38.841920850369966,44.26904598490048
>>>>>>>> devP:features/8/975542f6-fae9-4840-8b33-95b1e4214761-o6p4.csv
