RMS,MAV,IEMG,VAR,WL,WAMP,FMN,FMD
0.09446987315321594,0.07260743941221001,453.4334591292515,0.007756292719916577,151.49438094046752,4206,3.430151381462052,46.75740592473979
