RMS,MAV,IEMG,VAR,WL,WAMP,FMN,FMD
0.09505363474601962,0.07581507240041253,501.5925190011293,0.005464115246160034,136.45633612956627,4083,59.83175301561092,57.43651753325271
