RMS,MAV,IEMG,VAR,WL,WAMP,FMN,FMD
0.05802952806619313,0.044935127271009706,288.2588414435273,0.002675959996661759,99.96872675778131,3475,0.6111682802403058,44.27123928293063
