RMS,MAV,IEMG,VAR,WL,WAMP,FMN,FMD
0.06775880343315062,0.051405199932042935,291.1590524150912,0.0045624065945435435,102.42305876513191,3494,89.87146468981659,34.42796610169492
