RMS,MAV,IEMG,VAR,WL,WAMP,FMN,FMD
0.09277112753373089,0.0682663301354048,423.11471417923894,0.007952258388289857,140.11938156101286,3985,0.9075473081673588,0.0
