RMS,MAV,IEMG,VAR,WL,WAMP,FMN,FMD
0.1270388638807004,0.11532722189726695,665.0920886815385,0.0033874021519993227,96.91787016829491,3252,0.13438614987306594,0.0
