RMS,MAV,IEMG,VAR,WL,WAMP,FMN,FMD
<<<<<<<< HEAD:features/8/a4cf3577-f298-4e61-9d35-e3805c6efbf1-o1p6.csv
0.13233990885197566,0.10053116013612012,652.4472292834196,0.015238299418691027,246.48740662013077,4673,66.78496715834773,68.25885978428352
========
0.13233990885197566,0.10053116013612012,652.4472292834196,0.015238299418691027,246.48740662013077,4673,51.42597274639134,60.55469953775038
>>>>>>>> devP:features/8/b243636d-19b4-498c-a24f-c29ef88d9d74-o1p6.csv
