RMS,MAV,IEMG,VAR,WL,WAMP,FMN,FMD
0.08944263652827637,0.06459943287162057,439.2761435270199,0.004800725958859854,79.9850135130603,2880,0.5400481526913343,0.0
