RMS,MAV,IEMG,VAR,WL,WAMP,FMN,FMD
<<<<<<<< HEAD:features/8/26f47da2-7b62-44b4-b5dd-5bf0bb3a8666-o3p5.csv
0.07574963548102032,0.062050407345151125,391.10371749648755,0.0037247561679756777,96.73888850462689,3429,51.11146059360507,49.02427415516421
========
0.07574963548102032,0.062050407345151125,391.10371749648755,0.0037247561679756777,96.73888850462689,3429,24.560880142616302,0.0
>>>>>>>> devP:features/8/a709247a-dda7-4283-8b7a-9218c61f55eb-o3p5.csv
