RMS,MAV,IEMG,VAR,WL,WAMP,FMN,FMD
0.05005067671050927,0.037204492141155454,212.2144231731507,0.0020807837243381096,77.32469586771214,2871,1.4430392681169042,49.96493688639551
