RMS,MAV,IEMG,VAR,WL,WAMP,FMN,FMD
<<<<<<<< HEAD:features/8/06610587-c5ad-4333-8f02-dd0b2453526b-o11p2.csv
0.08613154723090137,0.07130589938518185,484.30966862415517,0.0036005989438197645,108.68653776718708,3753,55.573057410832064,51.97290930506478
========
0.08613154723090137,0.07130589938518185,484.30966862415517,0.0036005989438197645,108.68653776718708,3753,17.80740862801997,0.0
>>>>>>>> devP:features/8/aabd1552-a679-47ed-b178-696ec21d7ca5-o11p2.csv
