RMS,MAV,IEMG,VAR,WL,WAMP,FMN,FMD
0.10799775870402549,0.0859953957150186,499.71924449997306,0.008534319853975634,161.93363528114907,4158,61.787753901055275,59.370160041300984
