RMS,MAV,IEMG,VAR,WL,WAMP,FMN,FMD
0.09137648255345181,0.06219229684770323,404.5608909943095,0.00833982941663818,130.07135802579157,4048,44.63582650513733,42.5826287471176
