RMS,MAV,IEMG,VAR,WL,WAMP,FMN,FMD
<<<<<<<< HEAD:features/8/cdd6a34a-6951-419c-8b54-2f19cb69e2d6-o3p2.csv
0.09137648255345181,0.06219229684770323,404.5608909943095,0.00833982941663818,130.07135802579157,4048,44.74107230689319,42.5826287471176
========
0.09137648255345181,0.06219229684770323,404.5608909943095,0.00833982941663818,130.07135802579157,4048,44.63582650513733,42.5826287471176
>>>>>>>> devP:features/8/ab13f498-0fc8-4b9e-9341-a181d4de2bbc-o3p2.csv
