RMS,MAV,IEMG,VAR,WL,WAMP,FMN,FMD
<<<<<<<< HEAD:features/8/ae28ff64-1ae4-4296-b086-b669cad838c7-o1p5.csv
0.09547088592297168,0.07737322591982847,498.67044105329444,0.005463364132579133,149.69398995521345,4218,66.80656000939601,69.66640806826997
========
0.09547088592297168,0.07737322591982847,498.67044105329444,0.005463364132579133,149.69398995521345,4218,28.590639726434492,0.0
>>>>>>>> devP:features/8/c87db89b-7f73-4f6f-99b4-5e9e0f597327-o1p5.csv
