RMS,MAV,IEMG,VAR,WL,WAMP,FMN,FMD
0.09547088592297168,0.07737322591982847,498.67044105329444,0.005463364132579133,149.69398995521345,4218,66.80656000939601,69.66640806826997
