RMS,MAV,IEMG,VAR,WL,WAMP,FMN,FMD
0.13233990885197566,0.10053116013612012,652.4472292834196,0.015238299418691027,246.48740662013077,4673,51.42597274639134,60.55469953775038
