RMS,MAV,IEMG,VAR,WL,WAMP,FMN,FMD
<<<<<<<< HEAD:features/8/6c75a1ed-e533-48e9-a866-4e6837ee64ca-o1p2.csv
0.06474286581591362,0.05004495396112724,315.48338977094613,0.0038401323966600473,127.40584768063178,4107,65.2403481286619,65.51395939086295
========
0.06474286581591362,0.05004495396112724,315.48338977094613,0.0038401323966600473,127.40584768063178,4107,55.14496626646302,59.32741116751269
>>>>>>>> devP:features/8/bcb1f534-bc63-4357-a457-9cf82fd88090-o1p2.csv
