RMS,MAV,IEMG,VAR,WL,WAMP,FMN,FMD
0.06775880343315062,0.051405199932042935,291.1590524150912,0.0045624065945435435,102.42305876513191,3494,52.88131093602781,49.43502824858757
