RMS,MAV,IEMG,VAR,WL,WAMP,FMN,FMD
0.12278183663618068,0.10555204428877962,697.2768045716782,0.00551724921899507,117.56351199803757,3898,-0.5550541401449753,0.0
