RMS,MAV,IEMG,VAR,WL,WAMP,FMN,FMD
<<<<<<<< HEAD:features/8/6f3c475c-43d6-4f61-bad3-f1cff5ac80d7-o11p1.csv
0.06522805828405072,0.05277547518982803,369.9560810806945,0.0025878308581435694,106.89262829964497,3744,61.04043359072733,60.770328102710415
========
0.06522805828405072,0.05277547518982803,369.9560810806945,0.0025878308581435694,106.89262829964497,3744,26.675758348047143,0.0
>>>>>>>> devP:features/8/bf3953ee-1ac4-4dc4-9ba8-957286dad556-o11p1.csv
