RMS,MAV,IEMG,VAR,WL,WAMP,FMN,FMD
0.07445252842393879,0.06696436324688775,473.9067986982246,0.0013328953525770534,68.05069986913463,2627,0.4740790001046242,0.0
