RMS,MAV,IEMG,VAR,WL,WAMP,FMN,FMD
0.12583066810801305,0.09812565474893636,641.447405093797,0.014031592085847339,253.94107082709968,5130,66.97864388524367,68.83891693437356
