RMS,MAV,IEMG,VAR,WL,WAMP,FMN,FMD
<<<<<<<< HEAD:features/8/34d315f2-e64b-40ce-80b5-25f42551880c-o5p6.csv
0.09277112753373089,0.0682663301354048,423.11471417923894,0.007952258388289857,140.11938156101286,3985,52.343685479586746,46.95062923523717
========
0.09277112753373089,0.0682663301354048,423.11471417923894,0.007952258388289857,140.11938156101286,3985,44.94803322338696,43.88512423362375
>>>>>>>> devP:features/8/c489aa6d-0df1-4caf-95b1-f5b47582ade6-o5p6.csv
