RMS,MAV,IEMG,VAR,WL,WAMP,FMN,FMD
0.0473788047192624,0.03494054697348347,237.8053627015285,0.002237289177296366,87.26279868350107,3347,55.13543650243547,53.335292389068464
