RMS,MAV,IEMG,VAR,WL,WAMP,FMN,FMD
<<<<<<<< HEAD:features/8/c571c424-db6e-4956-8222-bbe7734799f6-o8p1.csv
0.0473788047192624,0.03494054697348347,237.8053627015285,0.002237289177296366,87.26279868350107,3347,55.13543650243547,53.335292389068464
========
0.0473788047192624,0.03494054697348347,237.8053627015285,0.002237289177296366,87.26279868350107,3347,54.77009062628063,52.89450484866294
>>>>>>>> devP:features/8/4368babb-a379-45b2-bc64-7a7530d1a4fe-o8p1.csv
