RMS,MAV,IEMG,VAR,WL,WAMP,FMN,FMD
0.10559610143763837,0.09970663350080416,610.9025434594271,0.0012420464355438786,70.57696833234048,2778,0.1586690845937925,0.0
