RMS,MAV,IEMG,VAR,WL,WAMP,FMN,FMD
0.1270388638807004,0.11532722189726695,665.0920886815385,0.0033874021519993227,96.91787016829491,3252,60.69292885227469,60.86353389977457
