RMS,MAV,IEMG,VAR,WL,WAMP,FMN,FMD
0.10799775870402549,0.0859953957150186,499.71924449997306,0.008534319853975634,161.93363528114907,4158,35.64704415506737,40.4405437962485
