RMS,MAV,IEMG,VAR,WL,WAMP,FMN,FMD
<<<<<<<< HEAD:features/8/aaf2bbfc-7fd2-4b99-aa34-1d0a1717e26f-o6p5.csv
0.10799775870402549,0.0859953957150186,499.71924449997306,0.008534319853975634,161.93363528114907,4158,61.787753901055275,59.370160041300984
========
0.10799775870402549,0.0859953957150186,499.71924449997306,0.008534319853975634,161.93363528114907,4158,35.64704415506737,40.4405437962485
>>>>>>>> devP:features/8/cc5441b2-98f9-4aca-91a2-4f5746767039-o6p5.csv
