RMS,MAV,IEMG,VAR,WL,WAMP,FMN,FMD
<<<<<<<< HEAD:features/8/ef63b163-80b4-46e8-8477-e4b91324e324-o3p4.csv
0.07731597930240418,0.06174419939367982,399.05276068135265,0.0042173644697222745,101.90931130020138,3535,50.81412648184787,48.89370261488473
========
0.07731597930240418,0.06174419939367982,399.05276068135265,0.0042173644697222745,101.90931130020138,3535,27.694151977113293,27.8508432616432
>>>>>>>> devP:features/8/cd8f26c4-8dc2-40b6-9792-b309a570f939-o3p4.csv
