RMS,MAV,IEMG,VAR,WL,WAMP,FMN,FMD
0.07731597930240418,0.06174419939367982,399.05276068135265,0.0042173644697222745,101.90931130020138,3535,27.694151977113293,27.8508432616432
