RMS,MAV,IEMG,VAR,WL,WAMP,FMN,FMD
<<<<<<<< HEAD:features/8/cf27cbef-0904-47b8-ae77-31c21338079f-o8p2.csv
0.15605192375683083,0.1436019664049962,976.6369735203791,0.004143094376429431,116.62368184792513,3942,55.16310880965895,51.16894574327304
========
0.15605192375683083,0.1436019664049962,976.6369735203791,0.004143094376429431,116.62368184792513,3942,5.128798020306521,0.0
>>>>>>>> devP:features/8/6ae67645-863b-4328-88fd-180f0b88ad17-o8p2.csv
