RMS,MAV,IEMG,VAR,WL,WAMP,FMN,FMD
0.15605192375683083,0.1436019664049962,976.6369735203791,0.004143094376429431,116.62368184792513,3942,55.16310880965895,51.16894574327304
