RMS,MAV,IEMG,VAR,WL,WAMP,FMN,FMD
0.12447270422964835,0.09795025671002762,792.8093778109635,0.01116291762779784,220.03390357441702,5736,51.44309470766986,47.689646651840874
