RMS,MAV,IEMG,VAR,WL,WAMP,FMN,FMD
<<<<<<<< HEAD:features/8/cfd891df-fece-4cba-a198-63085d21f540-o7p6.csv
0.12447270422964835,0.09795025671002762,792.8093778109635,0.01116291762779784,220.03390357441702,5736,51.44309470766986,47.689646651840874
========
0.12447270422964835,0.09795025671002762,792.8093778109635,0.01116291762779784,220.03390357441702,5736,28.96768074073223,30.145787002718066
>>>>>>>> devP:features/8/a32677f2-33ed-4f51-bc4a-e1893f34f8b3-o7p6.csv
