RMS,MAV,IEMG,VAR,WL,WAMP,FMN,FMD
<<<<<<<< HEAD:features/8/9cbe926e-139f-4329-8dbd-4fe943800875-o7p4.csv
0.09505363474601962,0.07581507240041253,501.5925190011293,0.005464115246160034,136.45633612956627,4083,59.83175301561092,57.43651753325271
========
0.09505363474601962,0.07581507240041253,501.5925190011293,0.005464115246160034,136.45633612956627,4083,25.93372583741968,0.0
>>>>>>>> devP:features/8/cfec1450-d0d9-4061-a70f-d8e081c80303-o7p4.csv
