RMS,MAV,IEMG,VAR,WL,WAMP,FMN,FMD
<<<<<<<< HEAD:features/8/56484a6e-ca21-4372-8709-47ea7f7de78a-o8p5.csv
0.0478963144338459,0.03590558090499666,221.6810565074494,0.0022333608669232357,92.35551781932142,3303,65.59060075403146,65.27372853903465
========
0.0478963144338459,0.03590558090499666,221.6810565074494,0.0022333608669232357,92.35551781932142,3303,62.20927664595524,62.84418529316488
>>>>>>>> devP:features/8/d01a6771-e988-44b3-bed7-b042b4c0f8e0-o8p5.csv
