RMS,MAV,IEMG,VAR,WL,WAMP,FMN,FMD
<<<<<<<< HEAD:features/8/02bd63fd-ca42-4f5e-b3e6-4b19a498271a-o8p3.csv
0.09947431234918232,0.08127445081182981,523.3261887773722,0.0048272858502225015,118.04904456922095,3908,53.919540162199404,50.78428327380028
========
0.09947431234918232,0.08127445081182981,523.3261887773722,0.0048272858502225015,118.04904456922095,3908,17.395253370770497,0.0
>>>>>>>> devP:features/8/d9b20b68-10c6-4194-a79f-6d8cea734bc9-o8p3.csv
