RMS,MAV,IEMG,VAR,WL,WAMP,FMN,FMD
<<<<<<<< HEAD:features/8/9a68d715-8cad-455c-a8bb-2e7bca94ace5-o11p3.csv
0.05802952806619313,0.044935127271009706,288.2588414435273,0.002675959996661759,99.96872675778131,3475,62.09653999177658,63.60093530787217
========
0.05802952806619313,0.044935127271009706,288.2588414435273,0.002675959996661759,99.96872675778131,3475,40.939213550389915,44.27123928293063
>>>>>>>> devP:features/8/dd375d56-02b2-45d3-a071-45bf539290e8-o11p3.csv
