RMS,MAV,IEMG,VAR,WL,WAMP,FMN,FMD
<<<<<<<< HEAD:features/8/8c476546-0fcd-483e-aa90-0580cd8a5b35-o10p3.csv
0.10804555892887083,0.10364904848950499,526.8481134721538,0.0009618709929340131,49.460443689381314,1809,65.90428787028792,69.05370843989769
========
0.10804555892887083,0.10364904848950499,526.8481134721538,0.0009618709929340131,49.460443689381314,1809,2.831767523363288,0.0
>>>>>>>> devP:features/8/ddcea00b-e3b9-4751-851f-9d76fb278cea-o10p3.csv
