RMS,MAV,IEMG,VAR,WL,WAMP,FMN,FMD
<<<<<<<< HEAD:features/8/df2b76fe-94f8-4719-ba98-1c4151a49a50-o7p1.csv
0.11848416422158159,0.10745841880018807,641.7416770747232,0.0027047575949493033,80.32484869292097,3120,50.72017502383328,47.38780977896852
========
0.11848416422158159,0.10745841880018807,641.7416770747232,0.0027047575949493033,80.32484869292097,3120,5.406924978425807,0.0
>>>>>>>> devP:features/8/68915c22-a7a4-472f-be0d-b782e6515385-o7p1.csv
