RMS,MAV,IEMG,VAR,WL,WAMP,FMN,FMD
<<<<<<<< HEAD:features/8/e331bc1b-06fe-4dea-8ad2-ef7f61390b97-o9p6.csv
0.12684649387422553,0.12568281623176203,667.1243885581928,0.0002938627122370721,27.704691401323135,681,60.41516703290708,59.15599095704597
========
0.12684649387422553,0.12568281623176203,667.1243885581928,0.0002938627122370721,27.704691401323135,681,0.556785162708362,0.0
>>>>>>>> devP:features/8/ff212669-5a64-432b-a643-32a3a6d13857-o9p6.csv
