RMS,MAV,IEMG,VAR,WL,WAMP,FMN,FMD
0.07149630531861655,0.05789255751103622,312.90927334715076,0.003435743178451238,101.0464948965024,3441,-0.6495948503430453,20.351526364477333
