RMS,MAV,IEMG,VAR,WL,WAMP,FMN,FMD
0.13419916826303702,0.12898087440497621,830.120907670427,0.0013978834120944696,81.79004937538664,3307,0.09986513757162652,0.0
