RMS,MAV,IEMG,VAR,WL,WAMP,FMN,FMD
<<<<<<<< HEAD:features/8/0fd1c569-0cf6-4ca8-b9fe-4f5aa78e78c4-o10p5.csv
0.07445252842393879,0.06696436324688775,473.9067986982246,0.0013328953525770534,68.05069986913463,2627,57.304461477975835,56.37982195845698
========
0.07445252842393879,0.06696436324688775,473.9067986982246,0.0013328953525770534,68.05069986913463,2627,7.8311522096019255,0.0
>>>>>>>> devP:features/8/f4db3051-d990-4870-b232-63e16cde7834-o10p5.csv
