RMS,MAV,IEMG,VAR,WL,WAMP,FMN,FMD
<<<<<<<< HEAD:features/8/8633b16f-777b-42a5-93c6-2428a075aa4a-o9p1.csv
0.05005067671050927,0.037204492141155454,212.2144231731507,0.0020807837243381096,77.32469586771214,2871,63.150520898681876,62.0617110799439
========
0.05005067671050927,0.037204492141155454,212.2144231731507,0.0020807837243381096,77.32469586771214,2871,44.85714361762556,49.96493688639551
>>>>>>>> devP:features/8/f69108f7-32c4-48b6-9c6f-0289776d0a9d-o9p1.csv
