RMS,MAV,IEMG,VAR,WL,WAMP,FMN,FMD
<<<<<<<< HEAD:features/8/875693df-1881-46b4-829b-37f10917efd4-o7p3.csv
0.08944263652827637,0.06459943287162057,439.2761435270199,0.004800725958859854,79.9850135130603,2880,42.03297880024945,38.088235294117645
========
0.08944263652827637,0.06459943287162057,439.2761435270199,0.004800725958859854,79.9850135130603,2880,18.018074273237183,0.0
>>>>>>>> devP:features/8/f81cce1a-b1ba-4e5b-aa28-0c450ef69afd-o7p3.csv
