RMS,MAV,IEMG,VAR,WL,WAMP,FMN,FMD
<<<<<<<< HEAD:features/8/1c5c3ac2-f43c-4064-ae79-5b70b11e3bc0-o11p5.csv
0.07149630531861655,0.05789255751103622,312.90927334715076,0.003435743178451238,101.0464948965024,3441,63.19782513862789,63.08973172987974
========
0.07149630531861655,0.05789255751103622,312.90927334715076,0.003435743178451238,101.0464948965024,3441,31.98896403431044,20.351526364477333
>>>>>>>> devP:features/8/fbe203d8-5d13-4f70-a031-99cfd381b6cd-o11p5.csv
