RMS,MAV,IEMG,VAR,WL,WAMP,FMN,FMD
0.14071945949954562,0.13104115369698005,846.1327294214002,0.002754895031580048,99.92603032647338,3448,60.74337887282082,62.2580145578442
