RMS,MAV,IEMG,VAR,WL,WAMP,FMN,FMD
<<<<<<<< HEAD:features/8/fcbc281f-20d3-4d7d-a719-68cfb297dc73-o1p4.csv
0.14071945949954562,0.13104115369698005,846.1327294214002,0.002754895031580048,99.92603032647338,3448,60.74337887282082,62.2580145578442
========
0.14071945949954562,0.13104115369698005,846.1327294214002,0.002754895031580048,99.92603032647338,3448,4.541275535685435,0.0
>>>>>>>> devP:features/8/f8604619-aeb0-4c38-8abb-e0fc1c425951-o1p4.csv
