RMS,MAV,IEMG,VAR,WL,WAMP,FMN,FMD
0.12684649387422553,0.12568281623176203,667.1243885581928,0.0002938627122370721,27.704691401323135,681,0.556785162708362,0.0
