RMS,MAV,IEMG,VAR,WL,WAMP,FMN,FMD
<<<<<<<< HEAD:features/8/f39046fb-7639-48bf-8d13-3e5b63a86929-o5p3.csv
0.11198434055416177,0.08331607239515021,511.4773684338271,0.012006616219902346,176.3310397502188,4144,56.56199626706343,52.4515393386545
========
0.11198434055416177,0.08331607239515021,511.4773684338271,0.012006616219902346,176.3310397502188,4144,51.94271250745764,50.171037628278214
>>>>>>>> devP:features/8/ff3d5755-6645-49f8-ae4e-ea8a6c2a6e59-o5p3.csv
