RMS,MAV,IEMG,VAR,WL,WAMP,FMN,FMD
0.11198434055416177,0.08331607239515021,511.4773684338271,0.012006616219902346,176.3310397502188,4144,51.94271250745764,50.171037628278214
