{"window_size": 500, "threshold": 0.004, "cutoff": 100, "segments": [[10.261, 15.613], [25.359, 31.391000000000002], [40.299, 46.487], [55.524, 60.483], [70.259, 76.85100000000001], [85.58600000000001, 93.43700000000001], [100.93900000000001, 107.558], [115.44300000000001, 121.745], [130.53300000000002, 137.454], [145.85, 151.178], [160.57500000000002, 166.317], [175.485, 181.625], [190.517, 196.223], [206.797, 212.312], [220.803, 226.401], [235.59400000000002, 243.12800000000001], [250.63000000000002, 256.681], [264.183, 271.626]]}