RMS,MAV,IEMG,VAR,WL,WAMP,FMN,FMD
0.08394541575618572,0.06556973931372705,410.33542862530385,0.004915426884364709,117.09682981247403,3811,30.42019056273976,33.71684244167466
