RMS,MAV,IEMG,VAR,WL,WAMP,FMN,FMD
<<<<<<<< HEAD:features/5/7216764f-16f2-4e97-b222-5c8a6bef73ff-o6p3.csv
0.08394541575618572,0.06556973931372705,410.33542862530385,0.004915426884364709,117.09682981247403,3811,56.80153088512162,54.010866091403
========
0.08394541575618572,0.06556973931372705,410.33542862530385,0.004915426884364709,117.09682981247403,3811,30.42019056273976,33.71684244167466
>>>>>>>> devP:features/5/02da92de-88f7-49ec-a593-7c671b212420-o6p3.csv
