RMS,MAV,IEMG,VAR,WL,WAMP,FMN,FMD
<<<<<<<< HEAD:features/5/c1adcfd9-87fa-40a6-b2f0-5d7a936f12bb-o9p5.csv
0.1303738958241341,0.0844456340999672,528.5452238316948,0.01681960087983352,189.70323201035472,4113,54.36515857473239,52.883847259945675
========
0.1303738958241341,0.0844456340999672,528.5452238316948,0.01681960087983352,189.70323201035472,4113,53.239866261417845,51.44591787825531
>>>>>>>> devP:features/5/02fe8aab-d952-4d92-8ea0-0c98c2aa0e47-o9p5.csv
