RMS,MAV,IEMG,VAR,WL,WAMP,FMN,FMD
0.08114511135515737,0.05217309840320351,382.27229200027216,0.005782055913489258,128.1189653697327,3992,3.604677438004752,0.0
