RMS,MAV,IEMG,VAR,WL,WAMP,FMN,FMD
0.12430765335309045,0.0815600823509166,524.3497694340427,0.014755897822831009,180.90235987453468,4283,48.98824197717498,47.13019132057863
