RMS,MAV,IEMG,VAR,WL,WAMP,FMN,FMD
<<<<<<<< HEAD:features/5/4ca5755d-fb7b-4f77-8936-5e9dfdfb8bba-o11p3.csv
0.12430765335309045,0.0815600823509166,524.3497694340427,0.014755897822831009,180.90235987453468,4283,53.61284145786372,48.8411883652201
========
0.12430765335309045,0.0815600823509166,524.3497694340427,0.014755897822831009,180.90235987453468,4283,48.98824197717498,47.13019132057863
>>>>>>>> devP:features/5/0a42fbee-ea67-4fd6-9835-c925d8fe0001-o11p3.csv
