RMS,MAV,IEMG,VAR,WL,WAMP,FMN,FMD
0.04434650874381666,0.03729764147542796,236.4670469542133,0.0008895752730214598,47.22457892684211,1563,-0.5569288262817785,0.0
