RMS,MAV,IEMG,VAR,WL,WAMP,FMN,FMD
<<<<<<<< HEAD:features/5/9cef9753-208c-48cd-9043-ac8b43ea3791-o4p5.csv
0.1761172552004674,0.16787184161790616,1077.065735820486,0.0037072678021296975,94.67253005819244,3064,59.25885496662959,60.94139650872817
========
0.1761172552004674,0.16787184161790616,1077.065735820486,0.0037072678021296975,94.67253005819244,3064,3.766476769355373,0.0
>>>>>>>> devP:features/5/11de81ea-18cf-4d5f-8d98-1a65927155f3-o4p5.csv
