RMS,MAV,IEMG,VAR,WL,WAMP,FMN,FMD
0.10423857136465048,0.08353841739012018,596.8819922524086,0.006654284429449599,171.50089597249297,4384,0.7341979336477233,0.0
