RMS,MAV,IEMG,VAR,WL,WAMP,FMN,FMD
<<<<<<<< HEAD:features/5/134b4c4f-9538-4c46-b8d6-2a7c30ec53d8-o11p6.csv
0.07365182320839928,0.04992864155275455,255.1852869761285,0.005336485367585355,97.54605217780951,3188,54.87530889380547,51.4576403834866
========
0.07365182320839928,0.04992864155275455,255.1852869761285,0.005336485367585355,97.54605217780951,3188,53.12123918681478,49.8923889649775
>>>>>>>> devP:features/5/15002516-2f4b-40bf-b4e2-0d6ca9c5dbf3-o11p6.csv
