RMS,MAV,IEMG,VAR,WL,WAMP,FMN,FMD
<<<<<<<< HEAD:features/5/b5999a16-17dd-4456-8342-5a505e107101-o6p6.csv
0.042299350830084355,0.029372648897899277,159.22912967551198,0.0016542830023898417,59.6388946056246,2197,59.40764568863363,56.816085593064
========
0.042299350830084355,0.029372648897899277,159.22912967551198,0.0016542830023898417,59.6388946056246,2197,51.07458389376195,52.01992252351964
>>>>>>>> devP:features/5/13d13b74-3690-4e35-a7f9-b75a23e8a666-o6p6.csv
