RMS,MAV,IEMG,VAR,WL,WAMP,FMN,FMD
0.0806305855916599,0.05395706105828274,254.62337113403626,0.00647099880314703,104.9558853438839,3066,80.87987654071203,32.84594193685103
