RMS,MAV,IEMG,VAR,WL,WAMP,FMN,FMD
0.17930340292180855,0.13426859751376619,965.9282905140338,0.028947587005725767,325.33153243493183,5218,12.817515446595449,0.0
