RMS,MAV,IEMG,VAR,WL,WAMP,FMN,FMD
0.17659053372582642,0.12165163734455124,822.6083717238555,0.03117485220714688,317.9708045864958,5021,58.47297547317249,60.337178349600705
