RMS,MAV,IEMG,VAR,WL,WAMP,FMN,FMD
0.16262008001445558,0.1262245494985454,878.1441908613804,0.021357971866783985,280.0091613938742,5179,59.39028017864141,59.07718844329453
