RMS,MAV,IEMG,VAR,WL,WAMP,FMN,FMD
0.24546815704493266,0.18332495834328524,1239.2767184006082,0.058214223652410496,450.896395453478,5365,-27.124913854725257,56.80473372781066
