RMS,MAV,IEMG,VAR,WL,WAMP,FMN,FMD
0.07780109439478416,0.06666803405681278,457.5427177319061,0.0023944952266798966,100.54150187429568,3609,61.44414417464255,63.52906892029724
