RMS,MAV,IEMG,VAR,WL,WAMP,FMN,FMD
<<<<<<<< HEAD:features/5/6c9edf7a-4fad-438d-9611-fcc772068baa-o11p2.csv
0.1403321781419005,0.1084156222136393,742.7554277856428,0.015857687605884567,229.68283173810943,4926,57.184913642833884,55.75828346226829
========
0.1403321781419005,0.1084156222136393,742.7554277856428,0.015857687605884567,229.68283173810943,4926,38.54127801879368,42.183622828784124
>>>>>>>> devP:features/5/1ecb1ff2-eb2a-4673-8092-4d371be5b073-o11p2.csv
