RMS,MAV,IEMG,VAR,WL,WAMP,FMN,FMD
0.08840279399708807,0.06516562204157347,418.16779664077694,0.0074723745135071105,168.3117870275831,4421,31.761771996159922,60.77606358111267
