RMS,MAV,IEMG,VAR,WL,WAMP,FMN,FMD
0.1653619921354916,0.11406461853300327,790.9240649078447,0.02691767803995575,282.8038630384683,5080,54.7561565978133,49.89904816844535
