RMS,MAV,IEMG,VAR,WL,WAMP,FMN,FMD
<<<<<<<< HEAD:features/5/260b3bbe-0bb6-4429-97b8-ac584b819508-o8p6.csv
0.15560061028529557,0.11316060881743503,722.5304872993227,0.02418158857332993,300.7706557715122,5056,64.67002054310451,64.99608457321848
========
0.15560061028529557,0.11316060881743503,722.5304872993227,0.02418158857332993,300.7706557715122,5056,64.51016244202006,64.83946750195771
>>>>>>>> devP:features/5/f2aeed6d-edb2-4157-97a1-61c33fd3004f-o8p6.csv
