RMS,MAV,IEMG,VAR,WL,WAMP,FMN,FMD
0.17754351333565283,0.1376448745286337,931.4428659352642,0.023714034370553506,287.17551316993774,5400,5.02150693397905,40.34284025417467
