RMS,MAV,IEMG,VAR,WL,WAMP,FMN,FMD
0.11371223617560444,0.07686340761631322,551.9561300927452,0.012923814924279216,223.3638193967355,4830,62.259714941417535,62.94387968249547
