RMS,MAV,IEMG,VAR,WL,WAMP,FMN,FMD
<<<<<<<< HEAD:features/5/b59cb48a-177c-45fd-895f-78d9ce6f9135-o8p1.csv
0.11371223617560444,0.07686340761631322,551.9561300927452,0.012923814924279216,223.3638193967355,4830,62.32386140049872,62.94387968249547
========
0.11371223617560444,0.07686340761631322,551.9561300927452,0.012923814924279216,223.3638193967355,4830,62.259714941417535,62.94387968249547
>>>>>>>> devP:features/5/2b4793eb-1290-4396-b1af-9df664369864-o8p1.csv
