RMS,MAV,IEMG,VAR,WL,WAMP,FMN,FMD
<<<<<<<< HEAD:features/5/4d72d18e-bba8-4e63-bd55-2cbcdf8ebf00-o1p2.csv
0.08840279399708807,0.06516562204157347,418.16779664077694,0.0074723745135071105,168.3117870275831,4421,62.55176946704178,64.04862085086489
========
0.08840279399708807,0.06516562204157347,418.16779664077694,0.0074723745135071105,168.3117870275831,4421,57.29658247136636,60.77606358111267
>>>>>>>> devP:features/5/2e3a465b-fbbe-48aa-8100-8dfe36a3301c-o1p2.csv
