RMS,MAV,IEMG,VAR,WL,WAMP,FMN,FMD
0.21085929969438927,0.1520423326319584,984.9302307898265,0.04389810917069041,399.9582563547067,5043,45.60961162187922,26.55140475455387
