RMS,MAV,IEMG,VAR,WL,WAMP,FMN,FMD
<<<<<<<< HEAD:features/5/907f7a7f-2848-498b-b2b4-ba30d7b3a0c8-o10p4.csv
0.11842751393388314,0.09196002177446623,720.0469704940706,0.010207586794943393,231.27036931048355,4694,68.91517539679356,70.11494252873564
========
0.11842751393388314,0.09196002177446623,720.0469704940706,0.010207586794943393,231.27036931048355,4694,39.42581248243515,46.487867177522354
>>>>>>>> devP:features/5/31ab006d-ba0c-4787-8b47-42f43db9378f-o10p4.csv
