RMS,MAV,IEMG,VAR,WL,WAMP,FMN,FMD
0.19648770146874484,0.16577502363402688,1109.86378322981,0.018397208479839725,250.58637909304508,4942,60.084616652244705,60.34353995519044
