RMS,MAV,IEMG,VAR,WL,WAMP,FMN,FMD
<<<<<<<< HEAD:features/5/4057d01b-dd52-49ce-9a7d-d6c136f926b0-o3p2.csv
0.17659053372582642,0.12165163734455124,822.6083717238555,0.03117485220714688,317.9708045864958,5021,59.86916560770315,60.337178349600705
========
0.17659053372582642,0.12165163734455124,822.6083717238555,0.03117485220714688,317.9708045864958,5021,59.833219848676706,60.337178349600705
>>>>>>>> devP:features/5/358e47d5-078d-447b-a7d0-75020f6ce83f-o3p2.csv
