RMS,MAV,IEMG,VAR,WL,WAMP,FMN,FMD
0.17397974448249512,0.13557735885186722,1291.3743430640352,0.02070262906014854,285.22229349375135,5071,-0.1977381658880283,0.0
