RMS,MAV,IEMG,VAR,WL,WAMP,FMN,FMD
<<<<<<<< HEAD:features/5/cb07c498-c44c-44db-bc67-2d4b3a2580be-o7p6.csv
0.21389371085533787,0.15709511672414053,1174.6001877463987,0.041423342207557765,424.95413762052954,5827,62.121497887419835,65.26681824261068
========
0.21389371085533787,0.15709511672414053,1174.6001877463987,0.041423342207557765,424.95413762052954,5827,51.38575105870029,58.31215728233249
>>>>>>>> devP:features/5/36d11ac3-c808-4b1f-81f4-7c6debe3fb1b-o7p6.csv
