RMS,MAV,IEMG,VAR,WL,WAMP,FMN,FMD
0.21389371085533787,0.15709511672414053,1174.6001877463987,0.041423342207557765,424.95413762052954,5827,51.38575105870029,58.31215728233249
