RMS,MAV,IEMG,VAR,WL,WAMP,FMN,FMD
0.1500754120656689,0.10707044911063726,703.2387097586655,0.02133758571216438,259.01917023706596,4906,57.54676917828006,58.00852618757612
