RMS,MAV,IEMG,VAR,WL,WAMP,FMN,FMD
<<<<<<<< HEAD:features/5/38198a20-a492-456b-8eac-3844be31d392-o7p5.csv
0.1500754120656689,0.10707044911063726,703.2387097586655,0.02133758571216438,259.01917023706596,4906,57.54676917828006,58.00852618757612
========
0.1500754120656689,0.10707044911063726,703.2387097586655,0.02133758571216438,259.01917023706596,4906,51.79374315404051,57.09500609013398
>>>>>>>> devP:features/5/bd01a36d-ea26-4b34-8a23-d19387ccf277-o7p5.csv
