RMS,MAV,IEMG,VAR,WL,WAMP,FMN,FMD
0.07365182320839928,0.04992864155275455,255.1852869761285,0.005336485367585355,97.54605217780951,3188,33.56768039535548,49.8923889649775
