RMS,MAV,IEMG,VAR,WL,WAMP,FMN,FMD
<<<<<<<< HEAD:features/5/395b587d-0c9f-4940-8333-53a66b9bbb25-o5p6.csv
0.10961868908106398,0.07137956525326833,725.716039929979,0.011359484117045082,260.5314830708951,6154,58.045777005310505,55.96537818432183
========
0.10961868908106398,0.07137956525326833,725.716039929979,0.011359484117045082,260.5314830708951,6154,52.02939537544638,53.21137011901249
>>>>>>>> devP:features/5/5f82c5d6-94a5-4b3a-b1a9-0dd003c0b1bb-o5p6.csv
