RMS,MAV,IEMG,VAR,WL,WAMP,FMN,FMD
0.10961868908106398,0.07137956525326833,725.716039929979,0.011359484117045082,260.5314830708951,6154,58.045777005310505,55.96537818432183
