RMS,MAV,IEMG,VAR,WL,WAMP,FMN,FMD
<<<<<<<< HEAD:features/5/955b1ed2-f473-41ac-9923-9b24b0506c12-o3p5.csv
0.08463973027361528,0.062029621591811974,408.96129515481636,0.005145804943217542,114.65269489223758,3682,55.22847643265622,51.41817078719855
========
0.08463973027361528,0.062029621591811974,408.96129515481636,0.005145804943217542,114.65269489223758,3682,30.951439135758346,32.30699226452298
>>>>>>>> devP:features/5/3cb5bb0c-e488-451f-9241-5ed0a2f97131-o3p5.csv
