RMS,MAV,IEMG,VAR,WL,WAMP,FMN,FMD
0.17336571058432482,0.12036845730688858,802.3761364077193,0.02999443162060202,331.39500041271054,5002,64.44080942790083,63.90639063906391
