RMS,MAV,IEMG,VAR,WL,WAMP,FMN,FMD
<<<<<<<< HEAD:features/5/4f0595f9-af1b-4187-91dd-55dceb67dc7c-o8p5.csv
0.17336571058432482,0.12036845730688858,802.3761364077193,0.02999443162060202,331.39500041271054,5002,64.70393995942482,64.5064506450645
========
0.17336571058432482,0.12036845730688858,802.3761364077193,0.02999443162060202,331.39500041271054,5002,64.44080942790083,63.90639063906391
>>>>>>>> devP:features/5/3d3061a0-e8d2-4c93-8d9f-61cdfd348b4b-o8p5.csv
