RMS,MAV,IEMG,VAR,WL,WAMP,FMN,FMD
0.19956111082775035,0.16450830069377587,972.9020903029905,0.022919639560829177,236.80776586638927,4569,56.80692198026053,53.432532972607376
