RMS,MAV,IEMG,VAR,WL,WAMP,FMN,FMD
<<<<<<<< HEAD:features/5/b0f91a41-a0c7-46a9-be68-b70854c1cc25-o6p4.csv
0.07006038151017842,0.055869261535971035,338.23250933876864,0.002720848028045929,78.63165081325785,2839,54.42856422131731,50.04955401387512
========
0.07006038151017842,0.055869261535971035,338.23250933876864,0.002720848028045929,78.63165081325785,2839,20.86957061245761,0.0
>>>>>>>> devP:features/5/3e1a3aac-1d97-42ab-b142-b4b3a47e9371-o6p4.csv
