RMS,MAV,IEMG,VAR,WL,WAMP,FMN,FMD
<<<<<<<< HEAD:features/5/73d33b68-4443-4a63-8a4e-4e006608283e-o1p6.csv
0.09919140329715838,0.07745439039686403,502.2917217236632,0.007571594919489383,166.49044530782174,4403,60.892577736758994,59.83037779491133
========
0.09919140329715838,0.07745439039686403,502.2917217236632,0.007571594919489383,166.49044530782174,4403,38.083883618492294,41.017733230531995
>>>>>>>> devP:features/5/44777a33-f0b3-412c-905c-6d47b39ca4df-o1p6.csv
