RMS,MAV,IEMG,VAR,WL,WAMP,FMN,FMD
<<<<<<<< HEAD:features/5/5886a5b6-b387-423b-8a3c-a13fc7362eaf-o5p3.csv
0.06447507334153725,0.04364580305089613,286.7965718474385,0.0036255063773347716,87.47299519685868,2866,51.87627977065535,49.459747374828794
========
0.06447507334153725,0.04364580305089613,286.7965718474385,0.0036255063773347716,87.47299519685868,2866,40.11415684351092,44.589864556384114
>>>>>>>> devP:features/5/46c440f6-7235-471c-986d-ecf05fd78af9-o5p3.csv
