RMS,MAV,IEMG,VAR,WL,WAMP,FMN,FMD
0.06447507334153725,0.04364580305089613,286.7965718474385,0.0036255063773347716,87.47299519685868,2866,40.11415684351092,44.589864556384114
