RMS,MAV,IEMG,VAR,WL,WAMP,FMN,FMD
<<<<<<<< HEAD:features/5/34bc7c2a-8690-4bab-bd1a-7c1311ff22f8-o8p2.csv
0.19648770146874484,0.16577502363402688,1109.86378322981,0.018397208479839725,250.58637909304508,4942,60.084616652244705,60.34353995519044
========
0.19648770146874484,0.16577502363402688,1109.86378322981,0.018397208479839725,250.58637909304508,4942,18.793503063992105,0.0
>>>>>>>> devP:features/5/49f20fa2-8911-407f-8183-81d302addf37-o8p2.csv
