RMS,MAV,IEMG,VAR,WL,WAMP,FMN,FMD
0.16325252293623088,0.14992027104624883,957.0910103592526,0.0056178432801441075,122.62494286682008,3730,56.40056214549689,53.10150375939849
