RMS,MAV,IEMG,VAR,WL,WAMP,FMN,FMD
<<<<<<<< HEAD:features/5/4d54433e-6b20-463d-8704-cea4235a0ed0-o4p3.csv
0.2027757709148622,0.1547244352868378,1052.2808843857838,0.03120164329525601,329.01859180222203,4999,64.38290646710246,64.25525657991471
========
0.2027757709148622,0.1547244352868378,1052.2808843857838,0.03120164329525601,329.01859180222203,4999,39.36272673768556,44.84634612556977
>>>>>>>> devP:features/5/b1d569e3-1250-4fd9-b076-47edcec548f5-o4p3.csv
