RMS,MAV,IEMG,VAR,WL,WAMP,FMN,FMD
<<<<<<<< HEAD:features/5/504333ac-ba52-4f06-938e-b11ab1d1fd0b-o5p2.csv
0.07285215551920249,0.05800602781785059,377.5612350663895,0.0032441286222842135,86.54399088236443,2872,54.867032718417164,52.08173298509756
========
0.07285215551920249,0.05800602781785059,377.5612350663895,0.0032441286222842135,86.54399088236443,2872,24.148946030287377,0.0
>>>>>>>> devP:features/5/cae7037c-f5be-4ef1-a714-83f30ae3a51f-o5p2.csv
