RMS,MAV,IEMG,VAR,WL,WAMP,FMN,FMD
0.07285215551920249,0.05800602781785059,377.5612350663895,0.0032441286222842135,86.54399088236443,2872,54.867032718417164,52.08173298509756
