RMS,MAV,IEMG,VAR,WL,WAMP,FMN,FMD
0.06447507334153725,0.04364580305089613,286.7965718474385,0.0036255063773347716,87.47299519685868,2866,51.87627977065535,49.459747374828794
