RMS,MAV,IEMG,VAR,WL,WAMP,FMN,FMD
0.20629939579407902,0.1604598341113955,1088.0781351093729,0.031255607220435,331.14396627919086,5146,60.48183563125616,58.69340805190975
