RMS,MAV,IEMG,VAR,WL,WAMP,FMN,FMD
<<<<<<<< HEAD:features/5/597a23df-a2d1-4346-82d2-4adda724f3d8-o3p4.csv
0.08204662603339745,0.06376428778617906,413.95775630787443,0.004956863792407456,123.11148912244221,3802,56.71224686376003,53.60443622920517
========
0.08204662603339745,0.06376428778617906,413.95775630787443,0.004956863792407456,123.11148912244221,3802,33.04732488815019,36.50646950092421
>>>>>>>> devP:features/5/c06b61c3-5972-4292-afb5-73a8be17e034-o3p4.csv
