RMS,MAV,IEMG,VAR,WL,WAMP,FMN,FMD
<<<<<<<< HEAD:features/5/3d389fbc-8861-4cfe-afbe-993800aa8a1d-o5p4.csv
0.19956111082775035,0.16450830069377587,972.9020903029905,0.022919639560829177,236.80776586638927,4569,56.80692198026053,53.432532972607376
========
0.19956111082775035,0.16450830069377587,972.9020903029905,0.022919639560829177,236.80776586638927,4569,22.950865210123776,0.0
>>>>>>>> devP:features/5/59dbcaa8-054f-4fba-9196-6a83142d0839-o5p4.csv
