RMS,MAV,IEMG,VAR,WL,WAMP,FMN,FMD
<<<<<<<< HEAD:features/5/77c7c47a-bdc4-4bde-860d-452b7e0bcbd9-o9p4.csv
0.16776054220641715,0.127648862609365,807.2514071416242,0.02243626770228619,225.5448796858386,4550,52.05826314615331,45.22454142947502
========
0.16776054220641715,0.127648862609365,807.2514071416242,0.02243626770228619,225.5448796858386,4550,34.50401857843992,40.00632511068944
>>>>>>>> devP:features/5/5f1c1b1a-74ce-431b-b014-42f38a704702-o9p4.csv
