RMS,MAV,IEMG,VAR,WL,WAMP,FMN,FMD
0.10961868908106398,0.07137956525326833,725.716039929979,0.011359484117045082,260.5314830708951,6154,52.02939537544638,53.21137011901249
