RMS,MAV,IEMG,VAR,WL,WAMP,FMN,FMD
0.10220441432123964,0.07672929894313868,471.5015420055872,0.008783590992309843,163.25604388799317,4342,57.85435125611078,54.67860048820179
