RMS,MAV,IEMG,VAR,WL,WAMP,FMN,FMD
<<<<<<<< HEAD:features/5/5f9aa74d-d53d-4c83-b864-2198e8f158cb-o11p5.csv
0.10220441432123964,0.07672929894313868,471.5015420055872,0.008783590992309843,163.25604388799317,4342,57.85435125611078,54.67860048820179
========
0.10220441432123964,0.07672929894313868,471.5015420055872,0.008783590992309843,163.25604388799317,4342,41.97005478062284,45.40276647681041
>>>>>>>> devP:features/5/669ba08f-b277-4ab4-b49d-12d1b5a91177-o11p5.csv
