RMS,MAV,IEMG,VAR,WL,WAMP,FMN,FMD
0.042299350830084355,0.029372648897899277,159.22912967551198,0.0016542830023898417,59.6388946056246,2197,-7.69090352168165,0.0
