RMS,MAV,IEMG,VAR,WL,WAMP,FMN,FMD
0.2121990960727124,0.15672629523322174,1009.9442464828809,0.039650029299312134,309.67451576233907,4751,0.38570517617434935,43.14090626939789
