RMS,MAV,IEMG,VAR,WL,WAMP,FMN,FMD
0.11842751393388314,0.09196002177446623,720.0469704940706,0.010207586794943393,231.27036931048355,4694,4.427992032934025,46.487867177522354
