RMS,MAV,IEMG,VAR,WL,WAMP,FMN,FMD
<<<<<<<< HEAD:features/5/675c2c0e-73fc-471c-a0ed-2f9da4617fa9-o7p2.csv
0.24546815704493266,0.18332495834328524,1239.2767184006082,0.058214223652410496,450.896395453478,5365,58.86210557444986,58.4319526627219
========
0.24546815704493266,0.18332495834328524,1239.2767184006082,0.058214223652410496,450.896395453478,5365,55.00620126763062,56.80473372781066
>>>>>>>> devP:features/5/29fdae32-2de5-454e-a539-8b10008e66c1-o7p2.csv
