RMS,MAV,IEMG,VAR,WL,WAMP,FMN,FMD
0.16776054220641715,0.127648862609365,807.2514071416242,0.02243626770228619,225.5448796858386,4550,1.3438544572627107,0.0
