RMS,MAV,IEMG,VAR,WL,WAMP,FMN,FMD
<<<<<<<< HEAD:features/5/ae18fbef-68f5-4ebf-a302-c2e725c54614-o7p4.csv
0.13711355731812613,0.10334233643437782,701.4877797165566,0.015237816908700604,229.58593237588133,4849,59.47772497261179,59.51679434295816
========
0.13711355731812613,0.10334233643437782,701.4877797165566,0.015237816908700604,229.58593237588133,4849,40.52825868233424,44.3429581614614
>>>>>>>> devP:features/5/6acd4908-e360-4d44-bbaa-1797474be143-o7p4.csv
