RMS,MAV,IEMG,VAR,WL,WAMP,FMN,FMD
0.1403321781419005,0.1084156222136393,742.7554277856428,0.015857687605884567,229.68283173810943,4926,57.184913642833884,55.75828346226829
