RMS,MAV,IEMG,VAR,WL,WAMP,FMN,FMD
<<<<<<<< HEAD:features/5/58a2baa7-6c69-4a47-87ae-350bc62cd0f1-o7p1.csv
0.20629939579407902,0.1604598341113955,1088.0781351093729,0.031255607220435,331.14396627919086,5146,60.48183563125616,58.69340805190975
========
0.20629939579407902,0.1604598341113955,1088.0781351093729,0.031255607220435,331.14396627919086,5146,35.09620473141488,38.63736911959888
>>>>>>>> devP:features/5/6d424f24-af2a-4dd4-891f-3597c2ef2f6c-o7p1.csv
