RMS,MAV,IEMG,VAR,WL,WAMP,FMN,FMD
0.13268726083383287,0.12602395727494303,550.0945735051264,0.0017890113699563688,46.942152506665124,1699,0.15137567581536893,0.0
