RMS,MAV,IEMG,VAR,WL,WAMP,FMN,FMD
<<<<<<<< HEAD:features/5/fe8c244d-2f4b-4e17-8406-2dae593c3f9b-o2p2.csv
0.11872507691183107,0.09229267526261802,623.4370213989847,0.010157139825233492,190.924643276518,4427,62.19159757612035,62.47224278312362
========
0.11872507691183107,0.09229267526261802,623.4370213989847,0.010157139825233492,190.924643276518,4427,35.02736887151129,35.08512213175426
>>>>>>>> devP:features/5/6fb6fff9-120f-41c2-8525-96b1764bd198-o2p2.csv
