RMS,MAV,IEMG,VAR,WL,WAMP,FMN,FMD
0.09919140329715838,0.07745439039686403,502.2917217236632,0.007571594919489383,166.49044530782174,4403,60.892577736758994,59.83037779491133
