RMS,MAV,IEMG,VAR,WL,WAMP,FMN,FMD
<<<<<<<< HEAD:features/5/e66b434a-689c-4766-badb-01b6e62e8eb2-o11p1.csv
0.12523114568961174,0.08061415726163028,629.1128832697627,0.014019689353383144,183.5349170100758,4690,49.140749849559306,46.64274730907227
========
0.12523114568961174,0.08061415726163028,629.1128832697627,0.014019689353383144,183.5349170100758,4690,39.7174237452821,40.492055356227574
>>>>>>>> devP:features/5/783ca900-4a09-489f-908c-b82cec4cc7f4-o11p1.csv
