RMS,MAV,IEMG,VAR,WL,WAMP,FMN,FMD
<<<<<<<< HEAD:features/5/2eb63085-03d6-4dd1-b052-5f678091ebbd-o1p1.csv
0.07406218162113198,0.05255780924544079,384.93339491360837,0.005473807647563153,160.2123313765295,4641,63.128407705925255,63.626433642818135
========
0.07406218162113198,0.05255780924544079,384.93339491360837,0.005473807647563153,160.2123313765295,4641,62.86657087040181,63.48989623156745
>>>>>>>> devP:features/5/7b15a813-b9dd-460d-b0da-e7929fdacc54-o1p1.csv
