RMS,MAV,IEMG,VAR,WL,WAMP,FMN,FMD
0.13901212501488985,0.11277184539757648,717.341708573984,0.010745731002663786,181.08071309813437,4201,62.53383389718058,61.78273856311901
