RMS,MAV,IEMG,VAR,WL,WAMP,FMN,FMD
<<<<<<<< HEAD:features/5/2441fd43-11ca-42ca-86f1-0a45962f0491-o9p1.csv
0.1653619921354916,0.11406461853300327,790.9240649078447,0.02691767803995575,282.8038630384683,5080,54.7561565978133,49.89904816844535
========
0.1653619921354916,0.11406461853300327,790.9240649078447,0.02691767803995575,282.8038630384683,5080,53.072706022701446,48.88952985289876
>>>>>>>> devP:features/5/80954181-3dad-4a4d-8030-338704a6a2ed-o9p1.csv
