RMS,MAV,IEMG,VAR,WL,WAMP,FMN,FMD
0.1653619921354916,0.11406461853300327,790.9240649078447,0.02691767803995575,282.8038630384683,5080,53.072706022701446,48.88952985289876
