RMS,MAV,IEMG,VAR,WL,WAMP,FMN,FMD
<<<<<<<< HEAD:features/5/1c82d938-0fbf-4550-8029-464b50f6551a-o1p5.csv
0.07780109439478416,0.06666803405681278,457.5427177319061,0.0023944952266798966,100.54150187429568,3609,61.44414417464255,63.52906892029724
========
0.07780109439478416,0.06666803405681278,457.5427177319061,0.0023944952266798966,100.54150187429568,3609,15.149804444759278,0.0
>>>>>>>> devP:features/5/831f3b4a-ccf6-4fd3-84b1-2077192e952f-o1p5.csv
