RMS,MAV,IEMG,VAR,WL,WAMP,FMN,FMD
0.07780109439478416,0.06666803405681278,457.5427177319061,0.0023944952266798966,100.54150187429568,3609,15.149804444759278,0.0
