RMS,MAV,IEMG,VAR,WL,WAMP,FMN,FMD
<<<<<<<< HEAD:features/5/41626fb8-afb8-4116-a5cb-9ee3843c16aa-o3p1.csv
0.17397974448249512,0.13557735885186722,1291.3743430640352,0.02070262906014854,285.22229349375135,5071,56.989858877980886,54.27821522309711
========
0.17397974448249512,0.13557735885186722,1291.3743430640352,0.02070262906014854,285.22229349375135,5071,29.6179690116699,29.921259842519685
>>>>>>>> devP:features/5/87e78583-099e-4012-977f-7467b267d8ac-o3p1.csv
