RMS,MAV,IEMG,VAR,WL,WAMP,FMN,FMD
<<<<<<<< HEAD:features/7/4bf10636-e64d-4a2d-b78c-8077b5259252-o7p6.csv
0.16922669216482156,0.131775375863286,911.358499470486,0.024306436449165275,337.1551237074648,5496,65.13349825382329,65.64488143435511
========
0.13146398493896708,0.1172706761972656,769.9992599112459,0.004565224704660605,126.5748245576557,4031,9.077581011521023,0.0
>>>>>>>> devP:features/5/8895e431-7f2e-40f0-a64c-bfe19eca3b7c-o6p1.csv
