RMS,MAV,IEMG,VAR,WL,WAMP,FMN,FMD
0.09638810070032594,0.0748348022359574,473.4797937469025,0.0066900960786271035,150.42504018090762,4162,-5.653406212228466,0.0
