RMS,MAV,IEMG,VAR,WL,WAMP,FMN,FMD
<<<<<<<< HEAD:features/5/7c16db0f-bf14-424f-872d-9cac738fb68d-o2p1.csv
0.13901212501488985,0.11277184539757648,717.341708573984,0.010745731002663786,181.08071309813437,4201,62.53383389718058,61.78273856311901
========
0.13901212501488985,0.11277184539757648,717.341708573984,0.010745731002663786,181.08071309813437,4201,24.082410405434224,0.0
>>>>>>>> devP:features/5/8d22db46-69c7-471a-983f-b16e4f858f40-o2p1.csv
