RMS,MAV,IEMG,VAR,WL,WAMP,FMN,FMD
0.13146398493896708,0.1172706761972656,769.9992599112459,0.004565224704660605,126.5748245576557,4031,-0.2096672675507593,0.0
