RMS,MAV,IEMG,VAR,WL,WAMP,FMN,FMD
<<<<<<<< HEAD:features/5/b212948a-712e-4acd-afaf-a85316a20afe-o5p1.csv
0.04434650874381666,0.03729764147542796,236.4670469542133,0.0008895752730214598,47.22457892684211,1563,56.369227355830084,54.41640378548895
========
0.04434650874381666,0.03729764147542796,236.4670469542133,0.0008895752730214598,47.22457892684211,1563,16.47517442665619,0.0
>>>>>>>> devP:features/5/8fd0c935-7caa-4b2c-af31-d60e85bb269b-o5p1.csv
