RMS,MAV,IEMG,VAR,WL,WAMP,FMN,FMD
0.07006038151017842,0.055869261535971035,338.23250933876864,0.002720848028045929,78.63165081325785,2839,1.7328349240380654,0.0
