RMS,MAV,IEMG,VAR,WL,WAMP,FMN,FMD
<<<<<<<< HEAD:features/5/a76001d2-6cf6-4e70-bdf1-fb2d7b2f2d69-o10p3.csv
0.11722896206698084,0.10677868062943174,685.0920149184341,0.003039748494284263,92.11816470351827,2997,60.051880438425016,61.097256857855356
========
0.11722896206698084,0.10677868062943174,685.0920149184341,0.003039748494284263,92.11816470351827,2997,7.467326665403053,0.0
>>>>>>>> devP:features/5/92aa298e-c407-4aec-945d-029297e3b555-o10p3.csv
