RMS,MAV,IEMG,VAR,WL,WAMP,FMN,FMD
<<<<<<<< HEAD:features/5/3d04dccc-3549-44fe-98c5-3c0e15d6b441-o4p1.csv
0.17754351333565283,0.1376448745286337,931.4428659352642,0.023714034370553506,287.17551316993774,5400,58.70810139413914,54.82488547362199
========
0.17754351333565283,0.1376448745286337,931.4428659352642,0.023714034370553506,287.17551316993774,5400,35.39863849250754,40.34284025417467
>>>>>>>> devP:features/5/9e9262b8-139f-4d4b-b7e3-3501fe00771d-o4p1.csv
