RMS,MAV,IEMG,VAR,WL,WAMP,FMN,FMD
<<<<<<<< HEAD:features/5/e4c5faaa-a101-4884-9d53-2102b9694520-o3p6.csv
0.0806305855916599,0.05395706105828274,254.62337113403626,0.00647099880314703,104.9558853438839,3066,60.60764749341759,59.33460478915024
========
0.0806305855916599,0.05395706105828274,254.62337113403626,0.00647099880314703,104.9558853438839,3066,60.045468701627975,58.69887688069506
>>>>>>>> devP:features/5/9f239d6c-a473-43c0-bb2b-f76a33f307bd-o3p6.csv
