RMS,MAV,IEMG,VAR,WL,WAMP,FMN,FMD
<<<<<<<< HEAD:features/5/a292bdde-685d-4d4e-85ae-c8623f0f8c6e-o9p2.csv
0.2121990960727124,0.15672629523322174,1009.9442464828809,0.039650029299312134,309.67451576233907,4751,55.178687740009124,50.12414649286158
========
0.2121990960727124,0.15672629523322174,1009.9442464828809,0.039650029299312134,309.67451576233907,4751,43.403528167609714,43.14090626939789
>>>>>>>> devP:features/5/d3ad1911-34bc-48e2-a51c-b3abeb21cc3e-o9p2.csv
