RMS,MAV,IEMG,VAR,WL,WAMP,FMN,FMD
<<<<<<<< HEAD:features/5/9d79f1df-09e1-4878-b41d-2525880b54fa-o7p3.csv
0.17930340292180855,0.13426859751376619,965.9282905140338,0.028947587005725767,325.33153243493183,5218,58.439387242196794,56.29691409507923
========
0.17930340292180855,0.13426859751376619,965.9282905140338,0.028947587005725767,325.33153243493183,5218,47.85265925315676,51.57075340561579
>>>>>>>> devP:features/5/a3162a07-2ee0-472b-a6f1-070e1298078e-o7p3.csv
