RMS,MAV,IEMG,VAR,WL,WAMP,FMN,FMD
0.20290540695534437,0.16297974577146418,1087.5638435329804,0.02455731107668822,270.4543518047119,5094,25.326367425789424,0.0
