RMS,MAV,IEMG,VAR,WL,WAMP,FMN,FMD
<<<<<<<< HEAD:features/5/efbf8e78-192d-4907-b32f-5582fb67aac6-o4p2.csv
0.20290540695534437,0.16297974577146418,1087.5638435329804,0.02455731107668822,270.4543518047119,5094,59.59350390201097,57.39547429941555
========
0.20290540695534437,0.16297974577146418,1087.5638435329804,0.02455731107668822,270.4543518047119,5094,25.326367425789424,0.0
>>>>>>>> devP:features/5/a7006558-d41c-41f8-929e-30e82760b3ce-o4p2.csv
