RMS,MAV,IEMG,VAR,WL,WAMP,FMN,FMD
0.1761172552004674,0.16787184161790616,1077.065735820486,0.0037072678021296975,94.67253005819244,3064,-0.03447947760746407,0.0
