RMS,MAV,IEMG,VAR,WL,WAMP,FMN,FMD
0.07406218162113198,0.05255780924544079,384.93339491360837,0.005473807647563153,160.2123313765295,4641,104.2426710168371,63.48989623156745
