RMS,MAV,IEMG,VAR,WL,WAMP,FMN,FMD
0.08204662603339745,0.06376428778617906,413.95775630787443,0.004956863792407456,123.11148912244221,3802,0.7452023359208432,36.50646950092421
