RMS,MAV,IEMG,VAR,WL,WAMP,FMN,FMD
0.2027757709148622,0.1547244352868378,1052.2808843857838,0.03120164329525601,329.01859180222203,4999,39.36272673768556,44.84634612556977
