RMS,MAV,IEMG,VAR,WL,WAMP,FMN,FMD
0.04434650874381666,0.03729764147542796,236.4670469542133,0.0008895752730214598,47.22457892684211,1563,56.369227355830084,54.41640378548895
