RMS,MAV,IEMG,VAR,WL,WAMP,FMN,FMD
0.10062556853309508,0.08151081045923982,521.9952301809718,0.005023364314057995,103.74460498201165,3473,48.08007343745692,44.3472829481574
