RMS,MAV,IEMG,VAR,WL,WAMP,FMN,FMD
<<<<<<<< HEAD:features/5/b4aa7d65-a305-42a1-bf44-fe95077455c0-o5p5.csv
0.10385338925784499,0.06867930464830788,447.03359395583595,0.010782575821909274,166.642155691859,4287,55.32964399279419,51.62083269319404
========
0.10385338925784499,0.06867930464830788,447.03359395583595,0.010782575821909274,166.642155691859,4287,55.29937878065901,51.62083269319404
>>>>>>>> devP:features/5/e979c29f-d6bd-468e-89e9-51f5b09b039b-o5p5.csv
