RMS,MAV,IEMG,VAR,WL,WAMP,FMN,FMD
<<<<<<<< HEAD:features/5/5c01e559-f7b0-43a9-b10d-9d9c4e1c6c47-o10p5.csv
0.10423857136465048,0.08353841739012018,596.8819922524086,0.006654284429449599,171.50089597249297,4384,65.17519810123318,68.15955213435969
========
0.10423857136465048,0.08353841739012018,596.8819922524086,0.006654284429449599,171.50089597249297,4384,28.76514863117596,0.0
>>>>>>>> devP:features/5/bace1ce5-55ee-4dc6-bc18-9ff56317b2a6-o10p5.csv
