RMS,MAV,IEMG,VAR,WL,WAMP,FMN,FMD
<<<<<<<< HEAD:features/5/bc10caa5-ce95-466a-bd13-c823804a7c4c-o10p2.csv
0.0586835044998704,0.04430319459339035,292.7998130677168,0.002732718936114137,99.57133307620833,3472,60.78001717293343,59.918293236495686
========
0.0586835044998704,0.04430319459339035,292.7998130677168,0.002732718936114137,99.57133307620833,3472,39.97669322485481,42.66908760780753
>>>>>>>> devP:features/5/57850b4a-4c0b-44ab-a37d-c8bbccc5b0c6-o10p2.csv
