RMS,MAV,IEMG,VAR,WL,WAMP,FMN,FMD
<<<<<<<< HEAD:features/5/f9234878-3201-443b-8e27-2b9df2f9b25a-o3p3.csv
0.14858901858779916,0.10261879269239779,657.4786047801927,0.021846713590261198,247.56818726517412,4628,58.44472414109024,57.281098798189475
========
0.14858901858779916,0.10261879269239779,657.4786047801927,0.021846713590261198,247.56818726517412,4628,57.22932645983114,56.50070235679725
>>>>>>>> devP:features/5/c14fb437-9b96-4b39-a7ca-76bafb7e0217-o3p3.csv
