RMS,MAV,IEMG,VAR,WL,WAMP,FMN,FMD
<<<<<<<< HEAD:features/5/1944fcf4-fe4d-4379-a60f-64a522fb13ea-o8p3.csv
0.16262008001445558,0.1262245494985454,878.1441908613804,0.021357971866783985,280.0091613938742,5179,59.39028017864141,59.07718844329453
========
0.16262008001445558,0.1262245494985454,878.1441908613804,0.021357971866783985,280.0091613938742,5179,40.226799310481056,42.25959465286762
>>>>>>>> devP:features/5/c27d7bc5-349b-4448-8eea-2283829eb34d-o8p3.csv
