RMS,MAV,IEMG,VAR,WL,WAMP,FMN,FMD
0.17336571058432482,0.12036845730688858,802.3761364077193,0.02999443162060202,331.39500041271054,5002,98.6093038524022,80.85808580858085
