RMS,MAV,IEMG,VAR,WL,WAMP,FMN,FMD
<<<<<<<< HEAD:features/5/056c837d-6aef-47fc-8e40-433a735fe6a2-o4p4.csv
0.08114511135515737,0.05217309840320351,382.27229200027216,0.005782055913489258,128.1189653697327,3992,55.44144273183987,51.18056503343797
========
0.08114511135515737,0.05217309840320351,382.27229200027216,0.005782055913489258,128.1189653697327,3992,43.39588775538542,47.3590828442746
>>>>>>>> devP:features/5/c4dca1f8-7e95-48cd-b656-d3101f0e9ee2-o4p4.csv
