RMS,MAV,IEMG,VAR,WL,WAMP,FMN,FMD
0.17243353087912727,0.12121868949285212,753.9802486455402,0.0296548232549617,265.4434311669925,4504,45.22300244986054,0.0
