RMS,MAV,IEMG,VAR,WL,WAMP,FMN,FMD
<<<<<<<< HEAD:features/5/4b778e32-3e52-4f8c-abce-7ff552405f54-o6p2.csv
0.16325252293623088,0.14992027104624883,957.0910103592526,0.0056178432801441075,122.62494286682008,3730,56.40056214549689,53.10150375939849
========
0.16325252293623088,0.14992027104624883,957.0910103592526,0.0056178432801441075,122.62494286682008,3730,6.644647498861466,0.0
>>>>>>>> devP:features/5/cd1ae9c8-3822-4ee1-9d12-4e140a94ce11-o6p2.csv
