RMS,MAV,IEMG,VAR,WL,WAMP,FMN,FMD
<<<<<<<< HEAD:features/5/a8944850-9973-4d79-b5f0-edd4ef1030ed-o4p6.csv
0.09413093644793709,0.06440320272377459,421.0681394080383,0.007059152311249475,130.8116086369192,3832,55.952271632998404,52.30957479351483
========
0.09413093644793709,0.06440320272377459,421.0681394080383,0.007059152311249475,130.8116086369192,3832,37.0447741362137,43.74426430100948
>>>>>>>> devP:features/5/d0d2a272-aa59-48c0-abd1-2338b3d9c70d-o4p6.csv
