RMS,MAV,IEMG,VAR,WL,WAMP,FMN,FMD
0.09413093644793709,0.06440320272377459,421.0681394080383,0.007059152311249475,130.8116086369192,3832,37.0447741362137,43.74426430100948
