RMS,MAV,IEMG,VAR,WL,WAMP,FMN,FMD
0.11722896206698084,0.10677868062943174,685.0920149184341,0.003039748494284263,92.11816470351827,2997,0.0707305002785251,0.0
