RMS,MAV,IEMG,VAR,WL,WAMP,FMN,FMD
<<<<<<<< HEAD:features/5/e592bb79-7a4c-4161-8445-86409181be4a-o10p1.csv
0.1681475478678841,0.16118330551257265,1035.9251045293045,0.0024018717113141086,89.57720311323126,3181,60.57409769010537,59.747938384938536
========
0.1681475478678841,0.16118330551257265,1035.9251045293045,0.0024018717113141086,89.57720311323126,3181,2.687050347860901,0.0
>>>>>>>> devP:features/5/d667e571-1b6b-43f0-b8d8-594bd835820e-o10p1.csv
