RMS,MAV,IEMG,VAR,WL,WAMP,FMN,FMD
0.08224016739802266,0.06602212861329901,318.8208590736209,0.003628932025339878,72.50590782242698,2530,56.96134175427994,56.32636156554152
