RMS,MAV,IEMG,VAR,WL,WAMP,FMN,FMD
<<<<<<<< HEAD:features/5/68f5513d-a749-4ac8-9c4c-a31ae78ef949-o8p4.csv
0.21085929969438927,0.1520423326319584,984.9302307898265,0.04389810917069041,399.9582563547067,5043,65.9006131336812,66.5328805186786
========
0.21085929969438927,0.1520423326319584,984.9302307898265,0.04389810917069041,399.9582563547067,5043,64.25098913331638,65.91540598950293
>>>>>>>> devP:features/5/db396380-57a0-49b5-b773-cccd3f0f3565-o8p4.csv
