RMS,MAV,IEMG,VAR,WL,WAMP,FMN,FMD
0.13711355731812613,0.10334233643437782,701.4877797165566,0.015237816908700604,229.58593237588133,4849,-2.7861665131583897,0.0
