RMS,MAV,IEMG,VAR,WL,WAMP,FMN,FMD
0.1303738958241341,0.0844456340999672,528.5452238316948,0.01681960087983352,189.70323201035472,4113,55.97072497896949,27.32065825211695
