RMS,MAV,IEMG,VAR,WL,WAMP,FMN,FMD
<<<<<<<< HEAD:features/5/a72ffa16-746a-406b-848c-1efc1ebffb47-o9p6.csv
0.13268726083383287,0.12602395727494303,550.0945735051264,0.0017890113699563688,46.942152506665124,1699,56.264904269665834,52.69186712485681
========
0.13268726083383287,0.12602395727494303,550.0945735051264,0.0017890113699563688,46.942152506665124,1699,3.011672641745305,0.0
>>>>>>>> devP:features/5/df73d884-7169-42c2-b243-a9380f422001-o9p6.csv
