RMS,MAV,IEMG,VAR,WL,WAMP,FMN,FMD
<<<<<<<< HEAD:features/5/d781c656-82ff-4a7a-8539-5036c88a550d-o6p5.csv
0.08224016739802266,0.06602212861329901,318.8208590736209,0.003628932025339878,72.50590782242698,2530,56.96134175427994,56.32636156554152
========
0.08224016739802266,0.06602212861329901,318.8208590736209,0.003628932025339878,72.50590782242698,2530,20.88398761089346,0.0
>>>>>>>> devP:features/5/e5451354-9e26-427e-9da9-57f9ca944881-o6p5.csv
