RMS,MAV,IEMG,VAR,WL,WAMP,FMN,FMD
0.1681475478678841,0.16118330551257265,1035.9251045293045,0.0024018717113141086,89.57720311323126,3181,60.57409769010537,59.747938384938536
