RMS,MAV,IEMG,VAR,WL,WAMP,FMN,FMD
0.12523114568961174,0.08061415726163028,629.1128832697627,0.014019689353383144,183.5349170100758,4690,49.140749849559306,46.64274730907227
