RMS,MAV,IEMG,VAR,WL,WAMP,FMN,FMD
0.10385338925784499,0.06867930464830788,447.03359395583595,0.010782575821909274,166.642155691859,4287,55.29937878065901,51.62083269319404
