RMS,MAV,IEMG,VAR,WL,WAMP,FMN,FMD
0.0586835044998704,0.04430319459339035,292.7998130677168,0.002732718936114137,99.57133307620833,3472,-5.867108092039555,42.66908760780753
