RMS,MAV,IEMG,VAR,WL,WAMP,FMN,FMD
<<<<<<<< HEAD:features/5/d1aa1358-136b-44a1-b4f6-1d6ba1a7e8b8-o1p4.csv
0.1534280491504159,0.13728548725964934,1000.3993456610647,0.00646826572955409,124.35134598646837,3823,48.21067898248189,43.36489639083299
========
0.1534280491504159,0.13728548725964934,1000.3993456610647,0.00646826572955409,124.35134598646837,3823,7.678493295509086,0.0
>>>>>>>> devP:features/5/eb2babcb-502a-4fc9-b40e-4a1eff28ca16-o1p4.csv
