RMS,MAV,IEMG,VAR,WL,WAMP,FMN,FMD
0.1534280491504159,0.13728548725964934,1000.3993456610647,0.00646826572955409,124.35134598646837,3823,7.678493295509086,0.0
