RMS,MAV,IEMG,VAR,WL,WAMP,FMN,FMD
0.08463973027361528,0.062029621591811974,408.96129515481636,0.005145804943217542,114.65269489223758,3682,1.6329008398830924,32.30699226452298
