RMS,MAV,IEMG,VAR,WL,WAMP,FMN,FMD
0.11872507691183107,0.09229267526261802,623.4370213989847,0.010157139825233492,190.924643276518,4427,-4.725628340440898,0.0
