RMS,MAV,IEMG,VAR,WL,WAMP,FMN,FMD
<<<<<<<< HEAD:features/5/c277b93b-b2ac-4ea3-9998-8bf75679f243-o9p3.csv
0.17243353087912727,0.12121868949285212,753.9802486455402,0.0296548232549617,265.4434311669925,4504,54.007251809528796,46.463022508038584
========
0.17243353087912727,0.12121868949285212,753.9802486455402,0.0296548232549617,265.4434311669925,4504,53.72283227383352,46.463022508038584
>>>>>>>> devP:features/5/f5548a98-e12b-4fc2-bc11-dca094d3d2e9-o9p3.csv
