RMS,MAV,IEMG,VAR,WL,WAMP,FMN,FMD
<<<<<<<< HEAD:features/5/b22d8ae2-c1ef-4a98-85bd-35379520cec9-o11p4.csv
0.10062556853309508,0.08151081045923982,521.9952301809718,0.005023364314057995,103.74460498201165,3473,48.08007343745692,44.3472829481574
========
0.10062556853309508,0.08151081045923982,521.9952301809718,0.005023364314057995,103.74460498201165,3473,15.860871036351723,0.0
>>>>>>>> devP:features/5/f61ffe2a-0644-4e43-af44-ca01ee7abc6c-o11p4.csv
