RMS,MAV,IEMG,VAR,WL,WAMP,FMN,FMD
0.13124551221581035,0.09728560615516908,834.0295015682645,0.01612988469012289,330.9407326609547,6500,56.20669023065227,60.5389012014464
