RMS,MAV,IEMG,VAR,WL,WAMP,FMN,FMD
<<<<<<<< HEAD:features/5/ea11c081-27dc-4c28-9071-ca75cc728302-o10p6.csv
0.13124551221581035,0.09728560615516908,834.0295015682645,0.01612988469012289,330.9407326609547,6500,63.84151445164285,64.15490493409541
========
0.13124551221581035,0.09728560615516908,834.0295015682645,0.01612988469012289,330.9407326609547,6500,56.20669023065227,60.5389012014464
>>>>>>>> devP:features/5/f701efdd-50d1-4137-962a-f343093c29ff-o10p6.csv
