RMS,MAV,IEMG,VAR,WL,WAMP,FMN,FMD
<<<<<<<< HEAD:features/5/927496ca-63dd-482a-bc48-735c7274b8b4-o2p3.csv
0.09638810070032594,0.0748348022359574,473.4797937469025,0.0066900960786271035,150.42504018090762,4162,61.22904048590256,59.26979611190137
========
0.09638810070032594,0.0748348022359574,473.4797937469025,0.0066900960786271035,150.42504018090762,4162,34.44790510846305,34.45550813971867
>>>>>>>> devP:features/5/f7a144b0-a64f-4ce6-975a-52c8d74a657f-o2p3.csv
