RMS,MAV,IEMG,VAR,WL,WAMP,FMN,FMD
0.15560061028529557,0.11316060881743503,722.5304872993227,0.02418158857332993,300.7706557715122,5056,64.71055786936847,39.31088488645263
