RMS,MAV,IEMG,VAR,WL,WAMP,FMN,FMD
<<<<<<<< HEAD:features/5/6fc8645b-d0df-4b6b-9d78-4cc989ef2ed0-o1p3.csv
0.0823349042490594,0.06749541888541527,476.31517107437554,0.004092864213271786,133.44242632574935,4191,62.85053059887672,62.491143545415895
========
0.0823349042490594,0.06749541888541527,476.31517107437554,0.004092864213271786,133.44242632574935,4191,27.177286372497026,0.0
>>>>>>>> devP:features/5/f9416302-9cbe-46c5-b756-590e33024036-o1p3.csv
