RMS,MAV,IEMG,VAR,WL,WAMP,FMN,FMD
0.0823349042490594,0.06749541888541527,476.31517107437554,0.004092864213271786,133.44242632574935,4191,27.177286372497026,0.0
