RMS,MAV,IEMG,VAR,WL,WAMP,FMN,FMD
0.14858901858779916,0.10261879269239779,657.4786047801927,0.021846713590261198,247.56818726517412,4628,86.15318844503149,56.50070235679725
