RMS,MAV,IEMG,VAR,WL,WAMP,FMN,FMD
0.11872507691183107,0.09229267526261802,623.4370213989847,0.010157139825233492,190.924643276518,4427,62.19159757612035,62.47224278312362
