{"window_size": 1000, "threshold": 0.0015, "cutoff": 100, "segments": [[11.181, 16.565], [25.571, 32.44], [40.571999999999996, 47.167], [55.724, 62.525], [70.623, 77.816], [86.16600000000001, 93.00500000000001], [101.2, 108.171], [116.173, 122.97200000000001], [131.031, 138.245], [146.247, 151.86700000000002], [161.29500000000002, 167.654], [176.261, 182.436], [191.27800000000002, 196.924], [206.41400000000002, 212.589], [221.566, 227.44400000000002], [236.758, 242.80100000000002], [251.65300000000002, 257.733], [266.55899999999997, 273.02299999999997]]}