{"window_size": 600, "threshold": 0.002, "cutoff": 100, "segments": [[11.414, 17.194000000000003], [26.554000000000002, 32.826], [41.391, 48.989], [56.4, 63.903999999999996], [69.906, 79.43], [86.855, 93.257], [101.96000000000001, 110.554], [116.808, 123.41300000000001], [131.781, 138.366], [146.882, 152.588], [161.735, 167.479], [176.98600000000002, 183.145], [192.083, 197.624], [207.27100000000002, 212.693], [222.23600000000002, 231.16], [237.162, 243.318], [252.14600000000002, 258.316], [267.06899999999996, 273.56899999999996]]}