{"window_size": 700, "threshold": 0.002, "cutoff": 100, "segments": [[11.899, 17.705000000000002], [27.439, 33.423], [43.18, 50.033], [58.894, 65.884], [74.539, 81.293], [90.653, 96.468], [106.61600000000001, 113.882], [122.45100000000001, 128.543], [138.286, 145.071], [153.757, 159.793], [169.59900000000002, 175.286], [185.479, 191.893], [201.217, 206.812], [217.107, 222.544], [232.745, 238.513], [248.905, 254.852], [264.72999999999996, 270.377], [280.255, 287.08599999999996]]}