{"window_size": 800, "threshold": 0.002, "cutoff": 100, "segments": [[10.725999999999999, 16.905], [25.728, 32.123], [40.85, 47.559], [55.867, 62.224], [70.822, 77.33000000000001], [85.962, 92.48200000000001], [101.084, 107.625], [116.06500000000001, 122.09], [131.148, 137.561], [146.30700000000002, 151.705], [161.107, 166.649], [176.315, 182.03300000000002], [191.383, 196.977], [206.154, 211.991], [221.12300000000002, 227.04000000000002], [236.221, 242.211], [251.544, 257.61199999999997], [266.18399999999997, 272.738]]}