{"window_size": 700, "threshold": 0.002, "cutoff": 100, "segments": [[10.506, 15.766], [25.601000000000003, 31.481], [40.537, 46.78], [55.594, 62.23], [70.546, 77.03], [85.69600000000001, 92.346], [100.81200000000001, 107.394], [115.754, 122.24300000000001], [130.705, 137.286], [145.864, 151.032], [160.90300000000002, 166.18900000000002], [175.883, 181.321], [190.81300000000002, 196.341], [205.87800000000001, 211.286], [220.94, 226.54000000000002], [235.912, 241.943], [250.87800000000001, 256.983], [265.943, 272.255]]}