RMS,MAV,IEMG,VAR,WL,WAMP,FMN,FMD
0.14604591948238985,0.14244118068238948,701.6652560414506,0.0011101370964528158,46.632422883430664,1716,0.12979881458767356,0.0
