RMS,MAV,IEMG,VAR,WL,WAMP,FMN,FMD
0.09509466748898106,0.08139173450136121,272.9878775175655,0.0033481523827696867,57.168736677427376,1997,62.66263936948247,59.92844364937388
