RMS,MAV,IEMG,VAR,WL,WAMP,FMN,FMD
0.1289809625951158,0.08607562422678958,529.5372402432095,0.014876614917594814,197.30664719202727,4129,68.25386018885125,68.43302990897269
