RMS,MAV,IEMG,VAR,WL,WAMP,FMN,FMD
0.07488778121962167,0.05978295692242493,333.70846554097596,0.0039319750601165306,112.7764072630054,3509,0.6998501236691441,36.18774632748119
