RMS,MAV,IEMG,VAR,WL,WAMP,FMN,FMD
<<<<<<<< HEAD:features/10/dd9baef3-af61-4205-923b-f29be85b9dd0-o5p4.csv
0.1527075804733207,0.13525840558139712,742.9744218586144,0.006436710688496352,138.31354541196072,3843,67.78691536940637,68.26870562534134
========
0.1527075804733207,0.13525840558139712,742.9744218586144,0.006436710688496352,138.31354541196072,3843,10.853174983193453,0.0
>>>>>>>> devP:features/10/0c14b919-2b83-4b1a-9b85-5fb194abe98a-o5p4.csv
