RMS,MAV,IEMG,VAR,WL,WAMP,FMN,FMD
0.05463287249115389,0.03846727723822287,204.530513075631,0.0028107669751483762,81.97507014553707,2892,65.48824891155738,65.82659394395336
