RMS,MAV,IEMG,VAR,WL,WAMP,FMN,FMD
0.025280343605320096,0.018531369660692645,130.29406008433,0.0006097551805610368,55.24670689231833,2002,28.535345832371846,0.0
