RMS,MAV,IEMG,VAR,WL,WAMP,FMN,FMD
0.07851230016308494,0.07207347357577756,368.6558173401022,0.001100038823646751,48.54678854247997,1802,0.01438420960883351,0.0
