RMS,MAV,IEMG,VAR,WL,WAMP,FMN,FMD
<<<<<<<< HEAD:features/10/14ae01f3-7832-4f5e-8953-23013c3313d1-o11p4.csv
0.09517570230063717,0.08078955836662421,460.8236409232245,0.003945300223554964,114.6051237001686,3646,65.39150641087586,67.14586255259466
========
0.09517570230063717,0.08078955836662421,460.8236409232245,0.003945300223554964,114.6051237001686,3646,18.204749564252833,0.0
>>>>>>>> devP:features/10/bf61fd7c-01c3-47ac-8a31-67e378762607-o11p4.csv
