RMS,MAV,IEMG,VAR,WL,WAMP,FMN,FMD
0.09517570230063717,0.08078955836662421,460.8236409232245,0.003945300223554964,114.6051237001686,3646,65.39150641087586,67.14586255259466
