RMS,MAV,IEMG,VAR,WL,WAMP,FMN,FMD
0.03453544571325563,0.03290988372459509,168.03786629778256,0.00011575786552088544,17.38833017797406,142,3.178232606502878,0.0
