RMS,MAV,IEMG,VAR,WL,WAMP,FMN,FMD
0.13712688080209126,0.1190312612695453,676.5736890560955,0.006065011758506614,143.0789250297184,3915,12.660661421350062,0.0
