RMS,MAV,IEMG,VAR,WL,WAMP,FMN,FMD
<<<<<<<< HEAD:features/10/bd5ca070-3fdf-4796-9071-fc78160b2e72-o6p1.csv
0.13712688080209126,0.1190312612695453,676.5736890560955,0.006065011758506614,143.0789250297184,3915,65.84481099149008,64.91907107670654
========
0.13712688080209126,0.1190312612695453,676.5736890560955,0.006065011758506614,143.0789250297184,3915,12.660661421350062,0.0
>>>>>>>> devP:features/10/16b2cfe9-e687-49d2-bfb8-c89ab94a95c7-o6p1.csv
