RMS,MAV,IEMG,VAR,WL,WAMP,FMN,FMD
0.05165372090967763,0.03990552362796565,209.4640935231917,0.001956084787523221,68.80449531560839,2448,66.03216950253585,65.1552676700324
