RMS,MAV,IEMG,VAR,WL,WAMP,FMN,FMD
0.052958519296615506,0.03986480548418259,215.78819208588038,0.0025632430086532307,87.56155737044367,3127,66.86833454131589,68.35396268243117
