RMS,MAV,IEMG,VAR,WL,WAMP,FMN,FMD
<<<<<<<< HEAD:features/10/ac4fb32c-805e-499a-991a-95281c2242ef-o1p4.csv
0.1345431259138846,0.1307023946835053,724.4833737306699,0.0010348484178029798,55.26566525541312,2222,61.8688678688823,64.2251488363702
========
0.1345431259138846,0.1307023946835053,724.4833737306699,0.0010348484178029798,55.26566525541312,2222,1.820499879938692,0.0
>>>>>>>> devP:features/10/1cccd17b-e977-41f6-91d0-074d615759b4-o1p4.csv
