RMS,MAV,IEMG,VAR,WL,WAMP,FMN,FMD
0.1345431259138846,0.1307023946835053,724.4833737306699,0.0010348484178029798,55.26566525541312,2222,1.820499879938692,0.0
