RMS,MAV,IEMG,VAR,WL,WAMP,FMN,FMD
<<<<<<<< HEAD:features/10/b4233726-838c-47c5-819f-7b524735ca83-o9p2.csv
0.11315623731623187,0.08907890830030356,499.82175447300324,0.00739572511664613,133.46924143290508,3576,65.48158994019451,64.69435038317592
========
0.11315623731623187,0.08907890830030356,499.82175447300324,0.00739572511664613,133.46924143290508,3576,26.590092561280674,0.0
>>>>>>>> devP:features/10/1f20c45d-300b-4619-bf12-c91e9fc38246-o9p2.csv
