RMS,MAV,IEMG,VAR,WL,WAMP,FMN,FMD
0.0637811736953275,0.05742926115055526,322.8098769272711,0.0008618452986045698,52.379530352805965,2093,7.6234265146275355,0.0
