RMS,MAV,IEMG,VAR,WL,WAMP,FMN,FMD
<<<<<<<< HEAD:features/10/ce214193-3178-4c1b-bc44-50e1ecc93edb-o7p3.csv
0.0637811736953275,0.05742926115055526,322.8098769272711,0.0008618452986045698,52.379530352805965,2093,64.3439896820733,62.266500622665
========
0.0637811736953275,0.05742926115055526,322.8098769272711,0.0008618452986045698,52.379530352805965,2093,7.6234265146275355,0.0
>>>>>>>> devP:features/10/20200b5d-9736-4c6b-a835-95a0814ea2cb-o7p3.csv
