RMS,MAV,IEMG,VAR,WL,WAMP,FMN,FMD
0.06983527158580681,0.058181149447452514,315.69091690187736,0.002189586070380329,86.01665061370036,3096,20.15814639331561,0.0
