RMS,MAV,IEMG,VAR,WL,WAMP,FMN,FMD
<<<<<<<< HEAD:features/10/413aaedb-5efb-443a-ac42-277d47f45ea2-o1p3.csv
0.06983527158580681,0.058181149447452514,315.69091690187736,0.002189586070380329,86.01665061370036,3096,69.64016597682073,72.0604496866937
========
0.06983527158580681,0.058181149447452514,315.69091690187736,0.002189586070380329,86.01665061370036,3096,20.15814639331561,0.0
>>>>>>>> devP:features/10/22b72ce6-713e-4865-8229-add204f25458-o1p3.csv
