RMS,MAV,IEMG,VAR,WL,WAMP,FMN,FMD
<<<<<<<< HEAD:features/10/b46b869f-cbd6-4ed9-9203-b8aa1cf541bb-o10p4.csv
0.10388424908416466,0.08454664838973382,527.4865393035493,0.006972628426482536,160.95698636213828,3981,68.39167407690366,71.00496874499119
========
0.10388424908416466,0.08454664838973382,527.4865393035493,0.006972628426482536,160.95698636213828,3981,32.637170790210355,0.0
>>>>>>>> devP:features/10/2654bc8d-3f53-4b33-8020-29a7b7e6a8ef-o10p4.csv
