RMS,MAV,IEMG,VAR,WL,WAMP,FMN,FMD
<<<<<<<< HEAD:features/10/19c02387-e2b0-46bb-bbbf-886531393e3a-o3p3.csv
0.052958519296615506,0.03986480548418259,215.78819208588038,0.0025632430086532307,87.56155737044367,3127,66.86833454131589,68.35396268243117
========
0.052958519296615506,0.03986480548418259,215.78819208588038,0.0025632430086532307,87.56155737044367,3127,56.27106853914421,62.25752817291705
>>>>>>>> devP:features/10/28dd7e37-4602-431e-8a5e-9e852afd3c3a-o3p3.csv
