RMS,MAV,IEMG,VAR,WL,WAMP,FMN,FMD
0.08850377464993599,0.06484280440229641,337.7013253271597,0.006738198379957662,128.08854310904255,3344,67.73210477182455,69.5084485407066
