RMS,MAV,IEMG,VAR,WL,WAMP,FMN,FMD
<<<<<<<< HEAD:features/10/7959ef57-308c-466d-ab3a-67f4fcfe1935-o10p5.csv
0.07961418287438818,0.07007016460738665,398.1386752991709,0.0021356334027458823,78.65266566489206,2855,64.10834318381576,62.829989440337904
========
0.07961418287438818,0.07007016460738665,398.1386752991709,0.0021356334027458823,78.65266566489206,2855,12.988263454660302,0.0
>>>>>>>> devP:features/10/2a8e2823-a3b6-4f59-993c-e0906490048d-o10p5.csv
