RMS,MAV,IEMG,VAR,WL,WAMP,FMN,FMD
0.105814774381162,0.10334473909972024,205.2426518520444,0.000516631377746978,14.073078201740959,484,64.64460655967224,62.43705941591138
