RMS,MAV,IEMG,VAR,WL,WAMP,FMN,FMD
0.13301031447411632,0.1289051737642753,700.7285245826005,0.0010751999333053046,60.324091325964844,2485,-0.008529386751860485,0.0
