RMS,MAV,IEMG,VAR,WL,WAMP,FMN,FMD
<<<<<<<< HEAD:features/10/74a537d3-65aa-4286-83ea-65201ef39523-o6p3.csv
0.08505941402943334,0.06822399757226771,331.5686282012211,0.005104809764180838,114.40708726531057,3353,66.05493907768945,67.90123456790123
========
0.08505941402943334,0.06822399757226771,331.5686282012211,0.005104809764180838,114.40708726531057,3353,36.00465204972131,37.44855967078189
>>>>>>>> devP:features/10/37fdce29-4633-47af-b911-f28c0540c59e-o6p3.csv
