RMS,MAV,IEMG,VAR,WL,WAMP,FMN,FMD
0.09179296915630174,0.08839480325681733,440.7364890384912,0.0006145718345004598,40.799931592409365,1568,-0.22435996266415453,0.0
