RMS,MAV,IEMG,VAR,WL,WAMP,FMN,FMD
<<<<<<<< HEAD:features/10/3f07953e-2b06-4b87-b08d-d7f6cb4b3401-o5p5.csv
0.05020885339945853,0.034049869547744346,183.83524568827173,0.0025173176101387523,80.25166049179444,2823,66.03274125559689,66.49379514724949
========
0.05020885339945853,0.034049869547744346,183.83524568827173,0.0025173176101387523,80.25166049179444,2823,65.843821863407,66.30857566215965
>>>>>>>> devP:features/10/930bb5cd-84a3-4661-acd9-87d9f4bb5264-o5p5.csv
