RMS,MAV,IEMG,VAR,WL,WAMP,FMN,FMD
0.07750084685670322,0.05644264423212078,291.80847068006443,0.005315799815473908,115.1413798858746,3285,52.85929378072743,59.767891682785304
