RMS,MAV,IEMG,VAR,WL,WAMP,FMN,FMD
<<<<<<<< HEAD:features/10/6dcf4d57-6825-4b1d-940e-8af934a779a8-o11p3.csv
0.07750084685670322,0.05644264423212078,291.80847068006443,0.005315799815473908,115.1413798858746,3285,66.59331262006498,67.69825918762089
========
0.07750084685670322,0.05644264423212078,291.80847068006443,0.005315799815473908,115.1413798858746,3285,52.85929378072743,59.767891682785304
>>>>>>>> devP:features/10/3f2ba50a-b0c3-444b-aded-19cc3017555e-o11p3.csv
