RMS,MAV,IEMG,VAR,WL,WAMP,FMN,FMD
0.030921356570916134,0.025471154722174722,136.47444700141216,0.00042438340504108104,32.213744888634,893,63.551435968950734,63.08324001493094
