RMS,MAV,IEMG,VAR,WL,WAMP,FMN,FMD
<<<<<<<< HEAD:features/10/3fc56496-5ac1-47f7-ad3e-ba5f5700f375-o5p6.csv
0.055402877863866586,0.043281679470949956,231.4271401311694,0.002411730556207331,88.82871405645201,3145,69.01369839466692,70.88086777632317
========
0.055402877863866586,0.043281679470949956,231.4271401311694,0.002411730556207331,88.82871405645201,3145,44.655835694436334,51.430708808677764
>>>>>>>> devP:features/10/56753d7d-c884-49a3-9523-6db0f566f7e1-o5p6.csv
