RMS,MAV,IEMG,VAR,WL,WAMP,FMN,FMD
<<<<<<<< HEAD:features/10/614536a5-836a-4b02-96cf-dda39b1a136a-o4p5.csv
0.16625969462523094,0.16535100035640962,793.6848017107661,0.0003013327380096739,27.572433555697256,749,68.35014259925174,70.83333333333334
========
0.16625969462523094,0.16535100035640962,793.6848017107661,0.0003013327380096739,27.572433555697256,749,0.3745893802521583,0.0
>>>>>>>> devP:features/10/3fe60298-8448-4bd3-8449-05bac5f4e047-o4p5.csv
