RMS,MAV,IEMG,VAR,WL,WAMP,FMN,FMD
0.16625969462523094,0.16535100035640962,793.6848017107661,0.0003013327380096739,27.572433555697256,749,0.3745893802521583,0.0
