RMS,MAV,IEMG,VAR,WL,WAMP,FMN,FMD
<<<<<<<< HEAD:features/10/417206be-ec81-4b06-a7f8-39679d41a7ba-o5p1.csv
0.03453544571325563,0.03290988372459509,168.03786629778256,0.00011575786552088544,17.38833017797406,142,62.3148272467309,63.25891108499805
========
0.03453544571325563,0.03290988372459509,168.03786629778256,0.00011575786552088544,17.38833017797406,142,3.178232606502878,0.0
>>>>>>>> devP:features/10/151d0af1-466d-4052-956e-c2e02775cd5a-o5p1.csv
