RMS,MAV,IEMG,VAR,WL,WAMP,FMN,FMD
<<<<<<<< HEAD:features/10/553a06ad-b65a-425a-83be-0da848a54178-o6p6.csv
0.06084552249163864,0.04405501796538653,240.18795794728737,0.003565621428336088,104.18331788854968,3335,70.0257392531963,73.91782831988262
========
0.06084552249163864,0.04405501796538653,240.18795794728737,0.003565621428336088,104.18331788854968,3335,65.04365610795753,71.16654438738078
>>>>>>>> devP:features/10/44264dbe-9721-4d27-bb02-576c08c0536a-o6p6.csv
