RMS,MAV,IEMG,VAR,WL,WAMP,FMN,FMD
0.0836020471462899,0.06408793203581321,356.2648141870856,0.005812213126226754,135.97723890569128,3831,16.51383069149914,52.34754452239611
