RMS,MAV,IEMG,VAR,WL,WAMP,FMN,FMD
0.07134191146679988,0.05840447306591728,303.76166441583575,0.0024924925242182845,82.6668529460183,2961,66.96893138074458,66.91020957508171
