RMS,MAV,IEMG,VAR,WL,WAMP,FMN,FMD
<<<<<<<< HEAD:features/10/fc88dbbd-546b-45b3-be13-5043bcde3875-o1p2.csv
0.06786206063399539,0.052693919340683584,322.2760106876208,0.0042570863143634365,133.44092218145795,4059,68.48062110799737,70.96141268803139
========
0.06786206063399539,0.052693919340683584,322.2760106876208,0.0042570863143634365,133.44092218145795,4059,58.85372033987794,67.0372792674951
>>>>>>>> devP:features/10/49ba578b-683f-49f2-948a-28343c417d43-o1p2.csv
