RMS,MAV,IEMG,VAR,WL,WAMP,FMN,FMD
0.06786206063399539,0.052693919340683584,322.2760106876208,0.0042570863143634365,133.44092218145795,4059,58.85372033987794,67.0372792674951
