RMS,MAV,IEMG,VAR,WL,WAMP,FMN,FMD
<<<<<<<< HEAD:features/10/0d0b4461-f888-4de7-8c9f-f0bb426c0335-o7p2.csv
0.059793655796643766,0.04987157235445677,269.6057201481933,0.001538433192710369,66.46288141887747,2658,64.60875047940797,64.00295967443581
========
0.059793655796643766,0.04987157235445677,269.6057201481933,0.001538433192710369,66.46288141887747,2658,17.710968608697883,0.0
>>>>>>>> devP:features/10/4edba660-fa24-4344-8524-a10df30bd484-o7p2.csv
