RMS,MAV,IEMG,VAR,WL,WAMP,FMN,FMD
0.059793655796643766,0.04987157235445677,269.6057201481933,0.001538433192710369,66.46288141887747,2658,17.710968608697883,0.0
