RMS,MAV,IEMG,VAR,WL,WAMP,FMN,FMD
<<<<<<<< HEAD:features/10/4f69efba-65da-4d8f-b1f5-598693e20ed4-o7p1.csv
0.14098307584004904,0.11785127260145914,639.5788564081188,0.00854608848961195,164.23430329104968,4016,68.30009736562359,70.75732448866776
========
0.14098307584004904,0.11785127260145914,639.5788564081188,0.00854608848961195,164.23430329104968,4016,18.70447394949588,0.0
>>>>>>>> devP:features/10/8dee8072-37a5-4eae-9ccf-fa54e2b2f1c8-o7p1.csv
