RMS,MAV,IEMG,VAR,WL,WAMP,FMN,FMD
0.1289809625951158,0.08607562422678958,529.5372402432095,0.014876614917594814,197.30664719202727,4129,-2.665783910322392,63.394018205461634
