RMS,MAV,IEMG,VAR,WL,WAMP,FMN,FMD
0.06084552249163864,0.04405501796538653,240.18795794728737,0.003565621428336088,104.18331788854968,3335,70.0257392531963,73.91782831988262
