RMS,MAV,IEMG,VAR,WL,WAMP,FMN,FMD
0.055402877863866586,0.043281679470949956,231.4271401311694,0.002411730556207331,88.82871405645201,3145,44.655835694436334,51.430708808677764
