RMS,MAV,IEMG,VAR,WL,WAMP,FMN,FMD
<<<<<<<< HEAD:features/10/57cb6796-aabd-4f3c-825f-b90165004157-o7p5.csv
0.0836020471462899,0.06408793203581321,356.2648141870856,0.005812213126226754,135.97723890569128,3831,66.12986387377958,65.47940277028242
========
0.0836020471462899,0.06408793203581321,356.2648141870856,0.005812213126226754,135.97723890569128,3831,47.06618159270617,52.34754452239611
>>>>>>>> devP:features/10/64c1dd66-14cf-428f-824f-29f0eca8626e-o7p5.csv
