RMS,MAV,IEMG,VAR,WL,WAMP,FMN,FMD
0.0836020471462899,0.06408793203581321,356.2648141870856,0.005812213126226754,135.97723890569128,3831,66.12986387377958,65.47940277028242
