RMS,MAV,IEMG,VAR,WL,WAMP,FMN,FMD
0.09172263037974443,0.06533849311775329,567.2034587552163,0.008383957590647653,253.84294547928496,6281,68.68240597650295,70.95956687017625
