RMS,MAV,IEMG,VAR,WL,WAMP,FMN,FMD
<<<<<<<< HEAD:features/10/613d3968-4a55-4251-80bb-8ac5d12345a5-o3p6.csv
0.09172263037974443,0.06533849311775329,567.2034587552163,0.008383957590647653,253.84294547928496,6281,68.68240597650295,70.95956687017625
========
0.09172263037974443,0.06533849311775329,567.2034587552163,0.008383957590647653,253.84294547928496,6281,68.20918069990105,70.72917866605229
>>>>>>>> devP:features/10/63b95fed-c0aa-4d86-bc5c-145bc24cceb0-o3p6.csv
