RMS,MAV,IEMG,VAR,WL,WAMP,FMN,FMD
<<<<<<<< HEAD:features/10/053ee66c-6138-4e66-b4b2-52373b163eeb-o9p4.csv
0.09509466748898106,0.08139173450136121,272.9878775175655,0.0033481523827696867,57.168736677427376,1997,62.66263936948247,59.92844364937388
========
0.09509466748898106,0.08139173450136121,272.9878775175655,0.0033481523827696867,57.168736677427376,1997,14.235741657349596,0.0
>>>>>>>> devP:features/10/64fe2b31-4dc5-49fe-b29e-8693f3342c33-o9p4.csv
