RMS,MAV,IEMG,VAR,WL,WAMP,FMN,FMD
<<<<<<<< HEAD:features/10/6377bb9c-cdd2-4340-927f-f221e1ba885e-o4p6.csv
0.05181014470612344,0.04459805820565292,112.34250862003971,0.000882526458508775,25.19045621932439,998,69.22912977288398,69.86899563318778
========
0.05181014470612344,0.04459805820565292,112.34250862003971,0.000882526458508775,25.19045621932439,998,13.61921081578933,0.0
>>>>>>>> devP:features/10/655a2854-0c7f-4a6c-8cfd-2939b0c55d48-o4p6.csv
