RMS,MAV,IEMG,VAR,WL,WAMP,FMN,FMD
0.05181014470612344,0.04459805820565292,112.34250862003971,0.000882526458508775,25.19045621932439,998,13.61921081578933,0.0
