RMS,MAV,IEMG,VAR,WL,WAMP,FMN,FMD
0.04874131895151044,0.045641894717514946,236.88143358390258,0.0003108664277195158,27.693236929540497,779,63.67507698469343,63.39113680154142
