RMS,MAV,IEMG,VAR,WL,WAMP,FMN,FMD
<<<<<<<< HEAD:features/10/0db3d0e5-dcbe-4d40-8376-660ae8957950-o9p5.csv
0.05463287249115389,0.03846727723822287,204.530513075631,0.0028107669751483762,81.97507014553707,2892,65.48824891155738,65.82659394395336
========
0.05463287249115389,0.03846727723822287,204.530513075631,0.0028107669751483762,81.97507014553707,2892,58.27403508570873,62.065074290013165
>>>>>>>> devP:features/10/6917a104-20f4-4531-bb7d-9947062f049e-o9p5.csv
