RMS,MAV,IEMG,VAR,WL,WAMP,FMN,FMD
<<<<<<<< HEAD:features/10/0b10cf4c-4b14-424a-8dbd-45327f66d092-o3p4.csv
0.1289809625951158,0.08607562422678958,529.5372402432095,0.014876614917594814,197.30664719202727,4129,68.25386018885125,68.43302990897269
========
0.1289809625951158,0.08607562422678958,529.5372402432095,0.014876614917594814,197.30664719202727,4129,55.19735537842221,63.394018205461634
>>>>>>>> devP:features/10/6d229365-c876-4aed-8cfb-f83232fa0de2-o3p4.csv
