RMS,MAV,IEMG,VAR,WL,WAMP,FMN,FMD
0.10821756866662587,0.09496033029454072,523.9911025652757,0.003117364471266543,97.18201517792065,3242,66.70489123771172,67.59695541862993
