RMS,MAV,IEMG,VAR,WL,WAMP,FMN,FMD
<<<<<<<< HEAD:features/10/6d619c02-87d5-4739-af58-88876f26859d-o2p1.csv
0.10821756866662587,0.09496033029454072,523.9911025652757,0.003117364471266543,97.18201517792065,3242,66.70489123771172,67.59695541862993
========
0.10821756866662587,0.09496033029454072,523.9911025652757,0.003117364471266543,97.18201517792065,3242,10.241139804080316,0.0
>>>>>>>> devP:features/10/1bba7501-b61c-445f-8db4-bc112f677b87-o2p1.csv
