RMS,MAV,IEMG,VAR,WL,WAMP,FMN,FMD
<<<<<<<< HEAD:features/10/6dd35009-8f45-48ae-b0ef-a2a4f9b94130-o4p2.csv
0.13301031447411632,0.1289051737642753,700.7285245826005,0.0010751999333053046,60.324091325964844,2485,67.02460858822518,68.06475349521708
========
0.13301031447411632,0.1289051737642753,700.7285245826005,0.0010751999333053046,60.324091325964844,2485,2.1005087886440332,0.0
>>>>>>>> devP:features/10/bd9385fd-9f0e-4470-bf2b-9196c05ae156-o4p2.csv
