RMS,MAV,IEMG,VAR,WL,WAMP,FMN,FMD
0.13301031447411632,0.1289051737642753,700.7285245826005,0.0010751999333053046,60.324091325964844,2485,67.02460858822518,68.06475349521708
