RMS,MAV,IEMG,VAR,WL,WAMP,FMN,FMD
0.1309930568693407,0.12647340677752042,349.57249633306645,0.0013505731443971465,26.046692480958946,794,64.30754665965695,66.93198263386397
