RMS,MAV,IEMG,VAR,WL,WAMP,FMN,FMD
<<<<<<<< HEAD:features/10/9c0b58e0-2bb7-42b3-848a-7a3de7816944-o7p6.csv
0.1013092559003354,0.08143180981429328,461.9626570764858,0.005908295634793345,138.82801799624096,3842,64.71065091971678,65.22122333862154
========
0.1013092559003354,0.08143180981429328,461.9626570764858,0.005908295634793345,138.82801799624096,3842,26.153223265594754,0.0
>>>>>>>> devP:features/10/731f6fc1-2c8e-4235-b9f9-3ec967a4f83f-o7p6.csv
