RMS,MAV,IEMG,VAR,WL,WAMP,FMN,FMD
<<<<<<<< HEAD:features/10/acb52554-84b8-4e8b-9a17-55af68a055ce-o2p2.csv
0.07852561819853288,0.0671083796651844,405.13328803871826,0.0022373267003673743,88.33305311851062,3099,66.99050320618375,69.73662415106841
========
0.07852561819853288,0.0671083796651844,405.13328803871826,0.0022373267003673743,88.33305311851062,3099,14.846596745840955,0.0
>>>>>>>> devP:features/10/7835e0a1-7017-4ce8-9d1c-8c023dac2e1d-o2p2.csv
