RMS,MAV,IEMG,VAR,WL,WAMP,FMN,FMD
0.12381314686950871,0.08657528162643324,461.35967578726274,0.013299815854378371,173.43553697031194,3732,-0.058537123600859976,57.796960030024394
