RMS,MAV,IEMG,VAR,WL,WAMP,FMN,FMD
0.09344750311580194,0.07218399411809757,380.8427529670828,0.006532333555613558,135.94077864312547,3631,66.62943243586139,66.33813495072025
