RMS,MAV,IEMG,VAR,WL,WAMP,FMN,FMD
0.024886153502982056,0.01834725169113465,92.12155074118708,0.0005592450011729463,38.20009599418509,1379,67.07677113041385,69.50806612228641
