RMS,MAV,IEMG,VAR,WL,WAMP,FMN,FMD
<<<<<<<< HEAD:features/10/8b1026da-36cf-45a5-8de5-0c50d22180f3-o8p5.csv
0.024886153502982056,0.01834725169113465,92.12155074118708,0.0005592450011729463,38.20009599418509,1379,67.07677113041385,69.50806612228641
========
0.024886153502982056,0.01834725169113465,92.12155074118708,0.0005592450011729463,38.20009599418509,1379,55.21424026161868,61.34236207926708
>>>>>>>> devP:features/10/69450344-846d-44ad-a835-20ede50bab34-o8p5.csv
