RMS,MAV,IEMG,VAR,WL,WAMP,FMN,FMD
<<<<<<<< HEAD:features/10/8ca98e79-bcf0-4740-9421-1dc003a40a23-o11p5.csv
0.08761287938093536,0.06891621946138582,171.25680536154377,0.006014961113536491,57.13569503553249,1423,66.7716604946353,68.41046277665997
========
0.08761287938093536,0.06891621946138582,171.25680536154377,0.006014961113536491,57.13569503553249,1423,43.014441226047204,48.692152917505034
>>>>>>>> devP:features/10/6d5988d2-de2e-4b4b-8b9a-8bacc2f6c055-o11p5.csv
