RMS,MAV,IEMG,VAR,WL,WAMP,FMN,FMD
0.05020885339945853,0.034049869547744346,183.83524568827173,0.0025173176101387523,80.25166049179444,2823,65.843821863407,66.30857566215965
