RMS,MAV,IEMG,VAR,WL,WAMP,FMN,FMD
0.16542369098743787,0.14812939208353934,805.9720223265376,0.006329478522819721,136.78765595979104,3725,65.23660802233681,65.42914905348282
