RMS,MAV,IEMG,VAR,WL,WAMP,FMN,FMD
<<<<<<<< HEAD:features/10/313572f7-60af-47ec-b30d-148e4aca1c51-o11p2.csv
0.08564442480971848,0.07088916704487037,400.16934796829327,0.003490307511087041,102.91856334136791,3401,67.51745662012337,67.8476527900797
========
0.08564442480971848,0.07088916704487037,400.16934796829327,0.003490307511087041,102.91856334136791,3401,21.079117901091337,0.0
>>>>>>>> devP:features/10/971c9952-c634-4225-931f-f15e8da12203-o11p2.csv
