RMS,MAV,IEMG,VAR,WL,WAMP,FMN,FMD
0.08564442480971848,0.07088916704487037,400.16934796829327,0.003490307511087041,102.91856334136791,3401,21.079117901091337,0.0
