RMS,MAV,IEMG,VAR,WL,WAMP,FMN,FMD
<<<<<<<< HEAD:features/10/e329075c-32a1-4de5-90af-d141272ab3f2-o8p6.csv
0.025280343605320096,0.018531369660692645,130.29406008433,0.0006097551805610368,55.24670689231833,2002,66.17850918750301,67.84241217465508
========
0.025280343605320096,0.018531369660692645,130.29406008433,0.0006097551805610368,55.24670689231833,2002,60.36878142643525,64.99786659081211
>>>>>>>> devP:features/10/9826977a-9d19-48ff-b345-df2880a3b8d8-o8p6.csv
