RMS,MAV,IEMG,VAR,WL,WAMP,FMN,FMD
0.09344750311580194,0.07218399411809757,380.8427529670828,0.006532333555613558,135.94077864312547,3631,39.811952907491715,45.489006823351026
