RMS,MAV,IEMG,VAR,WL,WAMP,FMN,FMD
<<<<<<<< HEAD:features/10/8489fe5e-a421-4142-bf6c-cf8b7d668c6f-o6p4.csv
0.09344750311580194,0.07218399411809757,380.8427529670828,0.006532333555613558,135.94077864312547,3631,66.62943243586139,66.33813495072025
========
0.09344750311580194,0.07218399411809757,380.8427529670828,0.006532333555613558,135.94077864312547,3631,39.811952907491715,45.489006823351026
>>>>>>>> devP:features/10/9a90dab9-a83b-4ef9-982b-416bd8a70c55-o6p4.csv
