RMS,MAV,IEMG,VAR,WL,WAMP,FMN,FMD
<<<<<<<< HEAD:features/10/ee0a68c5-5bc8-4f15-ad3c-633c39930207-o1p1.csv
0.0702095951070666,0.052308916455956804,292.40684298879853,0.00491871358440151,130.6766391906964,3753,69.28052080991327,71.01967799642219
========
0.0702095951070666,0.052308916455956804,292.40684298879853,0.00491871358440151,130.6766391906964,3753,68.98114119375697,70.84078711985688
>>>>>>>> devP:features/10/9f301958-c386-4d6e-9c40-53b50d17bcba-o1p1.csv
