RMS,MAV,IEMG,VAR,WL,WAMP,FMN,FMD
0.10568110218026235,0.07955468793795858,401.59206471081495,0.011078395189729157,176.97495299134135,3769,69.34087400637236,71.71156893819335
