RMS,MAV,IEMG,VAR,WL,WAMP,FMN,FMD
<<<<<<<< HEAD:features/10/93e7804d-301b-4a69-a597-5e5843f72d06-o6p2.csv
0.16542369098743787,0.14812939208353934,805.9720223265376,0.006329478522819721,136.78765595979104,3725,65.23660802233681,65.42914905348282
========
0.16542369098743787,0.14812939208353934,805.9720223265376,0.006329478522819721,136.78765595979104,3725,8.53118393669942,0.0
>>>>>>>> devP:features/10/aad34be5-fdea-40aa-b190-ca6cc7c60873-o6p2.csv
