RMS,MAV,IEMG,VAR,WL,WAMP,FMN,FMD
0.07852561819853288,0.0671083796651844,405.13328803871826,0.0022373267003673743,88.33305311851062,3099,66.99050320618375,69.73662415106841
