RMS,MAV,IEMG,VAR,WL,WAMP,FMN,FMD
<<<<<<<< HEAD:features/10/afb9584f-78f4-4d66-a14b-37f3e3f9061c-o3p2.csv
0.04187173890000927,0.031775046906219455,161.76676379956325,0.001742974449484233,68.61376040210658,2685,65.85155659610696,66.5880966411314
========
0.04187173890000927,0.031775046906219455,161.76676379956325,0.001742974449484233,68.61376040210658,2685,65.08471308136104,66.39167157729325
>>>>>>>> devP:features/10/7486970c-89d7-47c6-96ed-f60b5f64b2a4-o3p2.csv
