RMS,MAV,IEMG,VAR,WL,WAMP,FMN,FMD
0.04187173890000927,0.031775046906219455,161.76676379956325,0.001742974449484233,68.61376040210658,2685,65.85155659610696,66.5880966411314
