RMS,MAV,IEMG,VAR,WL,WAMP,FMN,FMD
<<<<<<<< HEAD:features/10/3fbd8361-253e-46f9-b709-82f185589b9d-o5p3.csv
0.030921356570916134,0.025471154722174722,136.47444700141216,0.00042438340504108104,32.213744888634,893,63.551435968950734,63.08324001493094
========
0.030921356570916134,0.025471154722174722,136.47444700141216,0.00042438340504108104,32.213744888634,893,18.12661449778963,0.0
>>>>>>>> devP:features/10/b2d4b59f-8d57-45b9-be36-e3911e812b53-o5p3.csv
