RMS,MAV,IEMG,VAR,WL,WAMP,FMN,FMD
<<<<<<<< HEAD:features/10/ab9e06d2-35fc-4040-b8c1-cfc10793fe84-o3p5.csv
0.12381314686950871,0.08657528162643324,461.35967578726274,0.013299815854378371,173.43553697031194,3732,67.64994790320543,70.7449802964909
========
0.12381314686950871,0.08657528162643324,461.35967578726274,0.013299815854378371,173.43553697031194,3732,51.8291409175658,57.796960030024394
>>>>>>>> devP:features/10/b3074f1d-9ab2-4629-9452-18b6347a3cd2-o3p5.csv
