RMS,MAV,IEMG,VAR,WL,WAMP,FMN,FMD
0.11315623731623187,0.08907890830030356,499.82175447300324,0.00739572511664613,133.46924143290508,3576,65.48158994019451,64.69435038317592
