RMS,MAV,IEMG,VAR,WL,WAMP,FMN,FMD
0.10388424908416466,0.08454664838973382,527.4865393035493,0.006972628426482536,160.95698636213828,3981,68.39167407690366,71.00496874499119
