RMS,MAV,IEMG,VAR,WL,WAMP,FMN,FMD
<<<<<<<< HEAD:features/10/8493a936-8d21-49d1-b054-986094bc6736-o4p1.csv
0.09179296915630174,0.08839480325681733,440.7364890384912,0.0006145718345004598,40.799931592409365,1568,66.14481198004923,66.98756518251103
========
0.09179296915630174,0.08839480325681733,440.7364890384912,0.0006145718345004598,40.799931592409365,1568,2.5035365398210416,0.0
>>>>>>>> devP:features/10/b4dd2ca9-15f1-4112-af94-3b0a38034969-o4p1.csv
