RMS,MAV,IEMG,VAR,WL,WAMP,FMN,FMD
0.06996167055520548,0.048184184462446794,264.77209362114513,0.004814446706939778,117.29816022731339,3392,68.4136852561641,67.69790718835304
