RMS,MAV,IEMG,VAR,WL,WAMP,FMN,FMD
<<<<<<<< HEAD:features/10/b5e363e4-554c-448e-9990-15ccf08555d8-o9p3.csv
0.06996167055520548,0.048184184462446794,264.77209362114513,0.004814446706939778,117.29816022731339,3392,68.4136852561641,67.69790718835304
========
0.06996167055520548,0.048184184462446794,264.77209362114513,0.004814446706939778,117.29816022731339,3392,66.20817994051866,67.51592356687898
>>>>>>>> devP:features/10/ee7b6a25-da38-49c7-a06e-b97a91555bac-o9p3.csv
