RMS,MAV,IEMG,VAR,WL,WAMP,FMN,FMD
<<<<<<<< HEAD:features/10/b65bcdbd-cb5a-4e4d-91ba-bfd76c435148-o11p1.csv
0.07488778121962167,0.05978295692242493,333.70846554097596,0.0039319750601165306,112.7764072630054,3509,67.80337213399704,68.25510569688284
========
0.07488778121962167,0.05978295692242493,333.70846554097596,0.0039319750601165306,112.7764072630054,3509,36.59899795999185,36.18774632748119
>>>>>>>> devP:features/10/6e0d78fb-f537-4adf-a123-3139940a7586-o11p1.csv
