RMS,MAV,IEMG,VAR,WL,WAMP,FMN,FMD
<<<<<<<< HEAD:features/10/b78e133c-92bd-4d65-a22d-2d5051545323-o4p4.csv
0.037948776189591124,0.0314476475899624,179.56606773868532,0.0006358335973164945,46.63521884560825,1743,67.12588585556632,68.30122591943957
========
0.037948776189591124,0.0314476475899624,179.56606773868532,0.0006358335973164945,46.63521884560825,1743,19.016738602602622,0.0
>>>>>>>> devP:features/10/b3221ba8-18a2-4746-969f-1aa0c5c45977-o4p4.csv
