RMS,MAV,IEMG,VAR,WL,WAMP,FMN,FMD
0.037948776189591124,0.0314476475899624,179.56606773868532,0.0006358335973164945,46.63521884560825,1743,67.12588585556632,68.30122591943957
