RMS,MAV,IEMG,VAR,WL,WAMP,FMN,FMD
0.08505941402943334,0.06822399757226771,331.5686282012211,0.005104809764180838,114.40708726531057,3353,4.708409763652572,0.0
