RMS,MAV,IEMG,VAR,WL,WAMP,FMN,FMD
0.10722463826253244,0.08316776213762152,458.17120161615696,0.008393660249498803,163.18931869647187,4022,-4.703436659811708,43.02051188963514
