RMS,MAV,IEMG,VAR,WL,WAMP,FMN,FMD
<<<<<<<< HEAD:features/10/299c6c17-6db0-44d8-b172-5dc8c8b7324c-o10p6.csv
0.08850377464993599,0.06484280440229641,337.7013253271597,0.006738198379957662,128.08854310904255,3344,67.73210477182455,69.5084485407066
========
0.08850377464993599,0.06484280440229641,337.7013253271597,0.006738198379957662,128.08854310904255,3344,51.12129018453964,58.94777265745007
>>>>>>>> devP:features/10/b8ceb230-5e60-4f57-b90a-74cea15ff3bc-o10p6.csv
