RMS,MAV,IEMG,VAR,WL,WAMP,FMN,FMD
<<<<<<<< HEAD:features/10/44707a30-a1f4-4069-9a72-4c60bbc5e679-o2p3.csv
0.07134191146679988,0.05840447306591728,303.76166441583575,0.0024924925242182845,82.6668529460183,2961,66.96893138074458,66.91020957508171
========
0.07134191146679988,0.05840447306591728,303.76166441583575,0.0024924925242182845,82.6668529460183,2961,21.714966219878075,0.0
>>>>>>>> devP:features/10/b9bfd9f0-3df2-4347-987e-9469db345b47-o2p3.csv
