RMS,MAV,IEMG,VAR,WL,WAMP,FMN,FMD
0.07134191146679988,0.05840447306591728,303.76166441583575,0.0024924925242182845,82.6668529460183,2961,21.714966219878075,0.0
