RMS,MAV,IEMG,VAR,WL,WAMP,FMN,FMD
0.1042322305699934,0.09957651160688942,613.7896175448664,0.0009574695687507846,63.11104579673992,2558,3.178233885199075,0.0
