RMS,MAV,IEMG,VAR,WL,WAMP,FMN,FMD
<<<<<<<< HEAD:features/10/2f63a3a5-1943-4f16-9f95-4a91d04c036c-o4p3.csv
0.1042322305699934,0.09957651160688942,613.7896175448664,0.0009574695687507846,63.11104579673992,2558,68.94827585642332,71.8689162881246
========
0.1042322305699934,0.09957651160688942,613.7896175448664,0.0009574695687507846,63.11104579673992,2558,3.178233885199075,0.0
>>>>>>>> devP:features/10/bfcfb4fc-2489-47d0-a984-93702d5e8da8-o4p3.csv
