RMS,MAV,IEMG,VAR,WL,WAMP,FMN,FMD
0.10386817552476259,0.09862538254758012,562.8550581990397,0.0012301712907115945,60.77587006205093,2287,66.9598687738102,69.03802347993692
