RMS,MAV,IEMG,VAR,WL,WAMP,FMN,FMD
0.07799780359771422,0.06520035908575579,360.427585026058,0.0025175705404184606,89.78239440631012,3184,66.01945698441018,66.38929088277858
