RMS,MAV,IEMG,VAR,WL,WAMP,FMN,FMD
<<<<<<<< HEAD:features/10/c0a8eed9-8f55-47f4-b1f1-47979cda3b88-o7p4.csv
0.07799780359771422,0.06520035908575579,360.427585026058,0.0025175705404184606,89.78239440631012,3184,66.01945698441018,66.38929088277858
========
0.07799780359771422,0.06520035908575579,360.427585026058,0.0025175705404184606,89.78239440631012,3184,17.22415047621714,0.0
>>>>>>>> devP:features/10/a4884e61-37ea-4d61-a5f2-e5adde1cc943-o7p4.csv
