RMS,MAV,IEMG,VAR,WL,WAMP,FMN,FMD
0.16599629299856275,0.16096340159365966,711.297271642382,0.0016721236992175248,57.597419806215015,2124,0.05806725296894598,0.0
