RMS,MAV,IEMG,VAR,WL,WAMP,FMN,FMD
0.08761287938093536,0.06891621946138582,171.25680536154377,0.006014961113536491,57.13569503553249,1423,-10.311647562136637,48.692152917505034
