RMS,MAV,IEMG,VAR,WL,WAMP,FMN,FMD
<<<<<<<< HEAD:features/10/e8920163-ebe8-44a3-b2fd-23128668042c-o8p2.csv
0.14604591948238985,0.14244118068238948,701.6652560414506,0.0011101370964528158,46.632422883430664,1716,62.14077706430382,62.11936662606577
========
0.14604591948238985,0.14244118068238948,701.6652560414506,0.0011101370964528158,46.632422883430664,1716,1.6603361740582994,0.0
>>>>>>>> devP:features/10/ca4df69f-5978-41bf-9bbd-bc83333ac690-o8p2.csv
