RMS,MAV,IEMG,VAR,WL,WAMP,FMN,FMD
<<<<<<<< HEAD:features/10/19bc76e4-2014-4830-b106-6c9a8253f857-o10p2.csv
0.05165372090967763,0.03990552362796565,209.4640935231917,0.001956084787523221,68.80449531560839,2448,66.03216950253585,65.1552676700324
========
0.05165372090967763,0.03990552362796565,209.4640935231917,0.001956084787523221,68.80449531560839,2448,38.212897499253074,42.4842827205182
>>>>>>>> devP:features/10/cb9a3891-abdd-445e-9537-d09840a708bc-o10p2.csv
