RMS,MAV,IEMG,VAR,WL,WAMP,FMN,FMD
0.0637811736953275,0.05742926115055526,322.8098769272711,0.0008618452986045698,52.379530352805965,2093,64.3439896820733,62.266500622665
