RMS,MAV,IEMG,VAR,WL,WAMP,FMN,FMD
<<<<<<<< HEAD:features/10/fdd49b86-e85d-474a-976d-de87f238bae0-o1p5.csv
0.06776843956240153,0.061135565172162364,296.20181325912665,0.0009367735826365115,50.32303427845326,2054,69.02290702693921,70.38183694530444
========
0.06776843956240153,0.061135565172162364,296.20181325912665,0.0009367735826365115,50.32303427845326,2054,7.839003197411566,0.0
>>>>>>>> devP:features/10/cf4e601d-b963-44c1-8df7-cfbd63227009-o1p5.csv
