RMS,MAV,IEMG,VAR,WL,WAMP,FMN,FMD
<<<<<<<< HEAD:features/10/7f13fb8d-efd9-4c6c-9ccb-e97ca1a3b79a-o8p4.csv
0.035867078448383646,0.0288829611023358,134.1613543203498,0.0007207675363478702,41.316452999572036,1680,66.88617756645623,68.67599569429493
========
0.035867078448383646,0.0288829611023358,134.1613543203498,0.0007207675363478702,41.316452999572036,1680,26.029199352181276,0.0
>>>>>>>> devP:features/10/cf6775d3-536b-42ae-b072-995a69800bc5-o8p4.csv
