RMS,MAV,IEMG,VAR,WL,WAMP,FMN,FMD
0.035867078448383646,0.0288829611023358,134.1613543203498,0.0007207675363478702,41.316452999572036,1680,26.029199352181276,0.0
