RMS,MAV,IEMG,VAR,WL,WAMP,FMN,FMD
<<<<<<<< HEAD:features/10/678abd96-c13c-48bb-a2e8-11b338739d3e-o5p2.csv
0.04874131895151044,0.045641894717514946,236.88143358390258,0.0003108664277195158,27.693236929540497,779,63.67507698469343,63.39113680154142
========
0.04874131895151044,0.045641894717514946,236.88143358390258,0.0003108664277195158,27.693236929540497,779,4.457639891105099,0.0
>>>>>>>> devP:features/10/cf7e8e35-4669-4de8-a822-ef6250009146-o5p2.csv
