RMS,MAV,IEMG,VAR,WL,WAMP,FMN,FMD
0.07961418287438818,0.07007016460738665,398.1386752991709,0.0021356334027458823,78.65266566489206,2855,1.3113943683232503,0.0
