RMS,MAV,IEMG,VAR,WL,WAMP,FMN,FMD
<<<<<<<< HEAD:features/10/cbd87d4e-e8ef-4e94-8d0a-ef276f4a40aa-o8p3.csv
0.07851230016308494,0.07207347357577756,368.6558173401022,0.001100038823646751,48.54678854247997,1802,62.65313670202208,61.77908113391984
========
0.07851230016308494,0.07207347357577756,368.6558173401022,0.001100038823646751,48.54678854247997,1802,6.138127511447436,0.0
>>>>>>>> devP:features/10/d1d91368-78bf-4a8c-b61a-300837637c5d-o8p3.csv
