RMS,MAV,IEMG,VAR,WL,WAMP,FMN,FMD
0.1013092559003354,0.08143180981429328,461.9626570764858,0.005908295634793345,138.82801799624096,3842,0.34990005691306447,0.0
