RMS,MAV,IEMG,VAR,WL,WAMP,FMN,FMD
<<<<<<<< HEAD:features/10/8a2dd13c-c6d3-4b46-b903-4a664dce1df2-o8p1.csv
0.05388498378553483,0.03998515382258981,237.9116652444094,0.0028966542493746128,94.65290176133536,3273,60.38390364820646,58.99159663865546
========
0.05388498378553483,0.03998515382258981,237.9116652444094,0.0028966542493746128,94.65290176133536,3273,60.0960542885655,58.99159663865546
>>>>>>>> devP:features/10/d760289b-2244-47c5-9311-47077c54fc49-o8p1.csv
