RMS,MAV,IEMG,VAR,WL,WAMP,FMN,FMD
0.05388498378553483,0.03998515382258981,237.9116652444094,0.0028966542493746128,94.65290176133536,3273,60.0960542885655,58.99159663865546
