RMS,MAV,IEMG,VAR,WL,WAMP,FMN,FMD
<<<<<<<< HEAD:features/10/6f8c6462-5862-41aa-a190-9af2c4a398b1-o9p6.csv
0.1309930568693407,0.12647340677752042,349.57249633306645,0.0013505731443971465,26.046692480958946,794,64.30754665965695,66.93198263386397
========
0.1309930568693407,0.12647340677752042,349.57249633306645,0.0013505731443971465,26.046692480958946,794,2.6344523921706324,0.0
>>>>>>>> devP:features/10/d8defb97-b85b-41fa-9e26-7bf943b2b824-o9p6.csv
