RMS,MAV,IEMG,VAR,WL,WAMP,FMN,FMD
0.062499899812270096,0.05231112609286298,270.39621077400875,0.0016311487710788891,70.64626629832682,2749,67.42943561556014,68.09827819694331
