RMS,MAV,IEMG,VAR,WL,WAMP,FMN,FMD
<<<<<<<< HEAD:features/10/01fc4ea9-dfc6-4d32-a74a-670b2b3ec835-o6p5.csv
0.10722463826253244,0.08316776213762152,458.17120161615696,0.008393660249498803,163.18931869647187,4022,68.41551589016555,69.52259938282809
========
0.10722463826253244,0.08316776213762152,458.17120161615696,0.008393660249498803,163.18931869647187,4022,39.33106534315944,43.02051188963514
>>>>>>>> devP:features/10/dc80532c-995a-4f3c-b9cb-87332dc15153-o6p5.csv
