RMS,MAV,IEMG,VAR,WL,WAMP,FMN,FMD
0.1527075804733207,0.13525840558139712,742.9744218586144,0.006436710688496352,138.31354541196072,3843,67.78691536940637,68.26870562534134
