RMS,MAV,IEMG,VAR,WL,WAMP,FMN,FMD
<<<<<<<< HEAD:features/10/e814a67f-7ed1-4dba-83e0-d1b80fb7f5f5-o10p1.csv
0.16599629299856275,0.16096340159365966,711.297271642382,0.0016721236992175248,57.597419806215015,2124,69.87421775359635,70.8305046390586
========
0.16599629299856275,0.16096340159365966,711.297271642382,0.0016721236992175248,57.597419806215015,2124,2.1864518658687593,0.0
>>>>>>>> devP:features/10/266bdd59-8114-46f9-b21d-1c19c7abc67b-o10p1.csv
