RMS,MAV,IEMG,VAR,WL,WAMP,FMN,FMD
0.10386817552476259,0.09862538254758012,562.8550581990397,0.0012301712907115945,60.77587006205093,2287,4.048361383959788,0.0
