RMS,MAV,IEMG,VAR,WL,WAMP,FMN,FMD
<<<<<<<< HEAD:features/10/c01a4a35-470e-452c-b58d-a6534fa2a64f-o3p1.csv
0.10386817552476259,0.09862538254758012,562.8550581990397,0.0012301712907115945,60.77587006205093,2287,66.9598687738102,69.03802347993692
========
0.10386817552476259,0.09862538254758012,562.8550581990397,0.0012301712907115945,60.77587006205093,2287,4.048361383959788,0.0
>>>>>>>> devP:features/10/ec522063-fc30-4ee2-9d04-df8a13cd771a-o3p1.csv
