RMS,MAV,IEMG,VAR,WL,WAMP,FMN,FMD
0.14098307584004904,0.11785127260145914,639.5788564081188,0.00854608848961195,164.23430329104968,4016,0.183592374727409,0.0
