RMS,MAV,IEMG,VAR,WL,WAMP,FMN,FMD
0.06996167055520548,0.048184184462446794,264.77209362114513,0.004814446706939778,117.29816022731339,3392,68.79466175009726,67.51592356687898
