RMS,MAV,IEMG,VAR,WL,WAMP,FMN,FMD
<<<<<<<< HEAD:features/10/2b82e9b3-7b0d-4285-b6b0-3b5f4bb514fb-o10p3.csv
0.105814774381162,0.10334473909972024,205.2426518520444,0.000516631377746978,14.073078201740959,484,64.64460655967224,62.43705941591138
========
0.105814774381162,0.10334473909972024,205.2426518520444,0.000516631377746978,14.073078201740959,484,1.526607049568185,0.0
>>>>>>>> devP:features/10/ef8d22ec-00bc-48e8-b20f-7940ebbfcc9f-o10p3.csv
