RMS,MAV,IEMG,VAR,WL,WAMP,FMN,FMD
0.0702095951070666,0.052308916455956804,292.40684298879853,0.00491871358440151,130.6766391906964,3753,69.28052080991327,71.01967799642219
