RMS,MAV,IEMG,VAR,WL,WAMP,FMN,FMD
<<<<<<<< HEAD:features/10/a649ee5b-f80d-4d60-b65e-5c3b0a69a02b-o11p6.csv
0.10568110218026235,0.07955468793795858,401.59206471081495,0.011078395189729157,176.97495299134135,3769,69.34087400637236,71.71156893819335
========
0.10568110218026235,0.07955468793795858,401.59206471081495,0.011078395189729157,176.97495299134135,3769,68.23103321013384,70.5229793977813
>>>>>>>> devP:features/10/faa5e7fa-b698-4d55-84ac-7785ef144b5f-o11p6.csv
