RMS,MAV,IEMG,VAR,WL,WAMP,FMN,FMD
0.06786206063399539,0.052693919340683584,322.2760106876208,0.0042570863143634365,133.44092218145795,4059,68.48062110799737,70.96141268803139
