RMS,MAV,IEMG,VAR,WL,WAMP,FMN,FMD
0.06776843956240153,0.061135565172162364,296.20181325912665,0.0009367735826365115,50.32303427845326,2054,69.02290702693921,70.38183694530444
