RMS,MAV,IEMG,VAR,WL,WAMP,FMN,FMD
0.06623483081326834,0.04542303587179295,220.75595433691373,0.003973485442285802,89.19806459341326,2794,56.17400863695038,61.11111111111111
