RMS,MAV,IEMG,VAR,WL,WAMP,FMN,FMD
<<<<<<<< HEAD:features/10/31e119e3-08a8-406e-a97b-5f7055e3dacc-o9p1.csv
0.06623483081326834,0.04542303587179295,220.75595433691373,0.003973485442285802,89.19806459341326,2794,67.86738299670316,68.5185185185185
========
0.06623483081326834,0.04542303587179295,220.75595433691373,0.003973485442285802,89.19806459341326,2794,56.17400863695038,61.11111111111111
>>>>>>>> devP:features/10/ff1eb552-a9f0-4dd7-ad42-5b95e0a347fa-o9p1.csv
