{"window_size": 700, "threshold": 0.0025, "cutoff": 100, "segments": [[10.445, 15.270999999999999], [25.554000000000002, 31.437], [40.356, 46.699], [55.286, 61.686], [70.423, 77.28500000000001], [85.70700000000001, 91.667], [100.394, 107.807], [115.52000000000001, 121.96400000000001], [130.561, 137.745], [145.77800000000002, 150.622], [160.56400000000002, 165.87900000000002], [175.764, 181.138], [190.82500000000002, 196.216], [205.63500000000002, 211.37900000000002], [220.705, 226.27200000000002], [235.798, 241.447], [251.038, 256.397], [265.618, 275.01099999999997]]}