{"window_size": 800, "threshold": 0.0028, "cutoff": 100, "segments": [[10.658, 12.612], [25.636000000000003, 32.034], [40.619, 51.975], [58.477, 62.426], [70.97600000000001, 81.14200000000001], [87.644, 92.30300000000001], [101.02000000000001, 107.80900000000001], [115.97900000000001, 122.176], [131.03400000000002, 138.03], [146.29500000000002, 151.64100000000002], [161.20100000000002, 166.76500000000001], [176.352, 182.112], [191.591, 192.011], [206.245, 211.953], [221.32500000000002, 226.9], [236.166, 242.175], [251.26000000000002, 257.24699999999996], [266.12199999999996, 272.304]]}