RMS,MAV,IEMG,VAR,WL,WAMP,FMN,FMD
0.04657694829409608,0.03573543335270936,49.77945866032414,0.0020796637677576927,20.622217932504885,784,47.291043426663926,0.0
