RMS,MAV,IEMG,VAR,WL,WAMP,FMN,FMD
0.06913700290528903,0.05400478275902703,211.10469580503667,0.00310746342663031,61.78726482546388,2247,29.139293148793808,0.0
