RMS,MAV,IEMG,VAR,WL,WAMP,FMN,FMD
<<<<<<<< HEAD:features/1/0f9983a6-6425-4252-a3da-549af3a6a6db-o11p5.csv
0.06913700290528903,0.05400478275902703,211.10469580503667,0.00310746342663031,61.78726482546388,2247,60.50529580144122,58.83857764134049
========
0.06913700290528903,0.05400478275902703,211.10469580503667,0.00310746342663031,61.78726482546388,2247,29.139293148793808,0.0
>>>>>>>> devP:features/1/0cba70b1-bf6f-4aa4-99a3-90f5cfbfb0e4-o11p5.csv
