RMS,MAV,IEMG,VAR,WL,WAMP,FMN,FMD
0.1307611555582384,0.1290328677718069,180.2589162772142,0.00044899883750921496,9.878393592761332,319,66.40745153080606,68.71868289191124
