RMS,MAV,IEMG,VAR,WL,WAMP,FMN,FMD
<<<<<<<< HEAD:features/1/e895af3f-4820-426f-810a-8b93649475f6-o2p2.csv
0.08346009030861616,0.06979230354244395,405.28390667097204,0.0030439514836302327,100.19342490917671,3346,65.66926272866027,68.88238333046323
========
0.08346009030861616,0.06979230354244395,405.28390667097204,0.0030439514836302327,100.19342490917671,3346,18.360427682121344,0.0
>>>>>>>> devP:features/1/15e8bdc4-be14-4efc-8fd6-8fd73f7f696b-o2p2.csv
