RMS,MAV,IEMG,VAR,WL,WAMP,FMN,FMD
<<<<<<<< HEAD:features/1/51cbf897-2b77-47d1-98db-6410d546ea61-o11p6.csv
0.04657694829409608,0.03573543335270936,49.77945866032414,0.0020796637677576927,20.622217932504885,784,64.05776537253432,65.32663316582914
========
0.04657694829409608,0.03573543335270936,49.77945866032414,0.0020796637677576927,20.622217932504885,784,58.96819470019668,61.01938262742283
>>>>>>>> devP:features/1/18d0a8fa-7117-4ca5-abea-2ad7519961ec-o11p6.csv
