RMS,MAV,IEMG,VAR,WL,WAMP,FMN,FMD
0.050774635434675336,0.04421948399026875,73.49278239182667,0.0007897090743161058,15.190672962346188,615,63.90182822560764,61.37184115523465
