RMS,MAV,IEMG,VAR,WL,WAMP,FMN,FMD
<<<<<<<< HEAD:features/1/197aad8e-80b6-41e0-9a3c-c0499c768a23-o4p6.csv
0.050774635434675336,0.04421948399026875,73.49278239182667,0.0007897090743161058,15.190672962346188,615,63.90182822560764,61.37184115523465
========
0.050774635434675336,0.04421948399026875,73.49278239182667,0.0007897090743161058,15.190672962346188,615,11.557266881572268,0.0
>>>>>>>> devP:features/1/268ba135-290c-4012-8e00-bb3ed552bb8e-o4p6.csv
