RMS,MAV,IEMG,VAR,WL,WAMP,FMN,FMD
0.03471526934251478,0.026214028934430176,133.06241087116757,0.0011443594840944507,54.98284511278812,2218,18.19502753599741,0.0
