RMS,MAV,IEMG,VAR,WL,WAMP,FMN,FMD
<<<<<<<< HEAD:features/1/f8f19e7c-8bb2-49ec-8842-c3f782c6665c-o6p6.csv
0.052966438153663836,0.038452245914744526,202.75869270844788,0.0026683843344162336,85.30822280179473,2967,65.63769075242729,64.8587142044377
========
0.052966438153663836,0.038452245914744526,202.75869270844788,0.0026683843344162336,85.30822280179473,2967,59.522997000043155,59.54864403565333
>>>>>>>> devP:features/1/1ebd7291-3b0f-4c09-8369-1037aff97364-o6p6.csv
