RMS,MAV,IEMG,VAR,WL,WAMP,FMN,FMD
<<<<<<<< HEAD:features/1/3f6d1110-3f2f-42e8-98a5-7558ddbb2bbb-o3p3.csv
0.06341272463675483,0.04801541450641956,273.30373937054014,0.0037853686614838823,114.59216739107552,3689,66.54770921766429,70.27406886858749
========
0.06341272463675483,0.04801541450641956,273.30373937054014,0.0037853686614838823,114.59216739107552,3689,59.17521272735196,66.76036542515811
>>>>>>>> devP:features/1/1f8e08f8-330e-45fe-8b30-9d3bed89aec4-o3p3.csv
