RMS,MAV,IEMG,VAR,WL,WAMP,FMN,FMD
0.04815295259920981,0.03721268554063938,202.5858600832408,0.0019682410431256943,80.07864930087996,2952,68.6658423713763,71.27112417340192
