RMS,MAV,IEMG,VAR,WL,WAMP,FMN,FMD
<<<<<<<< HEAD:features/1/20c31c02-b099-4025-b4e8-b6eb35c1e16c-o1p2.csv
0.04815295259920981,0.03721268554063938,202.5858600832408,0.0019682410431256943,80.07864930087996,2952,68.6658423713763,71.27112417340192
========
0.04815295259920981,0.03721268554063938,202.5858600832408,0.0019682410431256943,80.07864930087996,2952,50.634015606810834,59.515062454077885
>>>>>>>> devP:features/1/a7b281f7-88c8-4f3e-944e-3ffe3c493f57-o1p2.csv
