RMS,MAV,IEMG,VAR,WL,WAMP,FMN,FMD
0.10632030618728582,0.08342824570543664,485.21867702281946,0.006983140220637796,144.17603998563843,3870,64.4236125730982,62.75790921595599
