RMS,MAV,IEMG,VAR,WL,WAMP,FMN,FMD
<<<<<<<< HEAD:features/1/d4464e53-a4fe-4143-a4cf-a990332233e1-o7p5.csv
0.07904780794900589,0.06058746696283263,324.6882354538201,0.005067028729248153,121.38320071211359,3489,67.01860793459164,67.92311998507184
========
0.07904780794900589,0.06058746696283263,324.6882354538201,0.005067028729248153,121.38320071211359,3489,45.70409304549926,52.248553834670645
>>>>>>>> devP:features/1/22517952-eb45-4b10-ad08-4320a10534c4-o7p5.csv
