RMS,MAV,IEMG,VAR,WL,WAMP,FMN,FMD
0.07904780794900589,0.06058746696283263,324.6882354538201,0.005067028729248153,121.38320071211359,3489,45.70409304549926,52.248553834670645
