RMS,MAV,IEMG,VAR,WL,WAMP,FMN,FMD
<<<<<<<< HEAD:features/1/89fd7c13-02ba-47f3-9cd1-5f0d000b7cb3-o5p2.csv
0.046142960245474096,0.0454484422588076,41.35808245551492,6.361187646323365e-05,2.325908840444561,10,68.33475836977117,71.42857142857142
========
0.046142960245474096,0.0454484422588076,41.35808245551492,6.361187646323365e-05,2.325908840444561,10,1.0362784817993422,0.0
>>>>>>>> devP:features/1/260e8e01-e07d-4fca-95e1-1a365db2e6f6-o5p2.csv
