RMS,MAV,IEMG,VAR,WL,WAMP,FMN,FMD
0.050774635434675336,0.04421948399026875,73.49278239182667,0.0007897090743161058,15.190672962346188,615,11.557266881572268,0.0
