RMS,MAV,IEMG,VAR,WL,WAMP,FMN,FMD
<<<<<<<< HEAD:features/1/28459495-604c-4bf6-863a-c9bddd572533-o5p6.csv
0.0378678938084154,0.03001030700127871,58.67015018749988,0.0007823499143750787,15.621056071970138,543,63.98981440234397,57.80051150895141
========
0.0378678938084154,0.03001030700127871,58.67015018749988,0.0007823499143750787,15.621056071970138,543,24.003792402121515,0.0
>>>>>>>> devP:features/1/cd600486-484c-4df8-9a39-ad014404ba69-o5p6.csv
