RMS,MAV,IEMG,VAR,WL,WAMP,FMN,FMD
0.06855918104618544,0.06310450654650077,357.48702958592685,0.0008675185918479439,48.62295435987859,1838,0.17344900440921868,0.0
