RMS,MAV,IEMG,VAR,WL,WAMP,FMN,FMD
0.04107594245788264,0.030796624801499174,130.23892628554,0.0012669552751883716,46.41467484832448,1779,39.3831115914064,42.326791203594226
