RMS,MAV,IEMG,VAR,WL,WAMP,FMN,FMD
<<<<<<<< HEAD:features/1/2d3e8477-f706-492a-8e22-149eee624876-o3p6.csv
0.04297453530226542,0.031769866458794864,53.34160578431658,0.001819587041941441,22.628126993846692,863,64.95388252242054,65.51518761167361
========
0.04297453530226542,0.031769866458794864,53.34160578431658,0.001819587041941441,22.628126993846692,863,63.066743902148644,65.51518761167361
>>>>>>>> devP:features/1/77bb824e-7dc0-4897-9feb-deea0ea9aa11-o3p6.csv
