RMS,MAV,IEMG,VAR,WL,WAMP,FMN,FMD
<<<<<<<< HEAD:features/0/20975775-7097-4bcf-88b7-6c11433f5054-o3p6.csv
0.046919413192176365,0.019796338102130905,3688.5724932176427,0.002173368780034559,1453.5195097417193,39603,66.146568177407,67.1725899767075
========
0.03471526934251478,0.026214028934430176,133.06241087116757,0.0011443594840944507,54.98284511278812,2218,59.150565403174056,63.43577620173364
>>>>>>>> devP:features/1/2e1b8748-0eb8-4fdd-abfc-3aed5e164d98-o8p5.csv
