RMS,MAV,IEMG,VAR,WL,WAMP,FMN,FMD
<<<<<<<< HEAD:features/1/f2bc5615-a579-4dc8-8168-27ab23faed21-o3p5.csv
0.08073501179814599,0.06383301391129524,341.69812346716344,0.004505253457762932,114.2405762304147,3516,68.12070365957734,69.68055296095648
========
0.08073501179814599,0.06383301391129524,341.69812346716344,0.004505253457762932,114.2405762304147,3516,35.97467209047139,36.801793386885855
>>>>>>>> devP:features/1/2eae8531-97db-437d-ab38-6613b123c84c-o3p5.csv
