RMS,MAV,IEMG,VAR,WL,WAMP,FMN,FMD
<<<<<<<< HEAD:features/1/c3cbfa18-e90e-4dfa-954f-fa27bb432f75-o3p1.csv
0.10458882604044407,0.09837717915444165,568.7184726918272,0.0013837933736359624,70.80191558721569,2688,69.18749182756326,71.26794672202041
========
0.10458882604044407,0.09837717915444165,568.7184726918272,0.0013837933736359624,70.80191558721569,2688,4.671703209877735,0.0
>>>>>>>> devP:features/1/3229ca50-3e41-42c1-b7e4-1cd592c1fd7f-o3p1.csv
