RMS,MAV,IEMG,VAR,WL,WAMP,FMN,FMD
<<<<<<<< HEAD:features/1/d246624c-d559-4d4b-8a03-e7fab1152bd4-o1p5.csv
0.06772393369947,0.06161951031007592,297.43737626673646,0.0009271547439879204,46.96866383032274,1886,61.71678152349287,67.12243629583593
========
0.06772393369947,0.06161951031007592,297.43737626673646,0.0009271547439879204,46.96866383032274,1886,6.9393218090080815,0.0
>>>>>>>> devP:features/1/33797a6c-c863-4e63-8424-43333f2849ed-o1p5.csv
