RMS,MAV,IEMG,VAR,WL,WAMP,FMN,FMD
<<<<<<<< HEAD:features/1/94be8fb1-da72-42d4-9ae6-0dd3421aed3a-o4p3.csv
0.10200264710932581,0.0995517257796367,565.3542507025568,0.0004939939116056726,41.737520585165115,1632,67.5623206787711,67.9697129776369
========
0.10200264710932581,0.0995517257796367,565.3542507025568,0.0004939939116056726,41.737520585165115,1632,1.6428862209672925,0.0
>>>>>>>> devP:features/1/363e3f37-5948-4880-a3d3-fd7c7ddfa84a-o4p3.csv
