RMS,MAV,IEMG,VAR,WL,WAMP,FMN,FMD
0.08115431185521729,0.06666487343374657,353.790483312893,0.003017068330577858,90.00927763463064,3088,64.60964135820062,64.25475786696815
