RMS,MAV,IEMG,VAR,WL,WAMP,FMN,FMD
0.09024017898360932,0.08843229179784343,281.833713959727,0.0003230196703749211,18.784091674015272,600,63.96108831575043,65.89268904926263
