RMS,MAV,IEMG,VAR,WL,WAMP,FMN,FMD
<<<<<<<< HEAD:features/1/3b5d0e9e-be2b-45dc-bca8-771d8e5ea808-o4p1.csv
0.09024017898360932,0.08843229179784343,281.833713959727,0.0003230196703749211,18.784091674015272,600,63.96108831575043,65.89268904926263
========
0.09024017898360932,0.08843229179784343,281.833713959727,0.0003230196703749211,18.784091674015272,600,1.2942407263204048,0.0
>>>>>>>> devP:features/1/ea64a9db-3c3b-4c0b-8215-acefe3a0f7b0-o4p1.csv
