RMS,MAV,IEMG,VAR,WL,WAMP,FMN,FMD
<<<<<<<< HEAD:features/1/cd46438a-2a9e-4ae1-896b-22b3f8cabef7-o8p2.csv
0.15383584782537044,0.14563150083573734,799.6625710890337,0.0034613826283915196,60.694641216611736,1891,45.52415713673205,40.06556182844654
========
0.15383584782537044,0.14563150083573734,799.6625710890337,0.0034613826283915196,60.694641216611736,1891,3.591933676721115,0.0
>>>>>>>> devP:features/1/3fa40462-1987-493e-92b6-433b8a1cf57c-o8p2.csv
