RMS,MAV,IEMG,VAR,WL,WAMP,FMN,FMD
0.15383584782537044,0.14563150083573734,799.6625710890337,0.0034613826283915196,60.694641216611736,1891,3.591933676721115,0.0
