RMS,MAV,IEMG,VAR,WL,WAMP,FMN,FMD
<<<<<<<< HEAD:features/1/bffb128e-c54b-481b-9e13-e4d0cc2172bf-o9p4.csv
0.09742825326488443,0.08315723992128123,189.9311359802063,0.0038240735353488597,42.70250363225546,1357,65.71801237992618,64.79859894921191
========
0.09742825326488443,0.08315723992128123,189.9311359802063,0.0038240735353488597,42.70250363225546,1357,16.57672522550579,0.0
>>>>>>>> devP:features/1/401a7237-506a-405d-9f02-38aa0dbef2b2-o9p4.csv
