RMS,MAV,IEMG,VAR,WL,WAMP,FMN,FMD
0.07630206805161108,0.06035760457823732,321.1628139608008,0.0036108684596234675,97.64191669813657,3239,3.236696839232209,0.0
