RMS,MAV,IEMG,VAR,WL,WAMP,FMN,FMD
<<<<<<<< HEAD:features/1/72a342d0-4d76-4095-9441-c12f3466b6bf-o10p5.csv
0.07194825645248701,0.0672688124507058,430.04951799736216,0.0009663414614989697,49.5128536468999,1489,62.663347631855586,62.41201313937119
========
0.07194825645248701,0.0672688124507058,430.04951799736216,0.0009663414614989697,49.5128536468999,1489,6.451020334315018,0.0
>>>>>>>> devP:features/1/45707767-a45c-4126-b0d3-92525303b3ec-o10p5.csv
