RMS,MAV,IEMG,VAR,WL,WAMP,FMN,FMD
0.07194825645248701,0.0672688124507058,430.04951799736216,0.0009663414614989697,49.5128536468999,1489,6.451020334315018,0.0
