RMS,MAV,IEMG,VAR,WL,WAMP,FMN,FMD
0.02887323035766521,0.021704617025612494,124.64961557809255,0.0008265977774556933,52.48625757532188,2078,72.64910086026785,75.91850948981369
