RMS,MAV,IEMG,VAR,WL,WAMP,FMN,FMD
<<<<<<<< HEAD:features/1/d53cddb9-701f-4af9-80d6-575d11910939-o10p2.csv
0.03436089265861746,0.029124138860644223,158.23144642988007,0.00046979424434855755,34.47963923672313,979,66.797521999431,66.81391496410822
========
0.03436089265861746,0.029124138860644223,158.23144642988007,0.00046979424434855755,34.47963923672313,979,16.590167034674938,0.0
>>>>>>>> devP:features/1/465b69b3-90cc-49d2-925c-6f2b01c11901-o10p2.csv
