RMS,MAV,IEMG,VAR,WL,WAMP,FMN,FMD
0.1481401394798249,0.14509582608440721,622.6061897281913,0.0008927021779854329,42.05299341060853,1747,65.04024466374925,64.78676299230948
