RMS,MAV,IEMG,VAR,WL,WAMP,FMN,FMD
<<<<<<<< HEAD:features/1/4d795c5e-2a76-4292-9c79-3a6c7ba8cd61-o6p2.csv
0.1481401394798249,0.14509582608440721,622.6061897281913,0.0008927021779854329,42.05299341060853,1747,65.04024466374925,64.78676299230948
========
0.1481401394798249,0.14509582608440721,622.6061897281913,0.0008927021779854329,42.05299341060853,1747,1.3503224199711403,0.0
>>>>>>>> devP:features/1/72dde178-1da1-4c48-bf33-d188b393d4a4-o6p2.csv
