RMS,MAV,IEMG,VAR,WL,WAMP,FMN,FMD
0.10200264710932581,0.0995517257796367,565.3542507025568,0.0004939939116056726,41.737520585165115,1632,-0.030236459459260526,0.0
