RMS,MAV,IEMG,VAR,WL,WAMP,FMN,FMD
0.03366943890019502,0.03284692823725262,170.77117990547634,5.664568603250081e-05,12.26528756286636,27,-0.10747043748988382,0.0
