RMS,MAV,IEMG,VAR,WL,WAMP,FMN,FMD
<<<<<<<< HEAD:features/1/559e4f80-b51b-406b-b832-ae9f9ea9edfa-o8p1.csv
0.02887323035766521,0.021704617025612494,124.64961557809255,0.0008265977774556933,52.48625757532188,2078,63.88155284718096,65.99338324917291
========
0.02887323035766521,0.021704617025612494,124.64961557809255,0.0008265977774556933,52.48625757532188,2078,62.807806389251745,65.64513320564166
>>>>>>>> devP:features/1/52b32ad7-6659-418c-8825-e7434ba629d7-o8p1.csv
