RMS,MAV,IEMG,VAR,WL,WAMP,FMN,FMD
0.038858295737851156,0.031885740245417245,175.91362893396695,0.0007033826753223195,43.54788364816835,1555,-1.5803187601264435,0.0
