RMS,MAV,IEMG,VAR,WL,WAMP,FMN,FMD
0.07911979058688025,0.07202530977204395,368.76958603286505,0.0011959254038777065,54.01165758726808,2176,-0.31862437008221156,0.0
