RMS,MAV,IEMG,VAR,WL,WAMP,FMN,FMD
<<<<<<<< HEAD:features/1/5472054c-b6d2-4432-913c-b90f07734116-o11p1.csv
0.07879223028450323,0.06145565868356907,383.05312057468603,0.0045355183232113575,128.08021972220152,3892,64.63089904091572,66.7415369805872
========
0.07879223028450323,0.06145565868356907,383.05312057468603,0.0045355183232113575,128.08021972220152,3892,37.195517183053134,35.135568746991815
>>>>>>>> devP:features/1/837e863b-45f7-45d3-b957-3a9a3dea121d-o11p1.csv
