RMS,MAV,IEMG,VAR,WL,WAMP,FMN,FMD
<<<<<<<< HEAD:features/1/9723109d-79e1-4a23-915d-a16952db8c82-o2p3.csv
0.07562004384313686,0.060961172572487475,342.2360228219447,0.0031174491691001766,98.5753972379062,3372,66.15201446106629,66.79729248307801
========
0.07562004384313686,0.060961172572487475,342.2360228219447,0.0031174491691001766,98.5753972379062,3372,24.788712952725295,0.0
>>>>>>>> devP:features/1/56296e3e-fa0e-4290-bf04-acce07bde18e-o2p3.csv
