RMS,MAV,IEMG,VAR,WL,WAMP,FMN,FMD
<<<<<<<< HEAD:features/1/60904f25-06c9-42e1-847c-9c9906f3cc1b-o9p1.csv
0.04107594245788264,0.030796624801499174,130.23892628554,0.0012669552751883716,46.41467484832448,1779,65.51165264066019,65.97304327264128
========
0.04107594245788264,0.030796624801499174,130.23892628554,0.0012669552751883716,46.41467484832448,1779,39.3831115914064,42.326791203594226
>>>>>>>> devP:features/1/2cd0f4a8-2037-4bd2-a7f5-c3ca9a6b8fa3-o9p1.csv
