RMS,MAV,IEMG,VAR,WL,WAMP,FMN,FMD
0.046142960245474096,0.0454484422588076,41.35808245551492,6.361187646323365e-05,2.325908840444561,10,-0.08489773620105412,0.0
