RMS,MAV,IEMG,VAR,WL,WAMP,FMN,FMD
0.07630206805161108,0.06035760457823732,321.1628139608008,0.0036108684596234675,97.64191669813657,3239,64.24380257424663,63.14602518323624
