RMS,MAV,IEMG,VAR,WL,WAMP,FMN,FMD
0.08673744048164225,0.07196517541136031,578.0962540794574,0.0036943560276521217,160.88295168417605,5146,-0.7104638140168406,0.0
