RMS,MAV,IEMG,VAR,WL,WAMP,FMN,FMD
<<<<<<<< HEAD:features/1/6537f64d-4728-48f8-9dfd-a4c21194500e-o11p4.csv
0.08349874638860698,0.07433244322205591,388.83301049457447,0.001863289475391803,63.74536027796569,2448,58.2318095049846,54.865226534123494
========
0.08349874638860698,0.07433244322205591,388.83301049457447,0.001863289475391803,63.74536027796569,2448,8.981424345889666,0.0
>>>>>>>> devP:features/1/9eb0fdbe-ff50-4252-b945-050f8aed06a8-o11p4.csv
