RMS,MAV,IEMG,VAR,WL,WAMP,FMN,FMD
0.08349874638860698,0.07433244322205591,388.83301049457447,0.001863289475391803,63.74536027796569,2448,58.2318095049846,54.865226534123494
