RMS,MAV,IEMG,VAR,WL,WAMP,FMN,FMD
<<<<<<<< HEAD:features/1/66bde021-9fae-4f47-83b4-2b512c9dbee0-o7p3.csv
0.06286592672677416,0.0577477762768009,310.9717752505729,0.0007437647754793752,41.46448348414927,1415,59.4685810654898,50.88207985143919
========
0.06286592672677416,0.0577477762768009,310.9717752505729,0.0007437647754793752,41.46448348414927,1415,6.177044938954273,0.0
>>>>>>>> devP:features/1/56fe65da-4679-4934-8028-36722f4c69a8-o7p3.csv
