RMS,MAV,IEMG,VAR,WL,WAMP,FMN,FMD
0.06286592672677416,0.0577477762768009,310.9717752505729,0.0007437647754793752,41.46448348414927,1415,59.4685810654898,50.88207985143919
