RMS,MAV,IEMG,VAR,WL,WAMP,FMN,FMD
0.0563346584033605,0.044483871955441345,235.14174715646297,0.002074362785803302,76.97469568731763,2881,1.2272245579802301,0.0
