RMS,MAV,IEMG,VAR,WL,WAMP,FMN,FMD
0.02550595545956762,0.02322287241539378,21.272151132500703,0.00012247530774755184,3.520669560591453,49,71.98067954931282,75.32751091703057
