RMS,MAV,IEMG,VAR,WL,WAMP,FMN,FMD
<<<<<<<< HEAD:features/1/6c4c93f4-5df0-4ba3-a81d-2ac44a6dfb55-o5p3.csv
0.02550595545956762,0.02322287241539378,21.272151132500703,0.00012247530774755184,3.520669560591453,49,71.98067954931282,75.32751091703057
========
0.02550595545956762,0.02322287241539378,21.272151132500703,0.00012247530774755184,3.520669560591453,49,7.479766184975889,0.0
>>>>>>>> devP:features/1/6796ed88-95a1-4dec-bfac-dfeb9bf281fd-o5p3.csv
