RMS,MAV,IEMG,VAR,WL,WAMP,FMN,FMD
0.0378678938084154,0.03001030700127871,58.67015018749988,0.0007823499143750787,15.621056071970138,543,-7.580121446451955,0.0
