RMS,MAV,IEMG,VAR,WL,WAMP,FMN,FMD
0.09950860978654605,0.07805148524114254,412.2679450437149,0.00678662478140712,134.46558411315152,3594,33.66717104145818,34.26732298371829
