RMS,MAV,IEMG,VAR,WL,WAMP,FMN,FMD
0.03751788321534423,0.025704686443308505,132.0449742592758,0.0013274051244618694,53.9287624770641,2049,63.474568040762136,62.48783336577769
