RMS,MAV,IEMG,VAR,WL,WAMP,FMN,FMD
<<<<<<<< HEAD:features/1/719f8727-973c-4054-b0d3-bf5cac33126a-o9p3.csv
0.03751788321534423,0.025704686443308505,132.0449742592758,0.0013274051244618694,53.9287624770641,2049,63.474568040762136,62.48783336577769
========
0.03751788321534423,0.025704686443308505,132.0449742592758,0.0013274051244618694,53.9287624770641,2049,56.63241897261545,58.20517811952501
>>>>>>>> devP:features/1/c1bbe41e-4881-4d40-a9a0-2ec7f36adc3e-o9p3.csv
