RMS,MAV,IEMG,VAR,WL,WAMP,FMN,FMD
0.05979379602168306,0.0530133160427331,260.401408401905,0.0008863315338473003,48.91527505085659,1958,66.83087200702921,67.99674267100977
