RMS,MAV,IEMG,VAR,WL,WAMP,FMN,FMD
<<<<<<<< HEAD:features/1/71a5e43f-84ed-4238-ac79-f58d8e18e615-o1p3.csv
0.05979379602168306,0.0530133160427331,260.401408401905,0.0008863315338473003,48.91527505085659,1958,66.83087200702921,67.99674267100977
========
0.05979379602168306,0.0530133160427331,260.401408401905,0.0008863315338473003,48.91527505085659,1958,9.455908243221717,0.0
>>>>>>>> devP:features/1/3d601382-f93e-4958-bc5f-e0f750964f61-o1p3.csv
