RMS,MAV,IEMG,VAR,WL,WAMP,FMN,FMD
0.0380971327508234,0.029243583411093267,45.03511845308363,0.0012764766364476241,16.829477376282853,680,4.712988852795836,52.5974025974026
