RMS,MAV,IEMG,VAR,WL,WAMP,FMN,FMD
<<<<<<<< HEAD:features/1/771b5c43-0081-45e8-be7d-8d7deb11c3a1-o9p2.csv
0.08316193292055366,0.07473333592339584,373.44247960920904,0.0015267428090501723,63.4306425674358,2411,68.66227805424708,70.2421452871723
========
0.08316193292055366,0.07473333592339584,373.44247960920904,0.0015267428090501723,63.4306425674358,2411,8.519222372778506,0.0
>>>>>>>> devP:features/1/f2129245-d96d-4291-983d-9eb3c31716d9-o9p2.csv
