RMS,MAV,IEMG,VAR,WL,WAMP,FMN,FMD
0.04297453530226542,0.031769866458794864,53.34160578431658,0.001819587041941441,22.628126993846692,863,63.066743902148644,65.51518761167361
