RMS,MAV,IEMG,VAR,WL,WAMP,FMN,FMD
<<<<<<<< HEAD:features/1/79a8f6c9-662e-43a2-b63c-a06b197e56b5-o5p5.csv
0.0340631748225772,0.02424067627319933,149.80737936837187,0.0011568336292436374,64.69301183562145,2401,67.81029929173202,69.25566343042073
========
0.0340631748225772,0.02424067627319933,149.80737936837187,0.0011568336292436374,64.69301183562145,2401,67.40635664355679,68.93203883495147
>>>>>>>> devP:features/1/9fe8dcc5-52e7-4f56-9ced-f0e94c9e73fd-o5p5.csv
