RMS,MAV,IEMG,VAR,WL,WAMP,FMN,FMD
<<<<<<<< HEAD:features/1/d9be49e7-9591-43ef-9db4-6d08bffab0f6-o1p4.csv
0.13442824643924256,0.13107300578967288,603.8533376730229,0.0010014517557151202,40.935161346458656,1527,58.85063261221444,58.172346429346646
========
0.13442824643924256,0.13107300578967288,603.8533376730229,0.0010014517557151202,40.935161346458656,1527,1.6771572577405338,0.0
>>>>>>>> devP:features/1/7a80600a-dfb5-4b9c-9a0d-899e5218da0c-o1p4.csv
