RMS,MAV,IEMG,VAR,WL,WAMP,FMN,FMD
0.13442824643924256,0.13107300578967288,603.8533376730229,0.0010014517557151202,40.935161346458656,1527,1.6771572577405338,0.0
