RMS,MAV,IEMG,VAR,WL,WAMP,FMN,FMD
<<<<<<<< HEAD:features/1/7bb495d6-5349-446b-9438-871ea656ece3-o10p6.csv
0.0563346584033605,0.044483871955441345,235.14174715646297,0.002074362785803302,76.97469568731763,2881,65.64413009992029,67.34771093454407
========
0.0563346584033605,0.044483871955441345,235.14174715646297,0.002074362785803302,76.97469568731763,2881,31.86878911587775,0.0
>>>>>>>> devP:features/1/b2b40e12-15f2-4a38-9260-eacc8d66f76b-o10p6.csv
