RMS,MAV,IEMG,VAR,WL,WAMP,FMN,FMD
<<<<<<<< HEAD:features/1/2990e650-37a5-4a83-8d03-7016f9997f93-o3p4.csv
0.07500506545048462,0.05841309734495814,333.71402513174587,0.003860898942313024,112.3444175545103,3459,69.7510373060935,70.71591107999299
========
0.07500506545048462,0.05841309734495814,333.71402513174587,0.003860898942313024,112.3444175545103,3459,36.43830680575768,33.78260108524418
>>>>>>>> devP:features/1/7c80ba33-5b39-4376-ae50-e1881c99fec4-o3p4.csv
