RMS,MAV,IEMG,VAR,WL,WAMP,FMN,FMD
0.07500506545048462,0.05841309734495814,333.71402513174587,0.003860898942313024,112.3444175545103,3459,36.43830680575768,33.78260108524418
