RMS,MAV,IEMG,VAR,WL,WAMP,FMN,FMD
0.12071750471014031,0.1137306729603609,617.2163621558786,0.0018334771563232055,68.20658315716645,2661,3.9765642176076526,0.0
