RMS,MAV,IEMG,VAR,WL,WAMP,FMN,FMD
<<<<<<<< HEAD:features/1/f5ed2c24-fd19-4909-a2ed-db16d86ea356-o6p1.csv
0.12071750471014031,0.1137306729603609,617.2163621558786,0.0018334771563232055,68.20658315716645,2661,59.23593949338995,56.75327068361894
========
0.12071750471014031,0.1137306729603609,617.2163621558786,0.0018334771563232055,68.20658315716645,2661,3.9765642176076526,0.0
>>>>>>>> devP:features/1/7ec08c10-e8be-4c53-9807-e5c4acbbb20b-o6p1.csv
