RMS,MAV,IEMG,VAR,WL,WAMP,FMN,FMD
0.07879223028450323,0.06145565868356907,383.05312057468603,0.0045355183232113575,128.08021972220152,3892,37.195517183053134,35.135568746991815
