RMS,MAV,IEMG,VAR,WL,WAMP,FMN,FMD
0.046142960245474096,0.0454484422588076,41.35808245551492,6.361187646323365e-05,2.325908840444561,10,68.33475836977117,71.42857142857142
