RMS,MAV,IEMG,VAR,WL,WAMP,FMN,FMD
<<<<<<<< HEAD:features/1/52f9db69-da29-42d0-90bd-96341a4e9636-o5p1.csv
0.03366943890019502,0.03284692823725262,170.77117990547634,5.664568603250081e-05,12.26528756286636,27,62.33507110921546,61.93498749759569
========
0.03366943890019502,0.03284692823725262,170.77117990547634,5.664568603250081e-05,12.26528756286636,27,1.5972977646321596,0.0
>>>>>>>> devP:features/1/8a0c171c-8534-4c5f-bec5-5fe53ab0d5c0-o5p1.csv
