RMS,MAV,IEMG,VAR,WL,WAMP,FMN,FMD
0.10458882604044407,0.09837717915444165,568.7184726918272,0.0013837933736359624,70.80191558721569,2688,-0.3926977814918846,0.0
