RMS,MAV,IEMG,VAR,WL,WAMP,FMN,FMD
<<<<<<<< HEAD:features/1/0f5c2d35-e840-40f8-969c-e77607bd6823-o11p3.csv
0.10368993233406071,0.07040400108270248,351.6679854080989,0.01006203731402427,138.01806867948153,3390,63.94017943865826,68.06806806806806
========
0.10368993233406071,0.07040400108270248,351.6679854080989,0.01006203731402427,138.01806867948153,3390,56.23276729119763,57.65765765765765
>>>>>>>> devP:features/1/8ca1f6da-612a-4368-8714-f877d80499c8-o11p3.csv
