RMS,MAV,IEMG,VAR,WL,WAMP,FMN,FMD
0.03930203288546912,0.02889475171055917,149.15470832990644,0.001515191541897795,63.81160211949589,2444,66.3289976436034,68.77179387834173
