RMS,MAV,IEMG,VAR,WL,WAMP,FMN,FMD
<<<<<<<< HEAD:features/1/38762e10-541a-42fc-9988-7702aec04c3f-o7p4.csv
0.08115431185521729,0.06666487343374657,353.790483312893,0.003017068330577858,90.00927763463064,3088,64.60964135820062,64.25475786696815
========
0.08115431185521729,0.06666487343374657,353.790483312893,0.003017068330577858,90.00927763463064,3088,19.19568262543572,0.0
>>>>>>>> devP:features/1/956a7bc3-d6e9-4bd1-b53b-81b6bc881841-o7p4.csv
