RMS,MAV,IEMG,VAR,WL,WAMP,FMN,FMD
0.07562004384313686,0.060961172572487475,342.2360228219447,0.0031174491691001766,98.5753972379062,3372,66.15201446106629,66.79729248307801
