RMS,MAV,IEMG,VAR,WL,WAMP,FMN,FMD
<<<<<<<< HEAD:features/1/2162bf60-33db-4b0d-afc7-976eff05290e-o7p6.csv
0.10632030618728582,0.08342824570543664,485.21867702281946,0.006983140220637796,144.17603998563843,3870,64.4236125730982,62.75790921595599
========
0.10632030618728582,0.08342824570543664,485.21867702281946,0.006983140220637796,144.17603998563843,3870,28.792501666701277,0.0
>>>>>>>> devP:features/1/97e61879-e98e-4f85-b79d-072eaaf4c0f2-o7p6.csv
