RMS,MAV,IEMG,VAR,WL,WAMP,FMN,FMD
0.06341272463675483,0.04801541450641956,273.30373937054014,0.0037853686614838823,114.59216739107552,3689,13.491852042224524,0.0
