RMS,MAV,IEMG,VAR,WL,WAMP,FMN,FMD
0.050371931696266595,0.03876752489653062,203.91718095575106,0.0019716647286114435,74.61006526279301,2777,2.2390095081357475,0.0
