RMS,MAV,IEMG,VAR,WL,WAMP,FMN,FMD
0.05941097113231598,0.05000180258552123,220.40794579697757,0.001400003608863841,52.15151226365113,2117,63.06763047106843,59.89110707803992
