RMS,MAV,IEMG,VAR,WL,WAMP,FMN,FMD
<<<<<<<< HEAD:features/1/a5c34d20-d257-42db-a59c-8ce9d3b10b5e-o6p3.csv
0.05941097113231598,0.05000180258552123,220.40794579697757,0.001400003608863841,52.15151226365113,2117,63.06763047106843,59.89110707803992
========
0.05941097113231598,0.05000180258552123,220.40794579697757,0.001400003608863841,52.15151226365113,2117,15.601674281440841,0.0
>>>>>>>> devP:features/1/3a55ec22-2b7f-423b-9d8c-2e1a074fffcc-o6p3.csv
