RMS,MAV,IEMG,VAR,WL,WAMP,FMN,FMD
0.1481401394798249,0.14509582608440721,622.6061897281913,0.0008927021779854329,42.05299341060853,1747,-0.11069992360505915,0.0
