RMS,MAV,IEMG,VAR,WL,WAMP,FMN,FMD
0.13418999384037703,0.129978008766508,647.5504396747428,0.0011418564694211872,53.623196953428014,2125,2.134778115999787,0.0
