RMS,MAV,IEMG,VAR,WL,WAMP,FMN,FMD
<<<<<<<< HEAD:features/1/b27830bf-e496-487d-a66d-73415363fbe5-o4p5.csv
0.16639700319086195,0.1652921352390394,762.3273277224497,0.0003664726990188332,28.63197695191703,924,67.13690145890234,67.21595836947094
========
0.16639700319086195,0.1652921352390394,762.3273277224497,0.0003664726990188332,28.63197695191703,924,0.4472657309700324,0.0
>>>>>>>> devP:features/1/ae763cc6-963c-41f5-a71f-1e7913632d2d-o4p5.csv
