RMS,MAV,IEMG,VAR,WL,WAMP,FMN,FMD
0.0563346584033605,0.044483871955441345,235.14174715646297,0.002074362785803302,76.97469568731763,2881,31.86878911587775,0.0
