RMS,MAV,SSI,IEMG,VAR,WL,WAMP
0.004351211823657022,0.003494470417520971,0.0028399566501498994,0.5241705626281457,1.8649607787670497e-05,0.2186449851132335,78
0.0040084225531097206,0.0032688900509769874,0.002410117704641798,0.4903335076465481,1.588367404639972e-05,0.20774848730148832,77
0.003504808242057019,0.002863477571223212,0.0018425521220386217,0.4295216356834818,1.2163511127888e-05,0.18114458475394912,78
0.0021194467364423907,0.0016994212929341568,0.0006738081702924452,0.2549131939401235,4.26800391832261e-06,0.0992158000565848,73
0.002158860313445131,0.0016983170763111373,0.0006991016779452613,0.2547475614466706,4.372915988972778e-06,0.1008541998203382,68
0.0023636356541126965,0.001927245824911589,0.0008380160258089132,0.28908687373673836,5.351209182090895e-06,0.11538988862059898,72
0.0025718137409096917,0.001980758849108722,0.0009921338876897855,0.2971138273663083,6.366388355398673e-06,0.12422903036045359,79
0.0018433472121377624,0.0013505183755889805,0.0005096893416744092,0.20257775633834707,3.1079160105430156e-06,0.07627893814596216,75
