RMS,MAV,IEMG,VAR,WL,WAMP,FMN,FMD
<<<<<<<< HEAD:features/1/b6c2ed20-ff40-483b-b918-d2e235c67ca8-o11p2.csv
0.08673744048164225,0.07196517541136031,578.0962540794574,0.0036943560276521217,160.88295168417605,5146,69.15406737888799,72.94908502427488
========
0.08673744048164225,0.07196517541136031,578.0962540794574,0.0036943560276521217,160.88295168417605,5146,22.504447964457842,0.0
>>>>>>>> devP:features/1/9824dff2-14cc-4901-802e-b076cf3dd779-o11p2.csv
