RMS,MAV,IEMG,VAR,WL,WAMP,FMN,FMD
0.10368993233406071,0.07040400108270248,351.6679854080989,0.01006203731402427,138.01806867948153,3390,19.39410888196369,0.0
