RMS,MAV,IEMG,VAR,WL,WAMP,FMN,FMD
<<<<<<<< HEAD:features/1/61792028-2699-4899-b8a6-bf216e797bcb-o6p4.csv
0.07630206805161108,0.06035760457823732,321.1628139608008,0.0036108684596234675,97.64191669813657,3239,64.24380257424663,63.14602518323624
========
0.07630206805161108,0.06035760457823732,321.1628139608008,0.0036108684596234675,97.64191669813657,3239,28.87735579671588,0.0
>>>>>>>> devP:features/1/bc772bd7-360b-440f-b113-cbebbddfdcfd-o6p4.csv
