RMS,MAV,IEMG,VAR,WL,WAMP,FMN,FMD
0.052966438153663836,0.038452245914744526,202.75869270844788,0.0026683843344162336,85.30822280179473,2967,9.302861158549401,59.54864403565333
