RMS,MAV,IEMG,VAR,WL,WAMP,FMN,FMD
0.09742825326488443,0.08315723992128123,189.9311359802063,0.0038240735353488597,42.70250363225546,1357,65.71801237992618,64.79859894921191
