RMS,MAV,SSI,IEMG,VAR,WL,WAMP
0.005407149961588577,0.0044495044940516815,0.004385590606066102,0.6674256741077522,2.915658887482864e-05,0.30732630404524286,70
0.0037810801660853963,0.002692125549749049,0.0021444850833546554,0.40381883246235734,1.4100628607736409e-05,0.1963950558545196,69
0.00308241902395403,0.002531434910173114,0.0014251960558850575,0.37971523652596706,9.346913853650237e-06,0.1691748553466697,77
0.002897960108718715,0.0023700795437494528,0.0012597259187587479,0.35551193156241795,8.245027855707451e-06,0.15418057684238767,71
0.0026344663984343604,0.002069000416405677,0.0010410619806719564,0.31035006246085156,6.722013278939589e-06,0.13651685551943915,71
0.0023594830795877994,0.0017846624533105122,0.0008350740604291689,0.26769936799657684,5.3303664737861e-06,0.09745716305476435,84
0.003088618449267259,0.002508854382736414,0.001430934588773113,0.3763281574104621,9.391082485312963e-06,0.1403733323767149,82
0.0029245985731146005,0.002385288881780595,0.0012829915220795934,0.3577933322670892,8.35718652091002e-06,0.168372050703139,79
