RMS,MAV,IEMG,VAR,WL,WAMP,FMN,FMD
<<<<<<<< HEAD:features/1/152bf465-e1c4-4eed-86c2-e6d796f5455c-o4p2.csv
0.1307611555582384,0.1290328677718069,180.2589162772142,0.00044899883750921496,9.878393592761332,319,66.40745153080606,68.71868289191124
========
0.1307611555582384,0.1290328677718069,180.2589162772142,0.00044899883750921496,9.878393592761332,319,0.8835161550635512,0.0
>>>>>>>> devP:features/1/c0b507cd-9f2f-4aab-9bc8-611d5f757dfd-o4p2.csv
