RMS,MAV,IEMG,VAR,WL,WAMP,FMN,FMD
0.16223980945132588,0.16092196573861936,854.0128721748529,0.0004258767136211589,37.50024479678656,1375,0.577071397482444,0.0
