RMS,MAV,IEMG,VAR,WL,WAMP,FMN,FMD
<<<<<<<< HEAD:features/1/530fb440-e3f5-436b-a8da-141e0b660426-o10p1.csv
0.16223980945132588,0.16092196573861936,854.0128721748529,0.0004258767136211589,37.50024479678656,1375,70.7559313285625,74.42999811569625
========
0.16223980945132588,0.16092196573861936,854.0128721748529,0.0004258767136211589,37.50024479678656,1375,0.577071397482444,0.0
>>>>>>>> devP:features/1/c2d8fdc0-182b-4fab-9d7c-dfa4c3416c37-o10p1.csv
