RMS,MAV,IEMG,VAR,WL,WAMP,FMN,FMD
<<<<<<<< HEAD:features/1/e7aa0d4e-7cc5-4c75-9111-81d9d5748967-o8p3.csv
0.07911979058688025,0.07202530977204395,368.76958603286505,0.0011959254038777065,54.01165758726808,2176,61.07956863791292,60.15625
========
0.07911979058688025,0.07202530977204395,368.76958603286505,0.0011959254038777065,54.01165758726808,2176,6.450626010918687,0.0
>>>>>>>> devP:features/1/c4c68436-1d0e-4f25-adf5-8ef6e2def0c8-o8p3.csv
