RMS,MAV,IEMG,VAR,WL,WAMP,FMN,FMD
<<<<<<<< HEAD:features/1/de52bde5-783d-4c17-b234-eb66f59b20e7-o7p1.csv
0.11311946565598749,0.10708377317150003,503.93623654507917,0.001484104597244793,53.11099710878078,2214,56.85670562661098,53.973650658733526
========
0.11311946565598749,0.10708377317150003,503.93623654507917,0.001484104597244793,53.11099710878078,2214,3.5001481922166255,0.0
>>>>>>>> devP:features/1/c7e125c9-b9dc-437f-aea8-012ff8dc35b4-o7p1.csv
