RMS,MAV,IEMG,VAR,WL,WAMP,FMN,FMD
<<<<<<<< HEAD:features/1/f9a101f8-8cc2-45b3-bfda-e58dda444f12-o2p1.csv
0.10589280783960184,0.09462961420256048,525.3836180526158,0.002625377362998072,90.76000567188751,3183,66.7873233674111,68.44380403458213
========
0.10589280783960184,0.09462961420256048,525.3836180526158,0.002625377362998072,90.76000567188751,3183,8.855118005280394,0.0
>>>>>>>> devP:features/1/c873b489-ddb2-47ff-a87d-57c16ae02b86-o2p1.csv
