RMS,MAV,IEMG,VAR,WL,WAMP,FMN,FMD
0.08346009030861616,0.06979230354244395,405.28390667097204,0.0030439514836302327,100.19342490917671,3346,2.0804579843058013,0.0
