RMS,MAV,IEMG,VAR,WL,WAMP,FMN,FMD
<<<<<<<< HEAD:features/1/cfea5059-b7c9-4756-9942-29356f9cd57c-o5p4.csv
0.13418999384037703,0.129978008766508,647.5504396747428,0.0011418564694211872,53.623196953428014,2125,65.19566697211205,62.62545162585307
========
0.13418999384037703,0.129978008766508,647.5504396747428,0.0011418564694211872,53.623196953428014,2125,2.134778115999787,0.0
>>>>>>>> devP:features/1/ab1eee24-4c83-4912-af2a-f12afbdbebd9-o5p4.csv
