RMS,MAV,IEMG,VAR,WL,WAMP,FMN,FMD
<<<<<<<< HEAD:features/1/3fd45d17-04b0-482e-a346-5392a5d9b26b-o9p5.csv
0.0380971327508234,0.029243583411093267,45.03511845308363,0.0012764766364476241,16.829477376282853,680,63.84668774187984,62.98701298701299
========
0.0380971327508234,0.029243583411093267,45.03511845308363,0.0012764766364476241,16.829477376282853,680,50.112830880996775,52.5974025974026
>>>>>>>> devP:features/1/d2a20052-c7e2-4f2c-914f-e54710fa9d3c-o9p5.csv
