RMS,MAV,IEMG,VAR,WL,WAMP,FMN,FMD
0.16639700319086195,0.1652921352390394,762.3273277224497,0.0003664726990188332,28.63197695191703,924,-0.002159645447057174,0.0
