RMS,MAV,IEMG,VAR,WL,WAMP,FMN,FMD
<<<<<<<< HEAD:features/1/94812b17-8e8d-43d1-afd5-acfb1b484055-o8p6.csv
0.03930203288546912,0.02889475171055917,149.15470832990644,0.001515191541897795,63.81160211949589,2444,66.3289976436034,68.77179387834173
========
0.03930203288546912,0.02889475171055917,149.15470832990644,0.001515191541897795,63.81160211949589,2444,63.84640326994251,67.41573033707866
>>>>>>>> devP:features/1/d3e42c0a-9c8d-44a2-b4b6-bb7cf649e4d5-o8p6.csv
