RMS,MAV,IEMG,VAR,WL,WAMP,FMN,FMD
0.07904780794900589,0.06058746696283263,324.6882354538201,0.005067028729248153,121.38320071211359,3489,67.01860793459164,67.92311998507184
