RMS,MAV,IEMG,VAR,WL,WAMP,FMN,FMD
<<<<<<<< HEAD:features/1/cc28d036-dab7-474d-ac3d-274ec1469a24-o8p4.csv
0.050371931696266595,0.03876752489653062,203.91718095575106,0.0019716647286114435,74.61006526279301,2777,66.44917687119064,67.49049429657795
========
0.050371931696266595,0.03876752489653062,203.91718095575106,0.0019716647286114435,74.61006526279301,2777,42.22222740325115,46.7680608365019
>>>>>>>> devP:features/1/d543fa2d-65d8-4662-872f-4f78b57853f3-o8p4.csv
