RMS,MAV,IEMG,VAR,WL,WAMP,FMN,FMD
0.06772393369947,0.06161951031007592,297.43737626673646,0.0009271547439879204,46.96866383032274,1886,-0.44375743542250673,0.0
