RMS,MAV,IEMG,VAR,WL,WAMP,FMN,FMD
0.0340631748225772,0.02424067627319933,149.80737936837187,0.0011568336292436374,64.69301183562145,2401,76.6825869983814,68.93203883495147
