RMS,MAV,IEMG,VAR,WL,WAMP,FMN,FMD
0.10535752508198033,0.10352388176967509,460.99184552036314,0.00038447382748439343,29.407891540964446,956,1.1922876032865501,0.0
