RMS,MAV,IEMG,VAR,WL,WAMP,FMN,FMD
<<<<<<<< HEAD:features/1/39b3ace4-83c0-44bc-a218-e8094c23ab34-o7p2.csv
0.05680324863584052,0.04874543876095589,260.3006429835045,0.0011824289028747655,57.73661873537063,2335,61.82071521232049,58.80149812734083
========
0.05680324863584052,0.04874543876095589,260.3006429835045,0.0011824289028747655,57.73661873537063,2335,13.868625593309943,0.0
>>>>>>>> devP:features/1/dd1e59d3-341e-4ec3-b54b-380e03c204df-o7p2.csv
