RMS,MAV,IEMG,VAR,WL,WAMP,FMN,FMD
0.11311946565598749,0.10708377317150003,503.93623654507917,0.001484104597244793,53.11099710878078,2214,56.85670562661098,53.973650658733526
