RMS,MAV,IEMG,VAR,WL,WAMP,FMN,FMD
<<<<<<<< HEAD:features/1/27760db2-c54d-4c99-a095-adeee091ae7e-o1p1.csv
0.02778751791394315,0.02162163676842444,130.5946860812836,0.0007612388874223042,55.81968510544586,2280,66.40695022417044,66.3907284768212
========
0.02778751791394315,0.02162163676842444,130.5946860812836,0.0007612388874223042,55.81968510544586,2280,64.55696619919772,66.05960264900662
>>>>>>>> devP:features/1/e2b136c4-9468-40c2-9b3d-1b3091397a99-o1p1.csv
