RMS,MAV,IEMG,VAR,WL,WAMP,FMN,FMD
0.02778751791394315,0.02162163676842444,130.5946860812836,0.0007612388874223042,55.81968510544586,2280,64.55696619919772,66.05960264900662
