RMS,MAV,IEMG,VAR,WL,WAMP,FMN,FMD
<<<<<<<< HEAD:features/1/e3711872-306c-45fd-ab15-0b931469cdae-o10p4.csv
0.06855918104618544,0.06310450654650077,357.48702958592685,0.0008675185918479439,48.62295435987859,1838,62.61712137087091,60.90026478375994
========
0.06855918104618544,0.06310450654650077,357.48702958592685,0.0008675185918479439,48.62295435987859,1838,6.365899236964502,0.0
>>>>>>>> devP:features/1/d8cadc1d-eb4b-4825-8a5a-3933bba3d787-o10p4.csv
