RMS,MAV,IEMG,VAR,WL,WAMP,FMN,FMD
<<<<<<<< HEAD:features/1/9b03a737-636c-4605-97a5-d3699c35374c-o4p4.csv
0.038858295737851156,0.031885740245417245,175.91362893396695,0.0007033826753223195,43.54788364816835,1555,61.05771639477546,63.440275512053645
========
0.038858295737851156,0.031885740245417245,175.91362893396695,0.0007033826753223195,43.54788364816835,1555,18.539168105060934,0.0
>>>>>>>> devP:features/1/e655bad4-cc59-4195-bb31-9616fb921050-o4p4.csv
