RMS,MAV,IEMG,VAR,WL,WAMP,FMN,FMD
0.03436089265861746,0.029124138860644223,158.23144642988007,0.00046979424434855755,34.47963923672313,979,1.1812370433259125,0.0
