RMS,MAV,IEMG,VAR,WL,WAMP,FMN,FMD
0.0436634592129764,0.032912709250719645,310.8276261637963,0.0018964424386582258,135.88749238539833,5139,71.62207979943094,42.249047013977126
