RMS,MAV,IEMG,VAR,WL,WAMP,FMN,FMD
0.08316193292055366,0.07473333592339584,373.44247960920904,0.0015267428090501723,63.4306425674358,2411,8.519222372778506,0.0
