RMS,MAV,IEMG,VAR,WL,WAMP,FMN,FMD
0.08073501179814599,0.06383301391129524,341.69812346716344,0.004505253457762932,114.2405762304147,3516,68.12070365957734,69.68055296095648
