RMS,MAV,IEMG,VAR,WL,WAMP,FMN,FMD
<<<<<<<< HEAD:features/1/c8a24025-8c7a-428a-adcb-6fa5a382d142-o9p6.csv
0.12716411954044254,0.12570064501340344,448.4999014078235,0.00037006114171029886,21.134087027503135,615,60.437590078942584,58.015695067264566
========
0.12716411954044254,0.12570064501340344,448.4999014078235,0.00037006114171029886,21.134087027503135,615,0.6995511534793927,0.0
>>>>>>>> devP:features/1/f403cc18-6390-487a-ac49-aa0fa88825fb-o9p6.csv
