RMS,MAV,IEMG,VAR,WL,WAMP,FMN,FMD
0.12716411954044254,0.12570064501340344,448.4999014078235,0.00037006114171029886,21.134087027503135,615,0.6995511534793927,0.0
