RMS,MAV,IEMG,VAR,WL,WAMP,FMN,FMD
0.05680324863584052,0.04874543876095589,260.3006429835045,0.0011824289028747655,57.73661873537063,2335,1.3042629414775262,0.0
