RMS,MAV,IEMG,VAR,WL,WAMP,FMN,FMD
<<<<<<<< HEAD:features/1/f85adf51-71fb-4e57-a61b-2805c4255eb3-o1p6.csv
0.06507418718705239,0.0539614247611121,283.89105566821075,0.001960194792221195,81.2653369101816,2941,72.55239807485306,76.41132864474434
========
0.06507418718705239,0.0539614247611121,283.89105566821075,0.001960194792221195,81.2653369101816,2941,21.848907861582425,0.0
>>>>>>>> devP:features/1/f248f718-7b34-41d3-baa5-5387d6b16d98-o1p6.csv
