RMS,MAV,IEMG,VAR,WL,WAMP,FMN,FMD
0.06507418718705239,0.0539614247611121,283.89105566821075,0.001960194792221195,81.2653369101816,2941,72.55239807485306,76.41132864474434
