RMS,MAV,IEMG,VAR,WL,WAMP,FMN,FMD
0.0436634592129764,0.032912709250719645,310.8276261637963,0.0018964424386582258,135.88749238539833,5139,67.1835657540228,68.19144430326132
