RMS,MAV,IEMG,VAR,WL,WAMP,FMN,FMD
<<<<<<<< HEAD:features/1/c37605d8-b8c5-4fe2-9d6d-39be1e05d3a2-o3p2.csv
0.0436634592129764,0.032912709250719645,310.8276261637963,0.0018964424386582258,135.88749238539833,5139,67.89600110794002,68.19144430326132
========
0.0436634592129764,0.032912709250719645,310.8276261637963,0.0018964424386582258,135.88749238539833,5139,67.1835657540228,68.19144430326132
>>>>>>>> devP:features/1/f8932e24-1fd6-4f70-a0d5-b424a47e2505-o3p2.csv
