RMS,MAV,IEMG,VAR,WL,WAMP,FMN,FMD
0.052966438153663836,0.038452245914744526,202.75869270844788,0.0026683843344162336,85.30822280179473,2967,65.63769075242729,64.8587142044377
