RMS,MAV,IEMG,VAR,WL,WAMP,FMN,FMD
0.10589280783960184,0.09462961420256048,525.3836180526158,0.002625377362998072,90.76000567188751,3183,66.7873233674111,68.44380403458213
