{"window_size": 300, "threshold": 0.0014, "cutoff": 100, "segments": [[10.889999999999999, 14.076], [26.465000000000003, 32.821], [42.03, 48.436], [57.046, 63.224], [72.027, 78.793], [87.468, 93.7], [103.00500000000001, 109.67800000000001], [118.34200000000001, 124.471], [133.892, 140.829], [149.42100000000002, 154.406], [165.074, 170.45600000000002], [180.203, 186.07500000000002], [196.81400000000002, 196.866], [212.568, 218.294], [229.11700000000002, 229.12800000000001], [243.833, 249.33800000000002], [259.85999999999996, 265.585], [274.871, 276.26599999999996]]}