{"window_size": 1000, "threshold": 0.0035, "cutoff": 100, "segments": [[10.856, 15.991999999999999], [25.641000000000002, 31.46], [40.905, 46.817], [55.737, 62.150999999999996], [70.91600000000001, 77.135], [86.27600000000001, 91.634], [101.62100000000001, 107.61000000000001], [116.12100000000001, 121.85600000000001], [130.995, 139.013], [146.136, 151.63], [161.33200000000002, 167.144], [176.287, 184.239], [191.448, 197.257], [206.386, 212.12300000000002], [221.56400000000002, 223.86700000000002], [236.517, 242.495], [252.122, 257.621], [266.48199999999997, 267.498]]}