{"window_size": 300, "threshold": 0.0017, "cutoff": 100, "segments": [[11.770999999999999, 16.969], [27.375000000000004, 33.22], [43.122, 49.656], [58.795, 65.53200000000001], [74.47000000000001, 80.96600000000001], [90.45700000000001, 96.42500000000001], [106.36500000000001, 113.688], [122.36300000000001, 128.39600000000002], [138.192, 144.722], [153.68800000000002, 159.55100000000002], [169.535, 175.198], [185.38, 191.64700000000002], [201.008, 203.401], [217.013, 222.251], [232.58700000000002, 238.15800000000002], [248.75300000000001, 254.507], [264.655, 270.055], [280.17699999999996, 286.096]]}