{"window_size": 800, "threshold": 0.002, "cutoff": 100, "segments": [[11.201, 16.644000000000002], [26.164, 31.603], [40.872, 47.251], [55.928, 62.439], [70.67200000000001, 77.08800000000001], [86.09100000000001, 92.13900000000001], [101.003, 108.09], [115.84200000000001, 122.14500000000001], [131.036, 137.887], [145.99, 152.10500000000002], [160.78400000000002, 168.33200000000002], [176.942, 181.833], [190.971, 196.58], [206.059, 211.935], [221.06900000000002, 226.74800000000002], [236.11200000000002, 241.829], [251.184, 256.83799999999997], [265.93399999999997, 272.108]]}