{"window_size": 800, "threshold": 0.003, "cutoff": 100, "segments": [[9.405, 14.635], [24.41, 30.208000000000002], [39.504, 46.149], [54.821, 60.955999999999996], [69.352, 75.75500000000001], [84.866, 90.917], [103.95100000000001, 108.82600000000001], [114.828, 121.07000000000001], [129.485, 136.506], [144.757, 150.46], [159.685, 165.305], [174.673, 180.55200000000002], [189.58, 195.16400000000002], [204.81900000000002, 210.756], [219.72500000000002, 229.596], [235.598, 240.56400000000002], [249.863, 255.435], [264.57099999999997, 270.978]]}