{"window_size": 600, "threshold": 0.003, "cutoff": 100, "segments": [[10.756, 16.037000000000003], [25.694000000000003, 31.125000000000004], [40.714, 46.43], [55.797, 61.269999999999996], [70.89800000000001, 75.72600000000001], [85.971, 92.22600000000001], [101.075, 107.57600000000001], [116.164, 121.974], [131.108, 137.73000000000002], [146.214, 151.722], [161.42100000000002, 166.973], [176.506, 181.996], [191.59300000000002, 196.94500000000002], [206.55100000000002, 211.961], [221.514, 227.154], [236.494, 242.281], [251.675, 257.18199999999996], [266.548, 272.42199999999997]]}