RMS,MAV,IEMG,VAR,WL,WAMP,FMN,FMD
0.161542018508325,0.1441656600033495,803.14689187866,0.005886978671767955,135.1962179914867,3802,65.22166271026595,64.44085442469934
