RMS,MAV,IEMG,VAR,WL,WAMP,FMN,FMD
<<<<<<<< HEAD:features/16/1f142a6e-adb9-45c1-b164-f32892d650b4-o1p3.csv
0.07586912857268545,0.061279340465116135,366.75685268372007,0.003058484421286678,96.05468209516496,3167,67.6090538491001,69.00584795321637
========
0.07586912857268545,0.061279340465116135,366.75685268372007,0.003058484421286678,96.05468209516496,3167,24.460254088583323,0.0
>>>>>>>> devP:features/16/01f03be2-c70e-40e7-bf95-d985d1ae8f6b-o1p3.csv
