RMS,MAV,IEMG,VAR,WL,WAMP,FMN,FMD
0.03825221666609665,0.028377367658229565,169.66828122855458,0.001380996306831703,67.13765928319125,2653,63.0043841930135,61.38150192339856
