RMS,MAV,IEMG,VAR,WL,WAMP,FMN,FMD
<<<<<<<< HEAD:features/16/94d54929-fc6a-4dae-a760-1c1800a48be5-o4p1.csv
0.10335988103699699,0.09139691442957301,503.231410849229,0.0028716559708692954,99.23233109536037,3379,68.58252094199823,69.37885942608064
========
0.10335988103699699,0.09139691442957301,503.231410849229,0.0028716559708692954,99.23233109536037,3379,10.648648540451193,0.0
>>>>>>>> devP:features/16/02f17cf6-f605-4f51-91e0-350fcfef3062-o4p1.csv
