RMS,MAV,IEMG,VAR,WL,WAMP,FMN,FMD
0.07693930290399875,0.06197891331652415,405.9618822232332,0.004157210518559866,134.26490820433722,4139,-2.6178994996524416,37.55725190839695
