RMS,MAV,IEMG,VAR,WL,WAMP,FMN,FMD
<<<<<<<< HEAD:features/16/07241c89-a048-43db-a610-e72f6d9b283c-o1p4.csv
0.1605012208582754,0.14074242180844526,819.8246070341936,0.00868280427738427,170.86312752221718,4078,66.622796371091,66.78111587982832
========
0.1605012208582754,0.14074242180844526,819.8246070341936,0.00868280427738427,170.86312752221718,4078,13.503576873635826,0.0
>>>>>>>> devP:features/16/89c93b9e-2d41-4721-9e98-e836b0465ded-o1p4.csv
