RMS,MAV,IEMG,VAR,WL,WAMP,FMN,FMD
<<<<<<<< HEAD:features/16/08e15cae-3140-42b5-986e-a5c601e0e55f-o11p2.csv
0.16382649710819042,0.11986802158404465,678.9324742520289,0.023016713307044252,235.78441690155253,3968,64.78882338943876,66.9138418079096
========
0.16382649710819042,0.11986802158404465,678.9324742520289,0.023016713307044252,235.78441690155253,3968,48.63507536987032,55.43785310734464
>>>>>>>> devP:features/16/bec0d2c3-b1fe-44de-ad98-2b6a492f4670-o11p2.csv
