RMS,MAV,IEMG,VAR,WL,WAMP,FMN,FMD
<<<<<<<< HEAD:features/16/c7a9c0af-048a-49d0-9ddc-f844a818d11a-o6p1.csv
0.14669086023767275,0.12343416454759323,772.0806992451957,0.008776591827451647,179.2067653685235,4425,63.50705970737141,61.550759392486015
========
0.14669086023767275,0.12343416454759323,772.0806992451957,0.008776591827451647,179.2067653685235,4425,16.26907140201799,0.0
>>>>>>>> devP:features/16/096c385d-eff1-4ca7-9cbf-229cdb4788cb-o6p1.csv
