RMS,MAV,IEMG,VAR,WL,WAMP,FMN,FMD
<<<<<<<< HEAD:features/16/5217038a-96cc-4dd7-9345-42271e5e3460-o5p4.csv
0.15930221532077166,0.1370608729333828,766.8555840622768,0.008490732892407066,159.13586731618864,4044,63.26079709447297,63.985701519213585
========
0.15930221532077166,0.1370608729333828,766.8555840622768,0.008490732892407066,159.13586731618864,4044,12.709040034866698,0.0
>>>>>>>> devP:features/16/0b022a14-7755-4890-b55a-00421fa6936a-o5p4.csv
