RMS,MAV,IEMG,VAR,WL,WAMP,FMN,FMD
0.04893599561927544,0.037387555427500725,224.51227034214185,0.0018609569246285877,78.4860367618476,2948,64.07978180673256,64.11323896752707
