RMS,MAV,IEMG,VAR,WL,WAMP,FMN,FMD
<<<<<<<< HEAD:features/16/13fef161-8304-4eb9-bb41-a8d99c4a2dba-o3p6.csv
0.11370752547733358,0.08478412731351155,424.2597730768118,0.01289993154019512,186.70818036577822,3849,67.69544775580752,68.54516386890487
========
0.11370752547733358,0.08478412731351155,424.2597730768118,0.01289993154019512,186.70818036577822,3849,67.3875548932188,68.54516386890487
>>>>>>>> devP:features/16/f0aebbb9-8f85-4c9e-92b5-b921dbf3d425-o3p6.csv
