RMS,MAV,IEMG,VAR,WL,WAMP,FMN,FMD
0.11370752547733358,0.08478412731351155,424.2597730768118,0.01289993154019512,186.70818036577822,3849,67.69544775580752,68.54516386890487
