RMS,MAV,IEMG,VAR,WL,WAMP,FMN,FMD
0.0657662818912358,0.0548896900415642,324.83718566597696,0.0017291458624445948,73.77559622612614,2847,16.02853211530655,0.0
