RMS,MAV,IEMG,VAR,WL,WAMP,FMN,FMD
<<<<<<<< HEAD:features/16/18ca9398-982e-421c-806c-44c27f6a7355-o2p3.csv
0.0657662818912358,0.0548896900415642,324.83718566597696,0.0017291458624445948,73.77559622612614,2847,64.15749474969606,64.37985806015546
========
0.0657662818912358,0.0548896900415642,324.83718566597696,0.0017291458624445948,73.77559622612614,2847,16.02853211530655,0.0
>>>>>>>> devP:features/16/1ae30d80-e0cc-4840-9a7c-bafb97651e2a-o2p3.csv
