RMS,MAV,IEMG,VAR,WL,WAMP,FMN,FMD
<<<<<<<< HEAD:features/16/1e996d44-367e-4d56-a1a4-c61c1dee6cc9-o4p2.csv
0.13414117795879682,0.1290802254484195,729.3032737835701,0.0013607138665885313,63.78173384479837,2370,66.58076566063613,67.78761061946902
========
0.13414117795879682,0.1290802254484195,729.3032737835701,0.0013607138665885313,63.78173384479837,2370,2.616379981439077,0.0
>>>>>>>> devP:features/16/1c06a250-4c9b-4b4c-9538-fbe6c012c069-o4p2.csv
