RMS,MAV,IEMG,VAR,WL,WAMP,FMN,FMD
0.13414117795879682,0.1290802254484195,729.3032737835701,0.0013607138665885313,63.78173384479837,2370,2.616379981439077,0.0
