RMS,MAV,IEMG,VAR,WL,WAMP,FMN,FMD
0.09071314950716773,0.07204550307954757,542.862865704391,0.006216504101103092,178.6861930431083,4786,64.99821640672496,64.10086264100862
