RMS,MAV,IEMG,VAR,WL,WAMP,FMN,FMD
<<<<<<<< HEAD:features/16/a8098013-5f86-4d70-a9a3-9eadf489b44d-o8p5.csv
0.059486981978024905,0.04105538831921727,247.23554845832638,0.0034788853981448987,99.1633089770547,3186,63.42988717261023,62.93590169378944
========
0.059486981978024905,0.04105538831921727,247.23554845832638,0.0034788853981448987,99.1633089770547,3186,61.321185873248865,61.7734971770176
>>>>>>>> devP:features/16/1e2295ea-b8e7-4a6a-9953-9d06e7112e5c-o8p5.csv
