RMS,MAV,IEMG,VAR,WL,WAMP,FMN,FMD
0.059486981978024905,0.04105538831921727,247.23554845832638,0.0034788853981448987,99.1633089770547,3186,61.321185873248865,61.7734971770176
