RMS,MAV,IEMG,VAR,WL,WAMP,FMN,FMD
0.07586912857268545,0.061279340465116135,366.75685268372007,0.003058484421286678,96.05468209516496,3167,67.6090538491001,69.00584795321637
