RMS,MAV,IEMG,VAR,WL,WAMP,FMN,FMD
<<<<<<<< HEAD:features/16/f8295a19-5bc9-477c-b6bb-277e7681f42c-o7p2.csv
0.08095925187673528,0.06448744713008348,371.3187205750207,0.004507192643914561,121.86458890320519,3703,65.07948543464359,66.16880861410212
========
0.08095925187673528,0.06448744713008348,371.3187205750207,0.004507192643914561,121.86458890320519,3703,34.10127149952154,33.17124001389371
>>>>>>>> devP:features/16/21ccc9aa-58d9-44a1-9b46-5c77415fb552-o7p2.csv
