RMS,MAV,IEMG,VAR,WL,WAMP,FMN,FMD
0.08095925187673528,0.06448744713008348,371.3187205750207,0.004507192643914561,121.86458890320519,3703,34.10127149952154,33.17124001389371
