RMS,MAV,IEMG,VAR,WL,WAMP,FMN,FMD
0.16472973521206802,0.12233862040321351,737.9465582721839,0.0248710345821961,297.15763285274727,4715,57.30089783710795,62.5
