RMS,MAV,IEMG,VAR,WL,WAMP,FMN,FMD
<<<<<<<< HEAD:features/16/159ce5a1-89f8-4455-851b-5215bc8afa16-o1p6.csv
0.16472973521206802,0.12233862040321351,737.9465582721839,0.0248710345821961,297.15763285274727,4715,67.73697342354856,66.9761273209549
========
0.16472973521206802,0.12233862040321351,737.9465582721839,0.0248710345821961,297.15763285274727,4715,57.30089783710795,62.5
>>>>>>>> devP:features/16/21d34609-043e-4387-a8af-7871b5704e58-o1p6.csv
