RMS,MAV,IEMG,VAR,WL,WAMP,FMN,FMD
0.08372303217577605,0.06332585750299775,361.27401705460215,0.004816355699876239,114.32946611900311,3533,63.23619607705921,63.97896581945662
