RMS,MAV,IEMG,VAR,WL,WAMP,FMN,FMD
0.077715570675287,0.0580489655837224,322.9263955422477,0.00580380399522856,127.04463395123295,3718,58.6519399974933,60.938342620888015
