RMS,MAV,IEMG,VAR,WL,WAMP,FMN,FMD
<<<<<<<< HEAD:features/16/6c2d0938-d6c4-4d6a-8c39-0767910cc6b3-o3p3.csv
0.077715570675287,0.0580489655837224,322.9263955422477,0.00580380399522856,127.04463395123295,3718,63.41996471783003,63.09545209419378
========
0.077715570675287,0.0580489655837224,322.9263955422477,0.00580380399522856,127.04463395123295,3718,58.6519399974933,60.938342620888015
>>>>>>>> devP:features/16/23b5b15e-363b-43da-bb46-285114c8a3e3-o3p3.csv
