RMS,MAV,IEMG,VAR,WL,WAMP,FMN,FMD
<<<<<<<< HEAD:features/16/68657ec7-5744-4d37-b13e-4ef0882d2f14-o9p5.csv
0.0464639189554808,0.0331738461732353,41.23509079333148,0.0019862487106049533,15.852199521150741,592,61.786781444863706,60.33789219629927
========
0.0464639189554808,0.0331738461732353,41.23509079333148,0.0019862487106049533,15.852199521150741,592,52.63635477239848,57.119871279163306
>>>>>>>> devP:features/16/32322900-96b2-4a8b-8ede-93c3883ffc9b-o9p5.csv
