RMS,MAV,IEMG,VAR,WL,WAMP,FMN,FMD
0.04977786517484635,0.04104812206942518,246.86340612552303,0.001401305587717385,65.18519897069697,2560,61.617240263076035,62.68706351845693
