RMS,MAV,IEMG,VAR,WL,WAMP,FMN,FMD
0.1522997396692952,0.10264635289949915,599.1467618743766,0.019374034349525837,180.35702281350143,3585,1.7069533440990423,50.882302552681175
