RMS,MAV,IEMG,VAR,WL,WAMP,FMN,FMD
0.0957627364849856,0.08015302509877184,497.1090616625829,0.00378220543873615,106.04443859423785,3449,0.8134562824477755,0.0
