RMS,MAV,IEMG,VAR,WL,WAMP,FMN,FMD
<<<<<<<< HEAD:features/16/e8f96cb9-117c-4b18-a600-a81493f2e477-o9p4.csv
0.10263643806909742,0.08523333684436499,212.40147541615755,0.00483082556978732,49.20036123131085,1485,63.24885304539816,61.79775280898877
========
0.10263643806909742,0.08523333684436499,212.40147541615755,0.00483082556978732,49.20036123131085,1485,18.81702535246769,0.0
>>>>>>>> devP:features/16/38cfcdd6-c62a-4587-9488-9b7ed9c40823-o9p4.csv
