RMS,MAV,IEMG,VAR,WL,WAMP,FMN,FMD
<<<<<<<< HEAD:features/16/104eab91-d888-4383-b6d1-9003b3fafe47-o5p3.csv
0.04893599561927544,0.037387555427500725,224.51227034214185,0.0018609569246285877,78.4860367618476,2948,64.07978180673256,64.11323896752707
========
0.04893599561927544,0.037387555427500725,224.51227034214185,0.0018609569246285877,78.4860367618476,2948,40.72031848043138,46.960865945045796
>>>>>>>> devP:features/16/39314d2c-12d1-4e2f-aa71-802676a11408-o5p3.csv
