RMS,MAV,IEMG,VAR,WL,WAMP,FMN,FMD
0.16655403369533447,0.16532886364662136,927.1642673302526,0.0004066129855034885,35.330033118512794,1109,66.24497233843265,67.22539229671897
