RMS,MAV,IEMG,VAR,WL,WAMP,FMN,FMD
0.09286732503738762,0.07052625481205096,408.20596285215095,0.005504200480215218,119.08115679607823,3587,61.86792302376403,59.95162404975812
