RMS,MAV,IEMG,VAR,WL,WAMP,FMN,FMD
0.0464639189554808,0.0331738461732353,41.23509079333148,0.0019862487106049533,15.852199521150741,592,-11.59607474479701,57.119871279163306
