RMS,MAV,IEMG,VAR,WL,WAMP,FMN,FMD
<<<<<<<< HEAD:features/16/ca317869-38d6-439f-af93-0ebf46443ec2-o9p1.csv
0.0930107157014194,0.0619703700048712,437.51081223439064,0.008225871841861918,171.71040078760555,4743,60.50714969023691,57.22379603399433
========
0.0930107157014194,0.0619703700048712,437.51081223439064,0.008225871841861918,171.71040078760555,4743,54.83889093275179,55.240793201133144
>>>>>>>> devP:features/16/45ed96d7-4f3f-4cf3-a018-bb1e4097b5f5-o9p1.csv
