RMS,MAV,IEMG,VAR,WL,WAMP,FMN,FMD
<<<<<<<< HEAD:features/16/1c33ffeb-264b-42b4-a429-4a4a708918da-o3p5.csv
0.09071314950716773,0.07204550307954757,542.862865704391,0.006216504101103092,178.6861930431083,4786,64.99821640672496,64.10086264100862
========
0.09071314950716773,0.07204550307954757,542.862865704391,0.006216504101103092,178.6861930431083,4786,39.454344120192005,46.84804246848042
>>>>>>>> devP:features/16/4a5f8a05-d578-428e-b877-7760ccfb0e17-o3p5.csv
