RMS,MAV,IEMG,VAR,WL,WAMP,FMN,FMD
0.09071314950716773,0.07204550307954757,542.862865704391,0.006216504101103092,178.6861930431083,4786,39.454344120192005,46.84804246848042
