RMS,MAV,IEMG,VAR,WL,WAMP,FMN,FMD
0.05224091451293757,0.04443018866875206,81.26281507514753,0.0009227657402921174,15.92332287809215,565,0.39422579914545147,0.0
