RMS,MAV,IEMG,VAR,WL,WAMP,FMN,FMD
0.15930221532077166,0.1370608729333828,766.8555840622768,0.008490732892407066,159.13586731618864,4044,63.26079709447297,63.985701519213585
