RMS,MAV,IEMG,VAR,WL,WAMP,FMN,FMD
<<<<<<<< HEAD:features/16/7169f0c0-d50f-49d2-9ec5-d37d4a711a95-o7p5.csv
0.09850399826179258,0.07533034320359995,423.1305377746209,0.008526415871620886,160.497054161845,3937,64.67016512695605,66.2275235891045
========
0.09850399826179258,0.07533034320359995,423.1305377746209,0.008526415871620886,160.497054161845,3937,50.68216736016939,56.435819832650886
>>>>>>>> devP:features/16/52fcec94-3445-47b0-844b-ec70e526692e-o7p5.csv
