RMS,MAV,IEMG,VAR,WL,WAMP,FMN,FMD
<<<<<<<< HEAD:features/16/561b2b5e-fcda-47f4-b3ea-6f5e5b9624f6-o6p3.csv
0.10141240037387374,0.07877309705413277,451.84248470250554,0.008157385681371702,164.91136303977,4180,64.87271661952559,64.6792189679219
========
0.10141240037387374,0.07877309705413277,451.84248470250554,0.008157385681371702,164.91136303977,4180,42.63699298975825,50.03486750348675
>>>>>>>> devP:features/16/7d373e52-ecfc-433f-91eb-307d9e3346bd-o6p3.csv
