RMS,MAV,IEMG,VAR,WL,WAMP,FMN,FMD
0.047775078854299685,0.03278149973418846,189.54263146307767,0.002253530097311154,78.44121730650133,2777,64.46983009447331,64.33759944655829
