RMS,MAV,IEMG,VAR,WL,WAMP,FMN,FMD
0.11403132760209836,0.08439187956380084,486.85675320356705,0.012915251824461516,206.03780511429804,4314,41.45830816585656,66.90934304038828
