RMS,MAV,IEMG,VAR,WL,WAMP,FMN,FMD
0.12068892388250203,0.09650206939340335,567.1426618250315,0.009496096031399079,181.51153023177324,4276,-2.6502942536217193,0.0
