RMS,MAV,IEMG,VAR,WL,WAMP,FMN,FMD
0.09850399826179258,0.07533034320359995,423.1305377746209,0.008526415871620886,160.497054161845,3937,-12.020895468154263,56.435819832650886
