RMS,MAV,IEMG,VAR,WL,WAMP,FMN,FMD
0.09089714164364011,0.07421601879319822,441.43687978194305,0.004333142680665171,120.95756190343975,3788,64.38745822676083,65.2320107599193
