RMS,MAV,IEMG,VAR,WL,WAMP,FMN,FMD
<<<<<<<< HEAD:features/16/32622325-d2f8-41be-b89e-fa41f53ea3b0-o5p1.csv
0.04977786517484635,0.04104812206942518,246.86340612552303,0.001401305587717385,65.18519897069697,2560,61.617240263076035,62.68706351845693
========
0.04977786517484635,0.04104812206942518,246.86340612552303,0.001401305587717385,65.18519897069697,2560,24.292540527051496,0.0
>>>>>>>> devP:features/16/62ca8b63-1eb4-4d28-b1ef-d0fe3daf40f2-o5p1.csv
