RMS,MAV,IEMG,VAR,WL,WAMP,FMN,FMD
0.10141240037387374,0.07877309705413277,451.84248470250554,0.008157385681371702,164.91136303977,4180,-6.34654618843302,50.03486750348675
