RMS,MAV,IEMG,VAR,WL,WAMP,FMN,FMD
0.05800055411255369,0.049333766437584706,296.54527005632167,0.0012997072416717091,64.98095793715873,2523,15.440955181321229,0.0
