RMS,MAV,IEMG,VAR,WL,WAMP,FMN,FMD
0.17879372037394456,0.1651142786759681,758.8652247947493,0.006093341214313115,102.58581546719898,2879,0.3018405461143026,0.0
