RMS,MAV,IEMG,VAR,WL,WAMP,FMN,FMD
<<<<<<<< HEAD:features/16/6ebbbfb1-a063-4ac7-a97e-b0e3f1aa0b11-o4p6.csv
0.05224091451293757,0.04443018866875206,81.26281507514753,0.0009227657402921174,15.92332287809215,565,67.67300487851996,68.89010388190268
========
0.05224091451293757,0.04443018866875206,81.26281507514753,0.0009227657402921174,15.92332287809215,565,13.768465108646337,0.0
>>>>>>>> devP:features/16/043200a3-dfcd-4a6a-901f-e057c428a2a9-o4p6.csv
