RMS,MAV,IEMG,VAR,WL,WAMP,FMN,FMD
0.0751762132578631,0.04653373467101973,259.332503321593,0.005641318807186686,105.66758999844288,3088,61.71804239857872,62.2644895029607
