RMS,MAV,IEMG,VAR,WL,WAMP,FMN,FMD
<<<<<<<< HEAD:features/16/75f4f87e-22df-4a52-b05a-dbbacb1b3589-o3p2.csv
0.0751762132578631,0.04653373467101973,259.332503321593,0.005641318807186686,105.66758999844288,3088,61.71804239857872,62.2644895029607
========
0.0751762132578631,0.04653373467101973,259.332503321593,0.005641318807186686,105.66758999844288,3088,61.49687475204466,62.2644895029607
>>>>>>>> devP:features/16/30d6e4cc-39bc-4c5f-a5e9-9636d5ebede5-o3p2.csv
