RMS,MAV,IEMG,VAR,WL,WAMP,FMN,FMD
0.2678101862364878,0.1985465186394199,1176.7852159758418,0.06748443081234852,446.24845164589044,4484,11.139595029785726,0.0
