RMS,MAV,IEMG,VAR,WL,WAMP,FMN,FMD
0.14275586452791175,0.11152021362388966,630.2007271886005,0.0160270529731262,220.1912232312608,4256,-5.326086149798128,46.71739515130066
