RMS,MAV,IEMG,VAR,WL,WAMP,FMN,FMD
<<<<<<<< HEAD:features/16/78956c42-e206-430c-8089-469f06b1c0ca-o7p6.csv
0.14275586452791175,0.11152021362388966,630.2007271886005,0.0160270529731262,220.1912232312608,4256,63.421474518761414,63.52857901256415
========
0.14275586452791175,0.11152021362388966,630.2007271886005,0.0160270529731262,220.1912232312608,4256,41.09991667631484,46.71739515130066
>>>>>>>> devP:features/16/83fa5602-8789-4763-b0d7-99338a61940d-o7p6.csv
