RMS,MAV,IEMG,VAR,WL,WAMP,FMN,FMD
0.14275586452791175,0.11152021362388966,630.2007271886005,0.0160270529731262,220.1912232312608,4256,63.421474518761414,63.52857901256415
