RMS,MAV,IEMG,VAR,WL,WAMP,FMN,FMD
<<<<<<<< HEAD:features/16/7c22294f-9132-4c3a-8634-7f6fb76dbbd4-o6p2.csv
0.1727690180257822,0.1499406082958444,828.1219796179487,0.00880042921603044,163.09003064439906,3974,64.64794439543785,62.466051059206954
========
0.1727690180257822,0.1499406082958444,828.1219796179487,0.00880042921603044,163.09003064439906,3974,11.177874766031595,0.0
>>>>>>>> devP:features/16/ed23058e-105f-4473-b210-e9da9a611a99-o6p2.csv
