RMS,MAV,IEMG,VAR,WL,WAMP,FMN,FMD
<<<<<<<< HEAD:features/16/51cd0890-750c-4054-8cfa-2368ef8a45ee-o6p6.csv
0.06685058611291185,0.05081918202807428,288.60213473743386,0.004333068412001322,114.16149705550134,3622,62.427066657084346,60.926219404824785
========
0.06685058611291185,0.05081918202807428,288.60213473743386,0.004333068412001322,114.16149705550134,3622,58.74151308298837,59.34143335094206
>>>>>>>> devP:features/16/7d8e27d8-8488-4f2b-8109-46629c51fd60-o6p6.csv
