RMS,MAV,IEMG,VAR,WL,WAMP,FMN,FMD
<<<<<<<< HEAD:features/16/80527487-b72b-4952-a372-5cf924fc2995-o10p2.csv
0.12518437642577676,0.09108375412348159,542.1305045429624,0.014956229861505417,213.24968265929846,4329,64.72177139783443,66.7002688172043
========
0.12518437642577676,0.09108375412348159,542.1305045429624,0.014956229861505417,213.24968265929846,4329,59.07433993202449,62.16397849462365
>>>>>>>> devP:features/16/b6c00d53-fed8-48ef-952f-b388eff478f8-o10p2.csv
