RMS,MAV,IEMG,VAR,WL,WAMP,FMN,FMD
<<<<<<<< HEAD:features/16/3ddfbf7d-1e76-4b06-967f-bdacacc08801-o4p5.csv
0.16655403369533447,0.16532886364662136,927.1642673302526,0.0004066129855034885,35.330033118512794,1109,66.24497233843265,67.22539229671897
========
0.16655403369533447,0.16532886364662136,927.1642673302526,0.0004066129855034885,35.330033118512794,1109,0.48908983905729275,0.0
>>>>>>>> devP:features/16/83f07f16-df47-4910-bf19-eb2a559007e0-o4p5.csv
