RMS,MAV,IEMG,VAR,WL,WAMP,FMN,FMD
<<<<<<<< HEAD:features/16/c50f481c-10c7-4d64-b020-2a5eab7318be-o8p6.csv
0.047775078854299685,0.03278149973418846,189.54263146307767,0.002253530097311154,78.44121730650133,2777,64.60107821155813,65.02940159114493
========
0.047775078854299685,0.03278149973418846,189.54263146307767,0.002253530097311154,78.44121730650133,2777,62.98405379703491,64.33759944655829
>>>>>>>> devP:features/16/85432f77-9f2c-4d08-80ea-b1096c74ccb5-o8p6.csv
