RMS,MAV,IEMG,VAR,WL,WAMP,FMN,FMD
0.09810361022106079,0.08276968305879567,411.1170157530381,0.004485149866353137,93.22267459487132,2791,19.223329811589515,0.0
