RMS,MAV,IEMG,VAR,WL,WAMP,FMN,FMD
<<<<<<<< HEAD:features/16/6e978ed6-3a20-408c-a2e8-b422fb076f24-o11p4.csv
0.09810361022106079,0.08276968305879567,411.1170157530381,0.004485149866353137,93.22267459487132,2791,63.276230356435214,63.21723374270183
========
0.09810361022106079,0.08276968305879567,411.1170157530381,0.004485149866353137,93.22267459487132,2791,19.223329811589515,0.0
>>>>>>>> devP:features/16/860dc523-68a7-4d6e-8b58-9e28e0a47877-o11p4.csv
