RMS,MAV,IEMG,VAR,WL,WAMP,FMN,FMD
0.11425954457190698,0.09789228781300924,568.0689461788926,0.0044643656326807555,113.59648302277728,3597,63.27542539104434,62.89850077546097
