RMS,MAV,IEMG,VAR,WL,WAMP,FMN,FMD
0.12571407252260822,0.10816978203835892,666.0013480101759,0.006254911613732094,148.05398301803072,4009,65.98468380965883,65.77878837095989
