RMS,MAV,IEMG,VAR,WL,WAMP,FMN,FMD
<<<<<<<< HEAD:features/16/89924da4-9efc-43fb-a7e3-29b58a4d8e7c-o8p1.csv
0.07300513819524149,0.05232019134814772,319.3624479890937,0.00532349660648366,130.22734613168006,3791,62.224744749222445,60.45216251638269
========
0.07300513819524149,0.05232019134814772,319.3624479890937,0.00532349660648366,130.22734613168006,3791,62.07889461423243,60.45216251638269
>>>>>>>> devP:features/16/316ecd1f-2aa2-4cf9-a214-0bfe5515b8fc-o8p1.csv
