RMS,MAV,IEMG,VAR,WL,WAMP,FMN,FMD
0.07300513819524149,0.05232019134814772,319.3624479890937,0.00532349660648366,130.22734613168006,3791,62.224744749222445,60.45216251638269
