RMS,MAV,IEMG,VAR,WL,WAMP,FMN,FMD
0.1605012208582754,0.14074242180844526,819.8246070341936,0.00868280427738427,170.86312752221718,4078,13.503576873635826,0.0
