RMS,MAV,IEMG,VAR,WL,WAMP,FMN,FMD
0.0742679917248572,0.055823036780083046,321.5965148900584,0.004954758121484188,119.68530244991676,3644,3.6530733222620984,55.198750216976215
