RMS,MAV,IEMG,VAR,WL,WAMP,FMN,FMD
<<<<<<<< HEAD:features/16/ebf903d3-26ab-4753-a99a-4edeb2ab7fed-o10p6.csv
0.10807622937659983,0.0706423029074677,427.31529028727215,0.010595503462429568,154.01306235103687,3792,62.046206177084294,65.79599933873367
========
0.10807622937659983,0.0706423029074677,427.31529028727215,0.010595503462429568,154.01306235103687,3792,51.49926919866118,56.20763762605389
>>>>>>>> devP:features/16/8fdc5504-d6e1-4521-992e-7e403333ce77-o10p6.csv
