RMS,MAV,IEMG,VAR,WL,WAMP,FMN,FMD
0.14444417744181315,0.1107456999575786,607.2186728674035,0.019185414982584723,234.57528887975906,4020,65.5239972691308,65.83986868502645
