RMS,MAV,IEMG,VAR,WL,WAMP,FMN,FMD
<<<<<<<< HEAD:features/16/90c9037c-da2f-43f2-bb84-9a8a287036fb-o11p5.csv
0.14444417744181315,0.1107456999575786,607.2186728674035,0.019185414982584723,234.57528887975906,4020,65.5239972691308,65.83986868502645
========
0.07673824994283437,0.061359890620200405,340.54739294211225,0.0037604991737448844,105.04506832175014,3509,29.09195880411354,0.0
>>>>>>>> devP:features/15/345d01a9-ab10-41d0-88cf-a6affba64836-o6p3.csv
