RMS,MAV,IEMG,VAR,WL,WAMP,FMN,FMD
0.10335988103699699,0.09139691442957301,503.231410849229,0.0028716559708692954,99.23233109536037,3379,68.58252094199823,69.37885942608064
