RMS,MAV,IEMG,VAR,WL,WAMP,FMN,FMD
0.1894175520604462,0.1522220033011778,1014.55965200235,0.025186916440636833,317.8080830537506,5121,34.971145037411894,36.159039759939986
