RMS,MAV,IEMG,VAR,WL,WAMP,FMN,FMD
<<<<<<<< HEAD:features/16/ebc8354c-df4f-4fe5-b9e6-4fd63b5fa580-o10p3.csv
0.1894175520604462,0.1522220033011778,1014.55965200235,0.025186916440636833,317.8080830537506,5121,64.66233185080313,66.0165041260315
========
0.1894175520604462,0.1522220033011778,1014.55965200235,0.025186916440636833,317.8080830537506,5121,34.971145037411894,36.159039759939986
>>>>>>>> devP:features/16/951e9798-e93a-4206-b803-929ad020ed2f-o10p3.csv
