RMS,MAV,IEMG,VAR,WL,WAMP,FMN,FMD
<<<<<<<< HEAD:features/16/024f5b05-3923-4f9c-bd7d-8ddb32e7393e-o9p3.csv
0.03825221666609665,0.028377367658229565,169.66828122855458,0.001380996306831703,67.13765928319125,2653,63.0043841930135,61.38150192339856
========
0.03825221666609665,0.028377367658229565,169.66828122855458,0.001380996306831703,67.13765928319125,2653,56.299341148392,56.86569660478341
>>>>>>>> devP:features/16/970e1f43-c2f6-4aae-952a-a4e1bd18f0c2-o9p3.csv
