RMS,MAV,IEMG,VAR,WL,WAMP,FMN,FMD
0.03825221666609665,0.028377367658229565,169.66828122855458,0.001380996306831703,67.13765928319125,2653,56.299341148392,56.86569660478341
