RMS,MAV,IEMG,VAR,WL,WAMP,FMN,FMD
<<<<<<<< HEAD:features/16/be225446-9738-4db2-9367-8250107b867b-o7p4.csv
0.10746150449189845,0.08479133499451554,514.1746554067422,0.00797560895024799,166.49784129903276,4197,63.4377849347088,62.5
========
0.10746150449189845,0.08479133499451554,514.1746554067422,0.00797560895024799,166.49784129903276,4197,33.4618762599597,32.156992084432716
>>>>>>>> devP:features/16/98c9943c-f224-48a8-bd94-6ca2bf4a2901-o7p4.csv
