RMS,MAV,IEMG,VAR,WL,WAMP,FMN,FMD
<<<<<<<< HEAD:features/16/9b5e2199-1c6f-4045-9f97-1d3026da562e-o4p3.csv
0.10889802386266763,0.1002471410238258,608.9011345787179,0.001955171896146243,87.44213664636314,3130,68.76115272553176,70.13500164636154
========
0.10889802386266763,0.1002471410238258,608.9011345787179,0.001955171896146243,87.44213664636314,3130,6.177625265689314,0.0
>>>>>>>> devP:features/16/a8cf9bae-3cf3-4de9-8c76-30427330968a-o4p3.csv
