RMS,MAV,IEMG,VAR,WL,WAMP,FMN,FMD
0.10889802386266763,0.1002471410238258,608.9011345787179,0.001955171896146243,87.44213664636314,3130,68.76115272553176,70.13500164636154
