RMS,MAV,IEMG,VAR,WL,WAMP,FMN,FMD
<<<<<<<< HEAD:features/16/9cbbd0c5-3e52-41e1-8ed1-89016c9307b0-o8p4.csv
0.0742679917248572,0.055823036780083046,321.5965148900584,0.004954758121484188,119.68530244991676,3644,62.91433132593164,62.489151189029684
========
0.0742679917248572,0.055823036780083046,321.5965148900584,0.004954758121484188,119.68530244991676,3644,51.29835705469937,55.198750216976215
>>>>>>>> devP:features/16/f72a4329-1e00-4131-a7b3-25528b02deb3-o8p4.csv
