RMS,MAV,IEMG,VAR,WL,WAMP,FMN,FMD
<<<<<<<< HEAD:features/16/f465b869-36bf-44da-a1e4-fc283d791ef6-o9p6.csv
0.1275906435152104,0.12590409529943705,201.5724565743987,0.000427531099455786,9.6695932355476,291,62.972155337088694,59.337913803872574
========
0.1275906435152104,0.12590409529943705,201.5724565743987,0.000427531099455786,9.6695932355476,291,0.8378941176545478,0.0
>>>>>>>> devP:features/16/9cfa9504-c2fc-40e2-b063-0938fd300e9a-o9p6.csv
