RMS,MAV,IEMG,VAR,WL,WAMP,FMN,FMD
<<<<<<<< HEAD:features/16/94f75df1-61ff-4f68-b4fe-9d6b047eac6c-o9p2.csv
0.0957627364849856,0.08015302509877184,497.1090616625829,0.00378220543873615,106.04443859423785,3449,63.96509571883647,63.044179297000966
========
0.0957627364849856,0.08015302509877184,497.1090616625829,0.00378220543873615,106.04443859423785,3449,16.617384922212484,0.0
>>>>>>>> devP:features/16/9d718fff-fb79-4a44-9cbf-fb0bbb8a9003-o9p2.csv
