RMS,MAV,IEMG,VAR,WL,WAMP,FMN,FMD
0.2340585659330178,0.17176981501473298,1031.821278793501,0.05311329851164989,411.3520572937623,4781,11.836922383463225,0.0
