RMS,MAV,IEMG,VAR,WL,WAMP,FMN,FMD
<<<<<<<< HEAD:features/16/00171878-6964-44a7-b37d-a78b152652ed-o8p2.csv
0.161542018508325,0.1441656600033495,803.14689187866,0.005886978671767955,135.1962179914867,3802,65.22166271026595,64.44085442469934
========
0.161542018508325,0.1441656600033495,803.14689187866,0.005886978671767955,135.1962179914867,3802,8.292004826567897,0.0
>>>>>>>> devP:features/16/a6e4ac58-d8d9-4f98-aa4b-d06ede7d63b2-o8p2.csv
