RMS,MAV,IEMG,VAR,WL,WAMP,FMN,FMD
0.09621758385727465,0.07279401584898519,416.2361826244973,0.008908347293505347,178.29912229448212,4073,65.28377072238581,70.47918852745715
