RMS,MAV,IEMG,VAR,WL,WAMP,FMN,FMD
<<<<<<<< HEAD:features/16/b619c5f5-f3f7-4700-80a2-3aa2f21ede4b-o1p2.csv
0.09621758385727465,0.07279401584898519,416.2361826244973,0.008908347293505347,178.29912229448212,4073,70.40596003493495,72.92759706190975
========
0.09621758385727465,0.07279401584898519,416.2361826244973,0.008908347293505347,178.29912229448212,4073,65.28377072238581,70.47918852745715
>>>>>>>> devP:features/16/a8c038df-0698-42e3-839f-2623d6e65878-o1p2.csv
