RMS,MAV,IEMG,VAR,WL,WAMP,FMN,FMD
<<<<<<<< HEAD:features/16/18e0c410-87e2-4cb3-b184-ebc8c1418e7b-o11p1.csv
0.2340585659330178,0.17176981501473298,1031.821278793501,0.05311329851164989,411.3520572937623,4781,64.29418488952761,65.09072748460129
========
0.2340585659330178,0.17176981501473298,1031.821278793501,0.05311329851164989,411.3520572937623,4781,60.490043276924794,63.925420342933236
>>>>>>>> devP:features/16/aa512107-8585-458b-ac85-4b65a5e5fc8b-o11p1.csv
