RMS,MAV,IEMG,VAR,WL,WAMP,FMN,FMD
<<<<<<<< HEAD:features/16/19fe323b-80b5-479e-bb61-5cc038c3e5fa-o1p1.csv
0.11985113715475422,0.08646217487461413,520.3293683954279,0.014352927802990488,234.55556338585302,4465,69.55736051205763,73.28015952143569
========
0.11985113715475422,0.08646217487461413,520.3293683954279,0.014352927802990488,234.55556338585302,4465,69.44735826474707,73.28015952143569
>>>>>>>> devP:features/16/ae671ca8-3623-42d6-85ac-1c66768d3941-o1p1.csv
