RMS,MAV,IEMG,VAR,WL,WAMP,FMN,FMD
0.11985113715475422,0.08646217487461413,520.3293683954279,0.014352927802990488,234.55556338585302,4465,69.55736051205763,73.28015952143569
