RMS,MAV,IEMG,VAR,WL,WAMP,FMN,FMD
0.04893599561927544,0.037387555427500725,224.51227034214185,0.0018609569246285877,78.4860367618476,2948,-6.115768727429225,46.960865945045796
