RMS,MAV,IEMG,VAR,WL,WAMP,FMN,FMD
0.15930221532077166,0.1370608729333828,766.8555840622768,0.008490732892407066,159.13586731618864,4044,0.6335168819572763,0.0
