RMS,MAV,IEMG,VAR,WL,WAMP,FMN,FMD
<<<<<<<< HEAD:features/16/be2dc358-6042-4fb6-a3df-d1278b677e0e-o10p4.csv
0.1522997396692952,0.10264635289949915,599.1467618743766,0.019374034349525837,180.35702281350143,3585,62.19329287245691,61.33287647764263
========
0.1522997396692952,0.10264635289949915,599.1467618743766,0.019374034349525837,180.35702281350143,3585,44.600152858058124,50.882302552681175
>>>>>>>> devP:features/16/859a9dfe-56e8-4253-b8d3-7067d453d41b-o10p4.csv
