RMS,MAV,IEMG,VAR,WL,WAMP,FMN,FMD
<<<<<<<< HEAD:features/16/373fec78-9a56-4e9f-af72-00b5916846b7-o10p5.csv
0.2678101862364878,0.1985465186394199,1176.7852159758418,0.06748443081234852,446.24845164589044,4484,65.69668066902898,65.80057364602665
========
0.2678101862364878,0.1985465186394199,1176.7852159758418,0.06748443081234852,446.24845164589044,4484,58.36616259319577,61.92002699510713
>>>>>>>> devP:features/16/c4fbc35c-af58-4661-a7fc-006a395f3b56-o10p5.csv
