RMS,MAV,IEMG,VAR,WL,WAMP,FMN,FMD
0.1433356270018586,0.11019566067155644,622.6054827942938,0.016909133910012385,231.6872861122818,4392,14.192208493086618,57.16814159292036
