RMS,MAV,IEMG,VAR,WL,WAMP,FMN,FMD
0.14669086023767275,0.12343416454759323,772.0806992451957,0.008776591827451647,179.2067653685235,4425,63.50705970737141,61.550759392486015
