RMS,MAV,IEMG,VAR,WL,WAMP,FMN,FMD
<<<<<<<< HEAD:features/16/c7edd150-29b1-4b72-a51a-567ff0b35562-o8p3.csv
0.12068892388250203,0.09650206939340335,567.1426618250315,0.009496096031399079,181.51153023177324,4276,65.36252744413247,67.72162668027906
========
0.12068892388250203,0.09650206939340335,567.1426618250315,0.009496096031399079,181.51153023177324,4276,31.610485013567715,0.0
>>>>>>>> devP:features/16/fb85ac7e-2fe2-4037-801f-955516911e14-o8p3.csv
