RMS,MAV,IEMG,VAR,WL,WAMP,FMN,FMD
0.16382649710819042,0.11986802158404465,678.9324742520289,0.023016713307044252,235.78441690155253,3968,1.5254588608402824,0.0
