RMS,MAV,IEMG,VAR,WL,WAMP,FMN,FMD
0.1275906435152104,0.12590409529943705,201.5724565743987,0.000427531099455786,9.6695932355476,291,-0.0011650368431733403,0.0
