RMS,MAV,IEMG,VAR,WL,WAMP,FMN,FMD
0.0930107157014194,0.0619703700048712,437.51081223439064,0.008225871841861918,171.71040078760555,4743,60.50714969023691,57.22379603399433
