RMS,MAV,IEMG,VAR,WL,WAMP,FMN,FMD
0.08372303217577605,0.06332585750299775,361.27401705460215,0.004816355699876239,114.32946611900311,3533,3.6303699861004044,0.0
