RMS,MAV,IEMG,VAR,WL,WAMP,FMN,FMD
0.07998621816580907,0.05672882575610231,340.9402427941749,0.0057466628958871705,121.51610041201552,3711,-21.0630523602883,0.0
