RMS,MAV,IEMG,VAR,WL,WAMP,FMN,FMD
<<<<<<<< HEAD:features/16/df2306f9-7a3f-48dd-be17-59c5f579ef54-o5p6.csv
0.07998621816580907,0.05672882575610231,340.9402427941749,0.0057466628958871705,121.51610041201552,3711,59.526494614313854,59.068219633943436
========
0.07998621816580907,0.05672882575610231,340.9402427941749,0.0057466628958871705,121.51610041201552,3711,48.529185625234156,51.247920133111485
>>>>>>>> devP:features/16/c29199ae-4494-43c9-ac53-5137406cc0f4-o5p6.csv
