RMS,MAV,IEMG,VAR,WL,WAMP,FMN,FMD
0.21182639615042054,0.14501017190628482,855.9950447627994,0.04418330577573317,346.6308119089321,4647,64.25849365794174,63.696425546332364
