RMS,MAV,IEMG,VAR,WL,WAMP,FMN,FMD
<<<<<<<< HEAD:features/16/88c05f4b-c5af-4e56-8ed4-3f1071dee6f8-o3p1.csv
0.12571407252260822,0.10816978203835892,666.0013480101759,0.006254911613732094,148.05398301803072,4009,65.98468380965883,65.77878837095989
========
0.12571407252260822,0.10816978203835892,666.0013480101759,0.006254911613732094,148.05398301803072,4009,16.27917854359406,0.0
>>>>>>>> devP:features/16/e216ccb8-b1da-4c53-a999-9cc1df706f56-o3p1.csv
