RMS,MAV,IEMG,VAR,WL,WAMP,FMN,FMD
0.07300513819524149,0.05232019134814772,319.3624479890937,0.00532349660648366,130.22734613168006,3791,63.710247094418435,35.38663171690694
