RMS,MAV,IEMG,VAR,WL,WAMP,FMN,FMD
<<<<<<<< HEAD:features/16/4476b927-3ccc-4951-a740-5a4df5ece56b-o7p1.csv
0.12249842104994581,0.10837679729353274,663.3743762337139,0.0036957204751401915,119.97627745854204,4037,64.75069423845913,63.71507923541904
========
0.12249842104994581,0.10837679729353274,663.3743762337139,0.0036957204751401915,119.97627745854204,4037,9.093342959880479,0.0
>>>>>>>> devP:features/16/e3ee2110-4bfe-4eac-b47f-8a4b2ee3a1b6-o7p1.csv
