RMS,MAV,IEMG,VAR,WL,WAMP,FMN,FMD
0.12249842104994581,0.10837679729353274,663.3743762337139,0.0036957204751401915,119.97627745854204,4037,9.093342959880479,0.0
