RMS,MAV,IEMG,VAR,WL,WAMP,FMN,FMD
0.10807622937659983,0.0706423029074677,427.31529028727215,0.010595503462429568,154.01306235103687,3792,9.189373082626245,56.20763762605389
