RMS,MAV,IEMG,VAR,WL,WAMP,FMN,FMD
0.06685058611291185,0.05081918202807428,288.60213473743386,0.004333068412001322,114.16149705550134,3622,19.24845113172044,0.0
