RMS,MAV,IEMG,VAR,WL,WAMP,FMN,FMD
<<<<<<<< HEAD:features/16/745239fd-302f-478f-84eb-043fdeaedf25-o11p6.csv
0.11403132760209836,0.08439187956380084,486.85675320356705,0.012915251824461516,206.03780511429804,4314,65.72391208882398,66.90934304038828
========
0.11403132760209836,0.08439187956380084,486.85675320356705,0.012915251824461516,206.03780511429804,4314,64.84138507601367,66.90934304038828
>>>>>>>> devP:features/16/e5f4d39b-a994-46b8-b350-7b3877b46f6f-o11p6.csv
