RMS,MAV,IEMG,VAR,WL,WAMP,FMN,FMD
<<<<<<<< HEAD:features/16/431fe624-b81d-4447-a2fa-c294983e2841-o6p5.csv
0.09286732503738762,0.07052625481205096,408.20596285215095,0.005504200480215218,119.08115679607823,3587,61.86792302376403,59.95162404975812
========
0.09286732503738762,0.07052625481205096,408.20596285215095,0.005504200480215218,119.08115679607823,3587,28.99519391450659,0.0
>>>>>>>> devP:features/16/e8a3898b-5e34-4a5f-8c62-7d1a8c17a3ba-o6p5.csv
