RMS,MAV,IEMG,VAR,WL,WAMP,FMN,FMD
<<<<<<<< HEAD:features/16/e8f8a48a-65a6-4983-a095-76395be1ca69-o5p5.csv
0.09073404272615503,0.06567760731414714,393.4745454190555,0.008228912666959352,157.64995867606837,4046,61.22844198305066,60.42396928726422
========
0.09073404272615503,0.06567760731414714,393.4745454190555,0.008228912666959352,157.64995867606837,4046,61.17263086214788,60.42396928726422
>>>>>>>> devP:features/16/6c059c4d-0cdd-49c9-a618-cb96e67f83a8-o5p5.csv
