RMS,MAV,IEMG,VAR,WL,WAMP,FMN,FMD
0.09073404272615503,0.06567760731414714,393.4745454190555,0.008228912666959352,157.64995867606837,4046,61.22844198305066,60.42396928726422
