RMS,MAV,IEMG,VAR,WL,WAMP,FMN,FMD
0.10263643806909742,0.08523333684436499,212.40147541615755,0.00483082556978732,49.20036123131085,1485,63.24885304539816,61.79775280898877
