RMS,MAV,IEMG,VAR,WL,WAMP,FMN,FMD
<<<<<<<< HEAD:features/16/6199c9bd-2506-4d3d-91b3-5abcf26bae62-o2p2.csv
0.09089714164364011,0.07421601879319822,441.43687978194305,0.004333142680665171,120.95756190343975,3788,64.38745822676083,65.2320107599193
========
0.09089714164364011,0.07421601879319822,441.43687978194305,0.004333142680665171,120.95756190343975,3788,22.884916778884236,0.0
>>>>>>>> devP:features/16/eb36d0be-2392-4e55-b01a-499b42ffe813-o2p2.csv
