RMS,MAV,IEMG,VAR,WL,WAMP,FMN,FMD
<<<<<<<< HEAD:features/16/ebd8c6e7-d0b1-4365-97d4-423d97978437-o1p5.csv
0.1433356270018586,0.11019566067155644,622.6054827942938,0.016909133910012385,231.6872861122818,4392,66.21102107209,66.90265486725663
========
0.1433356270018586,0.11019566067155644,622.6054827942938,0.016909133910012385,231.6872861122818,4392,46.299482545689834,57.16814159292036
>>>>>>>> devP:features/16/b6dbf608-1bcf-42fb-bd84-493df556467d-o1p5.csv
