RMS,MAV,IEMG,VAR,WL,WAMP,FMN,FMD
<<<<<<<< HEAD:features/16/dfa1d7e5-f9c9-460f-bbbb-b737cb2b2830-o11p3.csv
0.21182639615042054,0.14501017190628482,855.9950447627994,0.04418330577573317,346.6308119089321,4647,64.25849365794174,63.696425546332364
========
0.21182639615042054,0.14501017190628482,855.9950447627994,0.04418330577573317,346.6308119089321,4647,62.32015098751168,63.357614772149745
>>>>>>>> devP:features/16/ee2745b6-09f7-44a0-821b-f9e6852b4a9c-o11p3.csv
