RMS,MAV,IEMG,VAR,WL,WAMP,FMN,FMD
<<<<<<<< HEAD:features/16/f0854826-4df9-47a1-9128-071742306200-o5p2.csv
0.05800055411255369,0.049333766437584706,296.54527005632167,0.0012997072416717091,64.98095793715873,2523,64.49145431581778,66.0455830976543
========
0.05800055411255369,0.049333766437584706,296.54527005632167,0.0012997072416717091,64.98095793715873,2523,15.440955181321229,0.0
>>>>>>>> devP:features/16/6d3291e5-a4a3-4c5f-9bbc-3edcadfc9cd9-o5p2.csv
