RMS,MAV,IEMG,VAR,WL,WAMP,FMN,FMD
<<<<<<<< HEAD:features/16/69f3aa68-3b69-4860-83f4-45d07a7c2ddd-o10p1.csv
0.17879372037394456,0.1651142786759681,758.8652247947493,0.006093341214313115,102.58581546719898,2879,63.848178998797415,61.57528285465622
========
0.17879372037394456,0.1651142786759681,758.8652247947493,0.006093341214313115,102.58581546719898,2879,6.726170423931177,0.0
>>>>>>>> devP:features/16/f2762ed0-bad0-4dee-90cf-fdd449ec319b-o10p1.csv
