RMS,MAV,IEMG,VAR,WL,WAMP,FMN,FMD
<<<<<<<< HEAD:features/16/f2e685ae-ead3-43b5-8342-689184696269-o4p4.csv
0.043583758088896626,0.034597375170307476,220.1776955838368,0.00109390752892715,67.40542945007907,2580,68.30051528200526,67.8818353236958
========
0.043583758088896626,0.034597375170307476,220.1776955838368,0.00109390752892715,67.40542945007907,2580,27.61902602560265,0.0
>>>>>>>> devP:features/16/5f9dc6fa-6c46-4697-ba30-a6d1c8b58660-o4p4.csv
