RMS,MAV,IEMG,VAR,WL,WAMP,FMN,FMD
0.12518437642577676,0.09108375412348159,542.1305045429624,0.014956229861505417,213.24968265929846,4329,-10.897135881868586,62.16397849462365
