RMS,MAV,IEMG,VAR,WL,WAMP,FMN,FMD
0.043583758088896626,0.034597375170307476,220.1776955838368,0.00109390752892715,67.40542945007907,2580,-3.6767806164986054,0.0
