RMS,MAV,IEMG,VAR,WL,WAMP,FMN,FMD
<<<<<<<< HEAD:features/16/0b864712-289d-439f-b95f-8143ab0979e6-o3p4.csv
0.07693930290399875,0.06197891331652415,405.9618822232332,0.004157210518559866,134.26490820433722,4139,66.92870054351107,66.25954198473282
========
0.07693930290399875,0.06197891331652415,405.9618822232332,0.004157210518559866,134.26490820433722,4139,36.218823169300244,37.55725190839695
>>>>>>>> devP:features/16/f5f10bf0-2bc9-41f4-863f-881258fb86be-o3p4.csv
