RMS,MAV,IEMG,VAR,WL,WAMP,FMN,FMD
0.1727690180257822,0.1499406082958444,828.1219796179487,0.00880042921603044,163.09003064439906,3974,-0.24892972203029332,0.0
