RMS,MAV,IEMG,VAR,WL,WAMP,FMN,FMD
0.161542018508325,0.1441656600033495,803.14689187866,0.005886978671767955,135.1962179914867,3802,-0.2559223179487353,0.0
