RMS,MAV,IEMG,VAR,WL,WAMP,FMN,FMD
0.08095925187673528,0.06448744713008348,371.3187205750207,0.004507192643914561,121.86458890320519,3703,65.07948543464359,66.16880861410212
