RMS,MAV,IEMG,VAR,WL,WAMP,FMN,FMD
<<<<<<<< HEAD:features/16/21ec6e9d-26c3-4f88-8684-565a94ceca4d-o6p4.csv
0.08372303217577605,0.06332585750299775,361.27401705460215,0.004816355699876239,114.32946611900311,3533,63.23619607705921,63.97896581945662
========
0.08372303217577605,0.06332585750299775,361.27401705460215,0.004816355699876239,114.32946611900311,3533,33.095374653436494,29.09728308501315
>>>>>>>> devP:features/16/f879a081-0650-4413-b740-8e486e72900d-o6p4.csv
