RMS,MAV,IEMG,VAR,WL,WAMP,FMN,FMD
<<<<<<<< HEAD:features/16/865c3e0b-04c3-43f6-b6a0-5e8c190b7dfa-o2p1.csv
0.11425954457190698,0.09789228781300924,568.0689461788926,0.0044643656326807555,113.59648302277728,3597,63.27542539104434,62.89850077546097
========
0.11425954457190698,0.09789228781300924,568.0689461788926,0.0044643656326807555,113.59648302277728,3597,13.050127043206341,0.0
>>>>>>>> devP:features/16/fe13decc-c159-485e-ac70-b3110887a3b2-o2p1.csv
