RMS,MAV,IEMG,VAR,WL,WAMP,FMN,FMD
0.10746150449189845,0.08479133499451554,514.1746554067422,0.00797560895024799,166.49784129903276,4197,1.7405841600363685,32.156992084432716
