RMS,MAV,IEMG,VAR,WL,WAMP,FMN,FMD
<<<<<<<< HEAD:features/16/cd2b3354-5074-4984-b9cc-39aec4a8695d-o7p3.csv
0.0804012848480644,0.06598306311113264,398.80163344368566,0.003258856716741535,101.58040908095685,3382,61.95554746051842,60.55592322964923
========
0.0804012848480644,0.06598306311113264,398.80163344368566,0.003258856716741535,101.58040908095685,3382,20.879713858835338,0.0
>>>>>>>> devP:features/16/ff469ac5-24f5-4ef9-bc4a-99e8b2f5cbe5-o7p3.csv
