RMS,MAV,IEMG,VAR,WL,WAMP,FMN,FMD
0.0804012848480644,0.06598306311113264,398.80163344368566,0.003258856716741535,101.58040908095685,3382,20.879713858835338,0.0
