RMS,MAV,IEMG,VAR,WL,WAMP,FMN,FMD
<<<<<<<< HEAD:features/4/9016ec41-0b69-48f2-b092-a210fbb618db-o4p5.csv
0.1809068475781831,0.1692812126127224,1027.3676793466122,0.0053983217601103525,92.44246036821092,2978,48.27106942727609,43.00543746910529
========
0.1809068475781831,0.1692812126127224,1027.3676793466122,0.0053983217601103525,92.44246036821092,2978,4.338978048236212,0.0
>>>>>>>> devP:features/4/03517d7e-0acd-4a8c-bf86-94813e6981e3-o4p5.csv
