RMS,MAV,IEMG,VAR,WL,WAMP,FMN,FMD
0.1809068475781831,0.1692812126127224,1027.3676793466122,0.0053983217601103525,92.44246036821092,2978,4.338978048236212,0.0
