RMS,MAV,IEMG,VAR,WL,WAMP,FMN,FMD
0.12785350236769907,0.11009393442340862,826.2549778476816,0.006801159904563238,117.67363042599938,3323,49.85622723356427,47.70153231179214
