RMS,MAV,IEMG,VAR,WL,WAMP,FMN,FMD
0.08719169486228966,0.07583580017007277,465.3284698435665,0.002481869235224613,75.8700231439246,2794,54.10287607797935,53.617992177314214
