RMS,MAV,IEMG,VAR,WL,WAMP,FMN,FMD
0.09766114233571432,0.06462460579708869,404.7439061071664,0.009477730795523503,147.2367829175455,3979,55.47176008850363,53.967747086060996
