RMS,MAV,IEMG,VAR,WL,WAMP,FMN,FMD
<<<<<<<< HEAD:features/4/0dc4e682-ba46-46ec-9459-49a549ab6f07-o8p5.csv
0.09766114233571432,0.06462460579708869,404.7439061071664,0.009477730795523503,147.2367829175455,3979,55.47176008850363,53.967747086060996
========
0.09766114233571432,0.06462460579708869,404.7439061071664,0.009477730795523503,147.2367829175455,3979,54.77856525903268,53.4887434136995
>>>>>>>> devP:features/4/59b0b5ef-ec16-4576-86b0-76e91821073f-o8p5.csv
