RMS,MAV,IEMG,VAR,WL,WAMP,FMN,FMD
0.11297755418227681,0.09817906308516287,588.9761994478921,0.004181128017165627,107.09013962170582,3495,57.82382348744202,56.009334889148185
