RMS,MAV,IEMG,VAR,WL,WAMP,FMN,FMD
<<<<<<<< HEAD:features/4/1aba21d1-2de0-42d0-962c-a2ba310a0a0d-o1p5.csv
0.08114580920541653,0.06878244383190743,440.27642296803947,0.0029222184473091453,93.36693372295758,3328,57.75740619752142,56.70988907983127
========
0.08114580920541653,0.06878244383190743,440.27642296803947,0.0029222184473091453,93.36693372295758,3328,16.471032161232966,0.0
>>>>>>>> devP:features/4/10257e8c-977c-475c-8c9a-5c9b1f0f2dc2-o1p5.csv
