RMS,MAV,IEMG,VAR,WL,WAMP,FMN,FMD
<<<<<<<< HEAD:features/4/10862dc5-1bf5-490c-acc9-d8128499cbe2-o10p4.csv
0.09468117284373,0.07506801548217011,496.27465035262657,0.005137346936834593,134.15986641326947,4068,60.39597301986035,60.505218575102106
========
0.09468117284373,0.07506801548217011,496.27465035262657,0.005137346936834593,134.15986641326947,4068,24.255964209616174,0.0
>>>>>>>> devP:features/4/9d240cd4-bc5e-44a3-b3ba-39dfbea945e0-o10p4.csv
