RMS,MAV,IEMG,VAR,WL,WAMP,FMN,FMD
0.09468117284373,0.07506801548217011,496.27465035262657,0.005137346936834593,134.15986641326947,4068,60.39597301986035,60.505218575102106
