RMS,MAV,IEMG,VAR,WL,WAMP,FMN,FMD
0.13011005106867835,0.09114420641969027,580.1328738613286,0.016751159852893844,199.25131169627377,4455,53.72214142222809,49.48939512961508
