RMS,MAV,IEMG,VAR,WL,WAMP,FMN,FMD
<<<<<<<< HEAD:features/4/472361fb-2f1f-4ebf-bbcb-2c6aa9fbc318-o5p4.csv
0.27261139891162,0.22045976715701868,1278.6666495107083,0.05742198601404728,344.303693863326,4779,51.96657146245763,48.793103448275865
========
0.27261139891162,0.22045976715701868,1278.6666495107083,0.05742198601404728,344.303693863326,4779,32.71526730860994,39.13793103448276
>>>>>>>> devP:features/4/13601e1c-ff81-45aa-b864-dc935cc0934f-o5p4.csv
