RMS,MAV,IEMG,VAR,WL,WAMP,FMN,FMD
0.08204686139920223,0.06747306121566718,422.9211476998019,0.004045619073614315,115.95479896261593,3728,0.5956324852920086,0.0
