RMS,MAV,IEMG,VAR,WL,WAMP,FMN,FMD
0.13000799451012543,0.08331443756895882,350.8370966028856,0.01511652957781227,103.68610465759016,2590,51.34333621366643,46.544763714082166
