RMS,MAV,IEMG,VAR,WL,WAMP,FMN,FMD
0.08114580920541653,0.06878244383190743,440.27642296803947,0.0029222184473091453,93.36693372295758,3328,57.75740619752142,56.70988907983127
