RMS,MAV,IEMG,VAR,WL,WAMP,FMN,FMD
0.11763585286984792,0.07399955715338678,475.0031573675897,0.012164321932642075,136.4454601933848,3921,-1.3464124594628777,0.0
