RMS,MAV,IEMG,VAR,WL,WAMP,FMN,FMD
<<<<<<<< HEAD:features/4/5e2ab5b8-57ca-4f40-b35f-e6ab8efb69af-o11p1.csv
0.1139131568383422,0.08228892493453215,587.2960572577559,0.011302834166062436,181.45747256371,4762,50.78371642952484,45.81757040773434
========
0.1139131568383422,0.08228892493453215,587.2960572577559,0.011302834166062436,181.45747256371,4762,39.18200440340341,40.77343421605716
>>>>>>>> devP:features/4/1b366887-0b71-44bb-b236-e5da37903264-o11p1.csv
