RMS,MAV,IEMG,VAR,WL,WAMP,FMN,FMD
0.17242716785767098,0.13311634845349743,825.5875931085911,0.024033741593961832,231.65273901700803,4442,35.758371030961456,40.63205417607224
