RMS,MAV,IEMG,VAR,WL,WAMP,FMN,FMD
<<<<<<<< HEAD:features/4/396fa1d8-6a6b-4d78-93d7-9abdff84184b-o9p4.csv
0.17242716785767098,0.13311634845349743,825.5875931085911,0.024033741593961832,231.65273901700803,4442,52.71197466045111,49.50016123831022
========
0.17242716785767098,0.13311634845349743,825.5875931085911,0.024033741593961832,231.65273901700803,4442,35.758371030961456,40.63205417607224
>>>>>>>> devP:features/4/1c872ad9-65ff-4f10-9e30-5671d22164a6-o9p4.csv
