RMS,MAV,IEMG,VAR,WL,WAMP,FMN,FMD
0.08535366285568663,0.07119711539126568,482.64524523739,0.0030831973520179237,98.78305047666841,3455,0.8601982731906075,0.0
