RMS,MAV,IEMG,VAR,WL,WAMP,FMN,FMD
0.17046075472506012,0.1613719185307315,1048.2719827756318,0.00316376368802071,92.25100173493463,3188,3.1756526724259975,0.0
