RMS,MAV,IEMG,VAR,WL,WAMP,FMN,FMD
<<<<<<<< HEAD:features/4/c637415b-bcb1-4027-b86d-2c0a798dee0b-o10p1.csv
0.17046075472506012,0.1613719185307315,1048.2719827756318,0.00316376368802071,92.25100173493463,3188,55.15646739976243,51.72413793103448
========
0.17046075472506012,0.1613719185307315,1048.2719827756318,0.00316376368802071,92.25100173493463,3188,3.1756526724259975,0.0
>>>>>>>> devP:features/4/20fdec07-157c-4982-8a3f-81c691d9fdff-o10p1.csv
