RMS,MAV,IEMG,VAR,WL,WAMP,FMN,FMD
0.10551032908146736,0.08256960335134154,554.9503041243665,0.007304727444549821,135.792905254036,4050,0.015938978729153914,0.0
