RMS,MAV,IEMG,VAR,WL,WAMP,FMN,FMD
0.1989353656368936,0.16650230327252943,1042.1379161827617,0.019318783038649708,197.67871995119526,4390,17.458895779196283,0.0
