RMS,MAV,IEMG,VAR,WL,WAMP,FMN,FMD
<<<<<<<< HEAD:features/4/06e60af7-3613-474a-abe5-e87e9eef6066-o3p1.csv
0.12785350236769907,0.11009393442340862,826.2549778476816,0.006801159904563238,117.67363042599938,3323,49.85622723356427,47.70153231179214
========
0.12785350236769907,0.11009393442340862,826.2549778476816,0.006801159904563238,117.67363042599938,3323,13.09600627745189,0.0
>>>>>>>> devP:features/4/27cbe503-186c-4a7f-8e66-ac8287e42f87-o3p1.csv
