RMS,MAV,IEMG,VAR,WL,WAMP,FMN,FMD
0.08120452489130806,0.050333271481252384,317.7539428611463,0.006582938584114041,108.91771367785591,3386,45.769391377454276,47.52098843655948
