RMS,MAV,IEMG,VAR,WL,WAMP,FMN,FMD
<<<<<<<< HEAD:features/4/04ec50b3-d828-4bbb-8d1f-da04dd879f7b-o1p4.csv
0.14560883056570612,0.13295312332564677,865.5248328499604,0.0041219202134324595,108.11786158790453,3423,57.262047232281425,52.841781874039945
========
0.14560883056570612,0.13295312332564677,865.5248328499604,0.0041219202134324595,108.11786158790453,3423,6.165560732887928,0.0
>>>>>>>> devP:features/4/2bb5839c-7b09-40ae-9a1a-aa26adc5c896-o1p4.csv
