RMS,MAV,IEMG,VAR,WL,WAMP,FMN,FMD
0.16084720906881114,0.1179034001640726,801.9789279160218,0.022670157295022315,239.61966316283952,4681,52.70537547177871,48.66215818876801
