RMS,MAV,IEMG,VAR,WL,WAMP,FMN,FMD
<<<<<<<< HEAD:features/4/2cfb5874-e562-4626-bde2-98d6d894e42e-o7p3.csv
0.16084720906881114,0.1179034001640726,801.9789279160218,0.022670157295022315,239.61966316283952,4681,52.70537547177871,48.66215818876801
========
0.16084720906881114,0.1179034001640726,801.9789279160218,0.022670157295022315,239.61966316283952,4681,41.097201228313644,42.04645692443399
>>>>>>>> devP:features/4/ccb4adfd-4494-4d71-8924-1b7f715e3cd3-o7p3.csv
