RMS,MAV,IEMG,VAR,WL,WAMP,FMN,FMD
<<<<<<<< HEAD:features/4/bdf6bcc0-b3d0-4773-b6b0-75592254e8b1-o11p3.csv
0.08754673468680048,0.06240945750291303,405.5990643114318,0.0069720320998159354,131.79185516052695,4073,51.32549001230099,47.54577627327281
========
0.08754673468680048,0.06240945750291303,405.5990643114318,0.0069720320998159354,131.79185516052695,4073,42.82042224370474,42.314202184951526
>>>>>>>> devP:features/4/322bfa9a-c371-4ea4-85ba-538fa665a42f-o11p3.csv
