RMS,MAV,IEMG,VAR,WL,WAMP,FMN,FMD
0.16510914548534344,0.12412222846068469,795.2511177476068,0.021861369331692748,205.51784870078762,4361,49.781485506341845,47.29202434836897
