RMS,MAV,IEMG,VAR,WL,WAMP,FMN,FMD
0.17242716785767098,0.13311634845349743,825.5875931085911,0.024033741593961832,231.65273901700803,4442,52.71197466045111,49.50016123831022
