RMS,MAV,IEMG,VAR,WL,WAMP,FMN,FMD
0.13257662339793289,0.08748714783759613,603.4863457837381,0.01756959945601257,212.05716637005585,4665,45.70652389906714,47.11510582777616
