RMS,MAV,IEMG,VAR,WL,WAMP,FMN,FMD
0.17004877683820774,0.14201490148632262,896.3980581816684,0.016159212213588056,219.1087733878744,4601,1.3944256493368157,0.0
