RMS,MAV,IEMG,VAR,WL,WAMP,FMN,FMD
0.07010198747495752,0.04818364495931754,291.2701337790745,0.0043805665753395935,88.8843104931453,2916,52.225762610024766,49.95864350703061
