RMS,MAV,IEMG,VAR,WL,WAMP,FMN,FMD
<<<<<<<< HEAD:features/4/dd7daee7-5a0b-4d8c-81ff-beed80454a66-o3p5.csv
0.07672463774485809,0.05889466672649234,292.117546963402,0.0038680189540576384,83.55819105123398,2869,57.9082368982459,55.241935483870975
========
0.07672463774485809,0.05889466672649234,292.117546963402,0.0038680189540576384,83.55819105123398,2869,28.33410038999872,0.0
>>>>>>>> devP:features/4/432227ed-6a32-4b1c-8be1-7d3a2528e2a2-o3p5.csv
