RMS,MAV,IEMG,VAR,WL,WAMP,FMN,FMD
0.07672463774485809,0.05889466672649234,292.117546963402,0.0038680189540576384,83.55819105123398,2869,28.33410038999872,0.0
