RMS,MAV,IEMG,VAR,WL,WAMP,FMN,FMD
0.07306019865928796,0.051439190093275376,319.5916880495199,0.004534420891601583,108.62467591423484,3612,55.39976516156536,54.56301303718011
