RMS,MAV,IEMG,VAR,WL,WAMP,FMN,FMD
<<<<<<<< HEAD:features/4/3b0c06ae-5194-41f0-8932-7cbbb5631840-o6p3.csv
0.10298123315885979,0.07920240429017944,421.59439803662514,0.008478105840383623,133.59116192935744,3756,55.70704319426841,52.03832425324065
========
0.10298123315885979,0.07920240429017944,421.59439803662514,0.008478105840383623,133.59116192935744,3756,37.09426363933701,38.88784520007514
>>>>>>>> devP:features/4/4b42a0dc-e818-4c32-ab9a-bdcc27a03d6e-o6p3.csv
