RMS,MAV,IEMG,VAR,WL,WAMP,FMN,FMD
0.07515667428182995,0.05719669598983877,423.941910676685,0.0038922512192522563,106.00616540320468,3629,1.4714165115057203,27.522935779816518
