RMS,MAV,IEMG,VAR,WL,WAMP,FMN,FMD
<<<<<<<< HEAD:features/4/dca8ca9c-2d59-4c72-b369-680e638103a5-o10p5.csv
0.08535366285568663,0.07119711539126568,482.64524523739,0.0030831973520179237,98.78305047666841,3455,57.84792603282681,54.58032158135418
========
0.08535366285568663,0.07119711539126568,482.64524523739,0.0030831973520179237,98.78305047666841,3455,15.526416191734526,0.0
>>>>>>>> devP:features/4/5031fba4-3546-4bf5-98ac-c1acb90301e5-o10p5.csv
