RMS,MAV,IEMG,VAR,WL,WAMP,FMN,FMD
0.1836858740166637,0.1449795663914245,895.8287407326121,0.025934996504126954,275.8144674330313,4910,0.881894589581382,42.23984463505421
