RMS,MAV,IEMG,VAR,WL,WAMP,FMN,FMD
<<<<<<<< HEAD:features/4/510306ff-d710-4b32-853a-55e2df2940d3-o5p1.csv
0.04791057674112961,0.04031977703056203,249.86165825839294,0.0012245768415673304,56.1788228942856,2110,56.88476548752017,54.54252057447152
========
0.04791057674112961,0.04031977703056203,249.86165825839294,0.0012245768415673304,56.1788228942856,2110,20.693458581118175,0.0
>>>>>>>> devP:features/4/07c6ebf9-a296-4710-8d03-5c9c682e1fe9-o5p1.csv
