RMS,MAV,IEMG,VAR,WL,WAMP,FMN,FMD
0.04791057674112961,0.04031977703056203,249.86165825839294,0.0012245768415673304,56.1788228942856,2110,56.88476548752017,54.54252057447152
