RMS,MAV,IEMG,VAR,WL,WAMP,FMN,FMD
0.08070095510416056,0.05440718243128194,273.28727735232917,0.006483635032898698,104.25295869422183,3133,55.42272816334808,50.76647421859447
