RMS,MAV,IEMG,VAR,WL,WAMP,FMN,FMD
<<<<<<<< HEAD:features/4/a913a847-8fde-457d-8d2b-0b0d65f65eab-o10p3.csv
0.1293183209664608,0.10971457418577071,666.7354673269286,0.006031443031512467,125.93327374120572,3772,57.008072022675115,54.63221984531842
========
0.1293183209664608,0.10971457418577071,666.7354673269286,0.006031443031512467,125.93327374120572,3772,12.542067212777408,0.0
>>>>>>>> devP:features/4/53215aeb-9c10-4baa-bd3a-018e255595eb-o10p3.csv
