RMS,MAV,IEMG,VAR,WL,WAMP,FMN,FMD
0.09489978970163981,0.06820230880929237,444.13343496611196,0.008659097512024023,161.2710191570298,4254,56.18065426241504,54.20761670761671
