RMS,MAV,IEMG,VAR,WL,WAMP,FMN,FMD
<<<<<<<< HEAD:features/4/039b6290-c5f0-4573-a757-a099c9a80c5c-o11p2.csv
0.10551032908146736,0.08256960335134154,554.9503041243665,0.007304727444549821,135.792905254036,4050,50.264934704408816,45.67772652879036
========
0.10551032908146736,0.08256960335134154,554.9503041243665,0.007304727444549821,135.792905254036,4050,24.54334339026717,0.0
>>>>>>>> devP:features/4/5525d7e7-bdb5-4c04-9a1c-54a651b16d78-o11p2.csv
