RMS,MAV,IEMG,VAR,WL,WAMP,FMN,FMD
<<<<<<<< HEAD:features/4/55ef431d-68eb-4256-a6b3-4990e973d848-o1p3.csv
0.08204686139920223,0.06747306121566718,422.9211476998019,0.004045619073614315,115.95479896261593,3728,60.45139072460864,60.62539885130823
========
0.08204686139920223,0.06747306121566718,422.9211476998019,0.004045619073614315,115.95479896261593,3728,25.9683202555611,0.0
>>>>>>>> devP:features/4/f1060a03-5fc7-4ea7-b730-d1c54f06e624-o1p3.csv
