RMS,MAV,IEMG,VAR,WL,WAMP,FMN,FMD
0.20983425128842742,0.1578192953914763,1050.1295915348833,0.039661612888055864,336.71188122326686,5197,11.470819226860558,0.0
