RMS,MAV,IEMG,VAR,WL,WAMP,FMN,FMD
0.09766114233571432,0.06462460579708869,404.7439061071664,0.009477730795523503,147.2367829175455,3979,54.77856525903268,53.4887434136995
