RMS,MAV,IEMG,VAR,WL,WAMP,FMN,FMD
<<<<<<<< HEAD:features/4/41846d1a-7c2e-47e9-bf76-954ae7944065-o5p3.csv
0.07010198747495752,0.04818364495931754,291.2701337790745,0.0043805665753395935,88.8843104931453,2916,52.225762610024766,49.95864350703061
========
0.07010198747495752,0.04818364495931754,291.2701337790745,0.0043805665753395935,88.8843104931453,2916,41.99302126895906,47.808105872622
>>>>>>>> devP:features/4/5dd083d7-8a81-41aa-b8d8-6a2f683b3fc2-o5p3.csv
