RMS,MAV,IEMG,VAR,WL,WAMP,FMN,FMD
0.07062433733874039,0.05605969814893181,339.21723349918636,0.0029230765260608122,71.3052114737086,2580,51.003363707581734,49.578582052553294
