RMS,MAV,IEMG,VAR,WL,WAMP,FMN,FMD
<<<<<<<< HEAD:features/4/e2a89b74-e38c-43eb-a14d-7e9c56c5805c-o6p5.csv
0.08331359430213753,0.06705505348230201,367.0593627621212,0.0038483127415217485,98.0777271906531,3418,58.8858956501226,57.91012056996711
========
0.08331359430213753,0.06705505348230201,367.0593627621212,0.0038483127415217485,98.0777271906531,3418,22.584354851176062,0.0
>>>>>>>> devP:features/4/643d5e83-d272-4514-aa82-fdee7f66711c-o6p5.csv
