RMS,MAV,IEMG,VAR,WL,WAMP,FMN,FMD
<<<<<<<< HEAD:features/4/deff858c-23bd-4dfa-92e3-7afe1cf618b2-o5p5.csv
0.11195484897539662,0.08056834093350047,512.253511655196,0.012530187676620135,191.88765950627942,4374,56.8086042928099,53.79050015728217
========
0.11195484897539662,0.08056834093350047,512.253511655196,0.012530187676620135,191.88765950627942,4374,56.7750696030881,53.63321799307958
>>>>>>>> devP:features/4/648ead13-377c-444b-88e1-f3f01e92b39c-o5p5.csv
