RMS,MAV,IEMG,VAR,WL,WAMP,FMN,FMD
0.09991311108691343,0.08056094497107989,563.2015662928195,0.006046611254489871,143.51555202130325,4233,56.75297871758613,55.213846373909305
