RMS,MAV,IEMG,VAR,WL,WAMP,FMN,FMD
0.240268258852812,0.17631554170251326,1129.829991229705,0.056548871036315056,391.4901887520307,5032,54.81971986393432,51.966292134831455
