RMS,MAV,IEMG,VAR,WL,WAMP,FMN,FMD
0.18352242379035685,0.15902126716501366,902.6047124286175,0.012669244615232911,178.97849247880418,4141,0.6515157594663046,0.0
