RMS,MAV,IEMG,VAR,WL,WAMP,FMN,FMD
<<<<<<<< HEAD:features/4/38103c76-77b1-4fe5-926d-5cc86fb881df-o1p6.csv
0.08001584870844539,0.0651066559815487,432.1128757495387,0.004127771923915422,122.51714316359245,4164,57.24146089610456,57.10411330420371
========
0.08001584870844539,0.0651066559815487,432.1128757495387,0.004127771923915422,122.51714316359245,4164,27.229632567026954,0.0
>>>>>>>> devP:features/4/68f2228a-e6f7-4981-b243-7f96d0857d81-o1p6.csv
