RMS,MAV,IEMG,VAR,WL,WAMP,FMN,FMD
0.08001584870844539,0.0651066559815487,432.1128757495387,0.004127771923915422,122.51714316359245,4164,27.229632567026954,0.0
