RMS,MAV,IEMG,VAR,WL,WAMP,FMN,FMD
<<<<<<<< HEAD:features/4/72c63c85-0857-47f4-a124-3517ec6d59c1-o8p2.csv
0.1989353656368936,0.16650230327252943,1042.1379161827617,0.019318783038649708,197.67871995119526,4390,54.071560601152456,50.80683815305959
========
0.1989353656368936,0.16650230327252943,1042.1379161827617,0.019318783038649708,197.67871995119526,4390,17.458895779196283,0.0
>>>>>>>> devP:features/4/24738d09-ba43-43c9-a64d-7297d6f0a7da-o8p2.csv
