RMS,MAV,IEMG,VAR,WL,WAMP,FMN,FMD
<<<<<<<< HEAD:features/4/11149e76-9c49-4765-835a-c7bff80fcdab-o9p5.csv
0.13011005106867835,0.09114420641969027,580.1328738613286,0.016751159852893844,199.25131169627377,4455,53.72214142222809,49.48939512961508
========
0.13011005106867835,0.09114420641969027,580.1328738613286,0.016751159852893844,199.25131169627377,4455,52.60747078532372,49.17517674783975
>>>>>>>> devP:features/4/72fd4fef-f535-4fc8-b4e3-95a11b2eb11c-o9p5.csv
