RMS,MAV,IEMG,VAR,WL,WAMP,FMN,FMD
0.12742723679078938,0.0851644834767837,568.3877627240544,0.015819594200533957,189.84695560011158,4482,49.926816526070965,45.69973029667366
