RMS,MAV,IEMG,VAR,WL,WAMP,FMN,FMD
0.10058091927246338,0.06872383723525445,404.57722980394294,0.010025672373411343,133.84771340072152,3730,47.835875333205685,42.63631730932563
