RMS,MAV,IEMG,VAR,WL,WAMP,FMN,FMD
<<<<<<<< HEAD:features/4/8bbd4b50-0c5e-409b-90be-c292b7d88d8a-o11p6.csv
0.10058091927246338,0.06872383723525445,404.57722980394294,0.010025672373411343,133.84771340072152,3730,48.702817479792806,42.80618311533888
========
0.10058091927246338,0.06872383723525445,404.57722980394294,0.010025672373411343,133.84771340072152,3730,47.835875333205685,42.63631730932563
>>>>>>>> devP:features/4/78ff972f-fe65-4923-aa5f-b0a4d98e7582-o11p6.csv
