RMS,MAV,IEMG,VAR,WL,WAMP,FMN,FMD
<<<<<<<< HEAD:features/4/7ba90167-5589-4fb6-8738-f378c9eaaee8-o6p1.csv
0.17004877683820774,0.14201490148632262,896.3980581816684,0.016159212213588056,219.1087733878744,4601,56.58406183666757,53.07351077313054
========
0.17004877683820774,0.14201490148632262,896.3980581816684,0.016159212213588056,219.1087733878744,4601,21.94065192015119,0.0
>>>>>>>> devP:features/4/d534251c-9608-4a04-a98d-e23fa4932244-o6p1.csv
