RMS,MAV,IEMG,VAR,WL,WAMP,FMN,FMD
0.16510914548534344,0.12412222846068469,795.2511177476068,0.021861369331692748,205.51784870078762,4361,0.32502276023138665,0.0
