RMS,MAV,IEMG,VAR,WL,WAMP,FMN,FMD
0.11377394393480174,0.081120491916815,520.3879556463683,0.012864392410413395,178.26388660199564,4307,17.202084809153682,46.297739672642244
