RMS,MAV,IEMG,VAR,WL,WAMP,FMN,FMD
0.1293183209664608,0.10971457418577071,666.7354673269286,0.006031443031512467,125.93327374120572,3772,-0.3928948665603941,0.0
