RMS,MAV,IEMG,VAR,WL,WAMP,FMN,FMD
<<<<<<<< HEAD:features/4/4a834860-94d4-458f-a632-b4b3edce5b08-o4p4.csv
0.07306019865928796,0.051439190093275376,319.5916880495199,0.004534420891601583,108.62467591423484,3612,55.39976516156536,54.56301303718011
========
0.07306019865928796,0.051439190093275376,319.5916880495199,0.004534420891601583,108.62467591423484,3612,40.90524819425148,42.491549975857076
>>>>>>>> devP:features/4/88c65cf1-8a6b-41f9-b2de-80b8f1c9f43a-o4p4.csv
