RMS,MAV,IEMG,VAR,WL,WAMP,FMN,FMD
<<<<<<<< HEAD:features/4/78171194-865f-46cb-9af8-4fa97af1fcef-o9p1.csv
0.12742723679078938,0.0851644834767837,568.3877627240544,0.015819594200533957,189.84695560011158,4482,49.926816526070965,45.69973029667366
========
0.12742723679078938,0.0851644834767837,568.3877627240544,0.015819594200533957,189.84695560011158,4482,47.42021626979605,45.25022475277195
>>>>>>>> devP:features/4/8af12950-80ca-4b5a-aa65-0e681f1d6117-o9p1.csv
