RMS,MAV,IEMG,VAR,WL,WAMP,FMN,FMD
0.12785350236769907,0.11009393442340862,826.2549778476816,0.006801159904563238,117.67363042599938,3323,0.2039356541557275,0.0
