RMS,MAV,IEMG,VAR,WL,WAMP,FMN,FMD
0.16084720906881114,0.1179034001640726,801.9789279160218,0.022670157295022315,239.61966316283952,4681,-5.13484216365318,42.04645692443399
