RMS,MAV,IEMG,VAR,WL,WAMP,FMN,FMD
0.07536967290962311,0.05723741491599124,360.1950520663329,0.004967484335344497,115.7961375640289,3756,1.4153835118550169,0.0
