RMS,MAV,IEMG,VAR,WL,WAMP,FMN,FMD
0.16091431647165938,0.12150747889266912,772.1800283629123,0.0208168418332939,218.57576510567174,4545,53.73605774319274,49.25255704169945
