RMS,MAV,IEMG,VAR,WL,WAMP,FMN,FMD
<<<<<<<< HEAD:features/4/676c6910-c11f-430d-8ecb-6f308692b93b-o7p5.csv
0.240268258852812,0.17631554170251326,1129.829991229705,0.056548871036315056,391.4901887520307,5032,54.81971986393432,51.966292134831455
========
0.240268258852812,0.17631554170251326,1129.829991229705,0.056548871036315056,391.4901887520307,5032,52.62360115712366,50.87390761548065
>>>>>>>> devP:features/4/9c593b0c-11e3-493a-ae71-8038bc8e4336-o7p5.csv
