RMS,MAV,IEMG,VAR,WL,WAMP,FMN,FMD
0.0805606272107268,0.060969337537883306,393.19125778180944,0.0053977694569991505,126.33010120245191,3871,-4.028979368386878,0.0
