RMS,MAV,IEMG,VAR,WL,WAMP,FMN,FMD
0.27261139891162,0.22045976715701868,1278.6666495107083,0.05742198601404728,344.303693863326,4779,5.308064962633375,0.0
