RMS,MAV,IEMG,VAR,WL,WAMP,FMN,FMD
<<<<<<<< HEAD:features/4/a4525c2d-130b-476b-899e-ff7915ca27ba-o7p1.csv
0.1911430376014372,0.15062420104723928,970.4717273473627,0.025227868658378262,241.62893786086457,4737,52.62153499795735,48.57985410523048
========
0.1911430376014372,0.15062420104723928,970.4717273473627,0.025227868658378262,241.62893786086457,4737,27.74735288956241,29.48936830668943
>>>>>>>> devP:features/4/25bb40fd-9a95-42bf-8cc2-92aac2a28007-o7p1.csv
