RMS,MAV,IEMG,VAR,WL,WAMP,FMN,FMD
0.1911430376014372,0.15062420104723928,970.4717273473627,0.025227868658378262,241.62893786086457,4737,52.62153499795735,48.57985410523048
