RMS,MAV,IEMG,VAR,WL,WAMP,FMN,FMD
0.14560883056570612,0.13295312332564677,865.5248328499604,0.0041219202134324595,108.11786158790453,3423,0.2869728945597309,0.0
