RMS,MAV,IEMG,VAR,WL,WAMP,FMN,FMD
<<<<<<<< HEAD:features/4/a0b884c1-5ec2-48bf-a81e-620a04e97293-o8p4.csv
0.12197509734009457,0.08081357104345147,482.2145784162749,0.01431154805393879,171.59468452988932,3926,56.53272209664248,54.13105413105413
========
0.12197509734009457,0.08081357104345147,482.2145784162749,0.01431154805393879,171.59468452988932,3926,52.386364733130485,51.95240489358136
>>>>>>>> devP:features/4/a83f7152-90cb-4b27-a360-7238525184ea-o8p4.csv
