RMS,MAV,IEMG,VAR,WL,WAMP,FMN,FMD
0.12197509734009457,0.08081357104345147,482.2145784162749,0.01431154805393879,171.59468452988932,3926,52.386364733130485,51.95240489358136
