RMS,MAV,IEMG,VAR,WL,WAMP,FMN,FMD
0.18352242379035685,0.15902126716501366,902.6047124286175,0.012669244615232911,178.97849247880418,4141,13.29984863644518,0.0
