RMS,MAV,IEMG,VAR,WL,WAMP,FMN,FMD
<<<<<<<< HEAD:features/4/ac8b0350-d9b1-4e82-8e93-19a4d9ebb569-o3p3.csv
0.10470381133821742,0.0631223750109123,366.3622645633349,0.010721461867997937,120.93558447634192,3259,50.7365533102806,49.104066161268086
========
0.10470381133821742,0.0631223750109123,366.3622645633349,0.010721461867997937,120.93558447634192,3259,48.55005011119725,48.93177119228118
>>>>>>>> devP:features/4/5f9b2d5a-168a-4557-bc3a-e6ef23730bc9-o3p3.csv
