RMS,MAV,IEMG,VAR,WL,WAMP,FMN,FMD
<<<<<<<< HEAD:features/4/099e7ab1-263c-449e-9ad0-bd75f980554c-o7p4.csv
0.1522459567705535,0.11562518259132307,731.6761554378924,0.01959939966505499,223.29877135026598,4593,54.85008783798184,52.46523388116309
========
0.1522459567705535,0.11562518259132307,731.6761554378924,0.01959939966505499,223.29877135026598,4593,40.17558208543523,44.40581542351454
>>>>>>>> devP:features/4/acae8145-e0b1-49ce-8ce2-0165d09a2e97-o7p4.csv
