RMS,MAV,IEMG,VAR,WL,WAMP,FMN,FMD
<<<<<<<< HEAD:features/4/46455cb5-29a5-477f-b5e5-ecf0ed9793f5-o9p6.csv
0.13265359290010004,0.12636960676382283,1114.9590404772089,0.0017917112562549139,91.54310845144533,3514,51.824068346246676,48.73625750878386
========
0.13265359290010004,0.12636960676382283,1114.9590404772089,0.0017917112562549139,91.54310845144533,3514,2.7798664445727614,0.0
>>>>>>>> devP:features/4/aee334ff-3edd-49a3-a577-014f037673e2-o9p6.csv
