RMS,MAV,IEMG,VAR,WL,WAMP,FMN,FMD
0.13265359290010004,0.12636960676382283,1114.9590404772089,0.0017917112562549139,91.54310845144533,3514,2.7798664445727614,0.0
