RMS,MAV,IEMG,VAR,WL,WAMP,FMN,FMD
<<<<<<<< HEAD:features/4/9bed088f-f085-4d43-9629-a383257098e4-o3p4.csv
0.07515667428182995,0.05719669598983877,423.941910676685,0.0038922512192522563,106.00616540320468,3629,51.851911030619135,46.41122504047491
========
0.07515667428182995,0.05719669598983877,423.941910676685,0.0038922512192522563,106.00616540320468,3629,27.255383234346155,27.522935779816518
>>>>>>>> devP:features/4/b1dc4866-9ab0-4518-bbd6-07daca3690c9-o3p4.csv
