RMS,MAV,IEMG,VAR,WL,WAMP,FMN,FMD
<<<<<<<< HEAD:features/4/bbc61bbe-7c04-47cb-b145-9a399776566a-o10p6.csv
0.0805606272107268,0.060969337537883306,393.19125778180944,0.0053977694569991505,126.33010120245191,3871,58.462093903524746,55.97767095673748
========
0.0805606272107268,0.060969337537883306,393.19125778180944,0.0053977694569991505,126.33010120245191,3871,41.618845944429154,46.67390293068693
>>>>>>>> devP:features/4/b3ebdcdd-848a-49d7-8b3f-8603c51a6fdb-o10p6.csv
