RMS,MAV,IEMG,VAR,WL,WAMP,FMN,FMD
<<<<<<<< HEAD:features/4/b3ac4292-6c85-4b12-86ac-11afb950a694-o9p3.csv
0.11377394393480174,0.081120491916815,520.3879556463683,0.012864392410413395,178.26388660199564,4307,52.21441725039479,46.609508963367105
========
0.11377394393480174,0.081120491916815,520.3879556463683,0.012864392410413395,178.26388660199564,4307,51.57204806975872,46.297739672642244
>>>>>>>> devP:features/4/b40a78bc-357a-4c8c-bfa0-c0b3a1f246fb-o9p3.csv
