RMS,MAV,IEMG,VAR,WL,WAMP,FMN,FMD
<<<<<<<< HEAD:features/4/38123007-d3fd-461a-b1bf-b970619ec854-o9p2.csv
0.16510914548534344,0.12412222846068469,795.2511177476068,0.021861369331692748,205.51784870078762,4361,49.781485506341845,47.29202434836897
========
0.16510914548534344,0.12412222846068469,795.2511177476068,0.021861369331692748,205.51784870078762,4361,33.32113998215557,38.23942562821913
>>>>>>>> devP:features/4/b4984245-50bc-4da3-89cf-1314f2152ecd-o9p2.csv
