RMS,MAV,IEMG,VAR,WL,WAMP,FMN,FMD
0.13207477860382147,0.09242697328058314,365.08654445830336,0.016793394521193144,114.67511604373652,2446,51.19329306122078,47.59493670886075
