RMS,MAV,IEMG,VAR,WL,WAMP,FMN,FMD
<<<<<<<< HEAD:features/4/5364d889-ce89-4402-8d29-558970dafafd-o1p2.csv
0.09489978970163981,0.06820230880929237,444.13343496611196,0.008659097512024023,161.2710191570298,4254,56.18065426241504,54.20761670761671
========
0.09489978970163981,0.06820230880929237,444.13343496611196,0.008659097512024023,161.2710191570298,4254,52.01346601562496,52.36486486486486
>>>>>>>> devP:features/4/bac93977-9287-49ed-b53c-221ee8cba23b-o1p2.csv
