RMS,MAV,IEMG,VAR,WL,WAMP,FMN,FMD
<<<<<<<< HEAD:features/4/d70f7851-76ad-4b14-a9ae-27d25603a5df-o4p2.csv
0.19883170340803757,0.16289352306172483,969.3793557403245,0.02291763162548977,239.21523136901416,4536,58.6846688281263,54.61267013947236
========
0.19883170340803757,0.16289352306172483,969.3793557403245,0.02291763162548977,239.21523136901416,4536,23.951960498217005,0.0
>>>>>>>> devP:features/4/bc610238-10a0-4d65-9b4d-8eff0fd19e2e-o4p2.csv
