RMS,MAV,IEMG,VAR,WL,WAMP,FMN,FMD
<<<<<<<< HEAD:features/4/bd2707ef-3efd-4689-990e-901f9475a060-o6p2.csv
0.18352242379035685,0.15902126716501366,902.6047124286175,0.012669244615232911,178.97849247880418,4141,57.413962006680094,53.73502466525722
========
0.18352242379035685,0.15902126716501366,902.6047124286175,0.012669244615232911,178.97849247880418,4141,13.29984863644518,0.0
>>>>>>>> devP:features/4/ac0fe61c-86d8-4d58-9375-c276d3019d41-o6p2.csv
