RMS,MAV,IEMG,VAR,WL,WAMP,FMN,FMD
0.08754673468680048,0.06240945750291303,405.5990643114318,0.0069720320998159354,131.79185516052695,4073,51.32549001230099,47.54577627327281
