RMS,MAV,IEMG,VAR,WL,WAMP,FMN,FMD
0.10563738116764906,0.06419065252398427,379.68770967936695,0.011129542517003339,141.145550309333,3773,54.36352312582751,45.646661031276416
