RMS,MAV,IEMG,VAR,WL,WAMP,FMN,FMD
0.20078934633070905,0.14389754714555414,908.2813175827376,0.038273980062031754,288.89098657012926,4686,51.80281680579473,47.370088719898604
