RMS,MAV,IEMG,VAR,WL,WAMP,FMN,FMD
<<<<<<<< HEAD:features/4/4491b03e-70c1-4380-8792-7d50d2e93884-o4p3.csv
0.2194403110300458,0.16621487452471065,1081.7264034068169,0.038250441869835845,327.9925895444555,4742,59.218983835224066,55.62384757221881
========
0.2194403110300458,0.16621487452471065,1081.7264034068169,0.038250441869835845,327.9925895444555,4742,39.015564300240264,43.484941610325755
>>>>>>>> devP:features/4/bf63c964-a71f-406b-a53e-edabbd02988d-o4p3.csv
