RMS,MAV,IEMG,VAR,WL,WAMP,FMN,FMD
0.056129285853364075,0.03890473881577543,200.9429759834801,0.0030153665518055676,76.15945603705455,2659,58.78510251498421,57.69603097773475
