RMS,MAV,IEMG,VAR,WL,WAMP,FMN,FMD
<<<<<<<< HEAD:features/4/3853e2cf-e8b6-4938-a2e5-e2ae6d21def5-o8p1.csv
0.13257662339793289,0.08748714783759613,603.4863457837381,0.01756959945601257,212.05716637005585,4665,53.19187432375008,47.11510582777616
========
0.13257662339793289,0.08748714783759613,603.4863457837381,0.01756959945601257,212.05716637005585,4665,53.14975518897599,47.11510582777616
>>>>>>>> devP:features/4/c11f2b31-6e68-41b8-8e08-522bac88a466-o8p1.csv
