RMS,MAV,IEMG,VAR,WL,WAMP,FMN,FMD
0.13000799451012543,0.08331443756895882,350.8370966028856,0.01511652957781227,103.68610465759016,2590,41.53192011062965,45.59487057706008
