RMS,MAV,IEMG,VAR,WL,WAMP,FMN,FMD
<<<<<<<< HEAD:features/4/14fdd801-442b-43b3-8140-45450359ebb6-o4p6.csv
0.13000799451012543,0.08331443756895882,350.8370966028856,0.01511652957781227,103.68610465759016,2590,51.34333621366643,46.544763714082166
========
0.13000799451012543,0.08331443756895882,350.8370966028856,0.01511652957781227,103.68610465759016,2590,41.53192011062965,45.59487057706008
>>>>>>>> devP:features/4/c2353c11-bec4-4a91-9e83-27430f31c53b-o4p6.csv
