RMS,MAV,IEMG,VAR,WL,WAMP,FMN,FMD
0.10470381133821742,0.0631223750109123,366.3622645633349,0.010721461867997937,120.93558447634192,3259,-57.97830588825261,48.93177119228118
