RMS,MAV,IEMG,VAR,WL,WAMP,FMN,FMD
<<<<<<<< HEAD:features/4/c78d43ba-7c9d-4831-b709-41c204e9a25c-o7p6.csv
0.20983425128842742,0.1578192953914763,1050.1295915348833,0.039661612888055864,336.71188122326686,5197,54.464259882934414,50.94679891794409
========
0.20983425128842742,0.1578192953914763,1050.1295915348833,0.039661612888055864,336.71188122326686,5197,44.63172552485602,46.588518184550644
>>>>>>>> devP:features/4/c55bf820-5417-4a77-a1f9-aadad85c5564-o7p6.csv
