RMS,MAV,IEMG,VAR,WL,WAMP,FMN,FMD
<<<<<<<< HEAD:features/4/9c406c60-8726-407a-a035-2a0c0a57693f-o8p3.csv
0.16091431647165938,0.12150747889266912,772.1800283629123,0.0208168418332939,218.57576510567174,4545,53.73605774319274,49.25255704169945
========
0.16091431647165938,0.12150747889266912,772.1800283629123,0.0208168418332939,218.57576510567174,4545,36.119318049094375,42.80094413847364
>>>>>>>> devP:features/4/c61e6bdc-2988-4f26-bb90-b939dc3f9134-o8p3.csv
