RMS,MAV,IEMG,VAR,WL,WAMP,FMN,FMD
<<<<<<<< HEAD:features/4/0ee36556-d17d-4941-a9e5-4d86ade9e155-o2p1.csv
0.11297755418227681,0.09817906308516287,588.9761994478921,0.004181128017165627,107.09013962170582,3495,57.82382348744202,56.009334889148185
========
0.11297755418227681,0.09817906308516287,588.9761994478921,0.004181128017165627,107.09013962170582,3495,11.325801983458078,0.0
>>>>>>>> devP:features/4/c7786bd3-ef22-4255-b2fb-1e7bdf9de2ed-o2p1.csv
