RMS,MAV,IEMG,VAR,WL,WAMP,FMN,FMD
<<<<<<<< HEAD:features/4/515ac73a-4691-4351-91b1-ce1e2fdcac39-o3p6.csv
0.08070095510416056,0.05440718243128194,273.28727735232917,0.006483635032898698,104.25295869422183,3133,55.42272816334808,50.76647421859447
========
0.08070095510416056,0.05440718243128194,273.28727735232917,0.006483635032898698,104.25295869422183,3133,54.93118126986462,50.56739000597253
>>>>>>>> devP:features/4/c9d25790-05ac-4a6a-b224-941590fdff41-o3p6.csv
