RMS,MAV,IEMG,VAR,WL,WAMP,FMN,FMD
<<<<<<<< HEAD:features/4/6599e5cb-7397-4e38-8007-600bfe5348e7-o2p2.csv
0.09991311108691343,0.08056094497107989,563.2015662928195,0.006046611254489871,143.51555202130325,4233,56.75297871758613,55.213846373909305
========
0.09991311108691343,0.08056094497107989,563.2015662928195,0.006046611254489871,143.51555202130325,4233,24.654922873617473,0.0
>>>>>>>> devP:features/4/cb31afac-5d9b-48e5-96cf-d253ff0adffe-o2p2.csv
