RMS,MAV,IEMG,VAR,WL,WAMP,FMN,FMD
0.2194403110300458,0.16621487452471065,1081.7264034068169,0.038250441869835845,327.9925895444555,4742,3.968856578097699,43.484941610325755
