RMS,MAV,IEMG,VAR,WL,WAMP,FMN,FMD
<<<<<<<< HEAD:features/4/cb42c0d9-50fe-4dee-8108-67aff0934e55-o10p2.csv
0.07536967290962311,0.05723741491599124,360.1950520663329,0.004967484335344497,115.7961375640289,3756,54.20716181967705,50.373430796122676
========
0.07536967290962311,0.05723741491599124,360.1950520663329,0.004967484335344497,115.7961375640289,3756,42.115459343561405,46.559669474018754
>>>>>>>> devP:features/4/99ff653a-bad6-4a7c-9759-a69e9118964c-o10p2.csv
