RMS,MAV,IEMG,VAR,WL,WAMP,FMN,FMD
<<<<<<<< HEAD:features/4/09acdb11-c196-44c8-8201-a8092f49d03e-o4p1.csv
0.1836858740166637,0.1449795663914245,895.8287407326121,0.025934996504126954,275.8144674330313,4910,59.50936778207994,55.9961158763554
========
0.1836858740166637,0.1449795663914245,895.8287407326121,0.025934996504126954,275.8144674330313,4910,37.14858451474419,42.23984463505421
>>>>>>>> devP:features/4/cb60cfe9-e1a4-4878-b08f-5c73780e9e50-o4p1.csv
