RMS,MAV,IEMG,VAR,WL,WAMP,FMN,FMD
<<<<<<<< HEAD:features/4/555f1b88-9e70-4e76-affc-0c915a36d736-o1p1.csv
0.10284644801137895,0.07197928193669173,517.890933534497,0.010566970401803114,195.15064443156012,4842,56.059522758866834,53.09242529534399
========
0.10284644801137895,0.07197928193669173,517.890933534497,0.010566970401803114,195.15064443156012,4842,55.94916523098394,53.09242529534399
>>>>>>>> devP:features/4/cf843365-4953-4447-9592-e76cb16985af-o1p1.csv
