RMS,MAV,IEMG,VAR,WL,WAMP,FMN,FMD
0.10284644801137895,0.07197928193669173,517.890933534497,0.010566970401803114,195.15064443156012,4842,55.94916523098394,53.09242529534399
