RMS,MAV,IEMG,VAR,WL,WAMP,FMN,FMD
<<<<<<<< HEAD:features/4/b6694eea-0f8a-4614-8f14-4d77a2265e0b-o5p6.csv
0.13207477860382147,0.09242697328058314,365.08654445830336,0.016793394521193144,114.67511604373652,2446,51.19329306122078,47.59493670886075
========
0.13207477860382147,0.09242697328058314,365.08654445830336,0.016793394521193144,114.67511604373652,2446,47.513232433119114,44.55696202531645
>>>>>>>> devP:features/4/d0492b6d-11fb-4981-b46f-6bad80745612-o5p6.csv
