RMS,MAV,IEMG,VAR,WL,WAMP,FMN,FMD
<<<<<<<< HEAD:features/4/84a8793c-d7d5-451e-a8b9-03b39a12b9fd-o11p5.csv
0.11763585286984792,0.07399955715338678,475.0031573675897,0.012164321932642075,136.4454601933848,3921,46.326248556669135,43.15313911824271
========
0.11763585286984792,0.07399955715338678,475.0031573675897,0.012164321932642075,136.4454601933848,3921,36.32832709817341,39.414238978033964
>>>>>>>> devP:features/4/d16766a6-8ea1-4366-adab-cb50cedadb09-o11p5.csv
