RMS,MAV,IEMG,VAR,WL,WAMP,FMN,FMD
0.08719169486228966,0.07583580017007277,465.3284698435665,0.002481869235224613,75.8700231439246,2794,10.553892319030362,0.0
