RMS,MAV,IEMG,VAR,WL,WAMP,FMN,FMD
<<<<<<<< HEAD:features/4/0bb33a84-2e66-4843-a3e0-a1ff8ec8cf5b-o11p4.csv
0.08719169486228966,0.07583580017007277,465.3284698435665,0.002481869235224613,75.8700231439246,2794,54.10287607797935,53.617992177314214
========
0.08719169486228966,0.07583580017007277,465.3284698435665,0.002481869235224613,75.8700231439246,2794,10.553892319030362,0.0
>>>>>>>> devP:features/4/d49e2345-e565-4b30-939d-a2e9a074155f-o11p4.csv
