RMS,MAV,IEMG,VAR,WL,WAMP,FMN,FMD
0.1139131568383422,0.08228892493453215,587.2960572577559,0.011302834166062436,181.45747256371,4762,3.2866744375644306,40.77343421605716
