RMS,MAV,IEMG,VAR,WL,WAMP,FMN,FMD
0.19883170340803757,0.16289352306172483,969.3793557403245,0.02291763162548977,239.21523136901416,4536,58.6846688281263,54.61267013947236
