RMS,MAV,IEMG,VAR,WL,WAMP,FMN,FMD
0.11195484897539662,0.08056834093350047,512.253511655196,0.012530187676620135,191.88765950627942,4374,56.8086042928099,53.79050015728217
