RMS,MAV,IEMG,VAR,WL,WAMP,FMN,FMD
0.09766114233571432,0.06462460579708869,404.7439061071664,0.009477730795523503,147.2367829175455,3979,13.393027667933701,32.093246048219704
