RMS,MAV,IEMG,VAR,WL,WAMP,FMN,FMD
<<<<<<<< HEAD:features/4/e02193c0-e701-4857-bb3c-153984c8efb5-o3p2.csv
0.08120452489130806,0.050333271481252384,317.7539428611463,0.006582938584114041,108.91771367785591,3386,50.52661480849461,47.52098843655948
========
0.08120452489130806,0.050333271481252384,317.7539428611463,0.006582938584114041,108.91771367785591,3386,50.3547160079363,47.52098843655948
>>>>>>>> devP:features/4/d2ff594d-ba45-4f04-9a13-abac8c1fd23d-o3p2.csv
