RMS,MAV,IEMG,VAR,WL,WAMP,FMN,FMD
0.08331359430213753,0.06705505348230201,367.0593627621212,0.0038483127415217485,98.0777271906531,3418,58.8858956501226,57.91012056996711
