RMS,MAV,IEMG,VAR,WL,WAMP,FMN,FMD
0.1522459567705535,0.11562518259132307,731.6761554378924,0.01959939966505499,223.29877135026598,4593,-5.812151976593463,0.0
