RMS,MAV,IEMG,VAR,WL,WAMP,FMN,FMD
<<<<<<<< HEAD:features/4/beb70e1f-de51-46cc-af56-ccbebe679e7e-o7p2.csv
0.20078934633070905,0.14389754714555414,908.2813175827376,0.038273980062031754,288.89098657012926,4686,51.80281680579473,47.370088719898604
========
0.20078934633070905,0.14389754714555414,908.2813175827376,0.038273980062031754,288.89098657012926,4686,46.80733730670076,45.15209125475285
>>>>>>>> devP:features/4/e4966688-5612-479f-8832-28248e3ce54f-o7p2.csv
