RMS,MAV,IEMG,VAR,WL,WAMP,FMN,FMD
0.11195484897539662,0.08056834093350047,512.253511655196,0.012530187676620135,191.88765950627942,4374,46.53371649160913,53.63321799307958
