RMS,MAV,IEMG,VAR,WL,WAMP,FMN,FMD
<<<<<<<< HEAD:features/4/ed4ad6fe-bceb-433b-918f-d46039e3c085-o6p4.csv
0.07644869165385039,0.06099014130141066,347.5828152767393,0.003659065412076089,105.64104644957047,3522,63.27987317232608,63.87085453588349
========
0.07644869165385039,0.06099014130141066,347.5828152767393,0.003659065412076089,105.64104644957047,3522,28.8359535488691,0.0
>>>>>>>> devP:features/4/e638738e-1c27-4b31-9625-d9551ca735a1-o6p4.csv
