RMS,MAV,IEMG,VAR,WL,WAMP,FMN,FMD
<<<<<<<< HEAD:features/4/be3b852f-b3bb-4f6d-b50e-466b662703e6-o8p6.csv
0.10563738116764906,0.06419065252398427,379.68770967936695,0.011129542517003339,141.145550309333,3773,54.36352312582751,45.646661031276416
========
0.10563738116764906,0.06419065252398427,379.68770967936695,0.011129542517003339,141.145550309333,3773,54.07478414182715,45.646661031276416
>>>>>>>> devP:features/4/e6f87ddc-6ce2-4a07-a0b0-2589690c3ded-o8p6.csv
