RMS,MAV,IEMG,VAR,WL,WAMP,FMN,FMD
0.08257250311192565,0.06627351323954274,427.66298093476934,0.004220766241151054,118.41076026194644,3879,58.464894784891015,56.40787230745389
