RMS,MAV,IEMG,VAR,WL,WAMP,FMN,FMD
<<<<<<<< HEAD:features/4/e7059985-790b-4b6d-b6c0-48932b809fa4-o2p3.csv
0.08257250311192565,0.06627351323954274,427.66298093476934,0.004220766241151054,118.41076026194644,3879,58.464894784891015,56.40787230745389
========
0.08257250311192565,0.06627351323954274,427.66298093476934,0.004220766241151054,118.41076026194644,3879,26.2080814598857,0.0
>>>>>>>> devP:features/4/20a994f8-ab7c-4eae-ba1b-60717f907122-o2p3.csv
