RMS,MAV,IEMG,VAR,WL,WAMP,FMN,FMD
0.07644869165385039,0.06099014130141066,347.5828152767393,0.003659065412076089,105.64104644957047,3522,63.27987317232608,63.87085453588349
