RMS,MAV,IEMG,VAR,WL,WAMP,FMN,FMD
<<<<<<<< HEAD:features/4/c0add02a-f7f8-45cf-9c65-880aa1ab6105-o6p6.csv
0.056129285853364075,0.03890473881577543,200.9429759834801,0.0030153665518055676,76.15945603705455,2659,58.78510251498421,57.69603097773475
========
0.056129285853364075,0.03890473881577543,200.9429759834801,0.0030153665518055676,76.15945603705455,2659,53.94971394407677,54.40464666021297
>>>>>>>> devP:features/4/f4dcda6f-2406-4924-a9f6-b0c976c0cbbb-o6p6.csv
