RMS,MAV,IEMG,VAR,WL,WAMP,FMN,FMD
<<<<<<<< HEAD:features/4/623c8306-3879-4c2e-b9af-2d212f5135d3-o5p2.csv
0.07062433733874039,0.05605969814893181,339.21723349918636,0.0029230765260608122,71.3052114737086,2580,51.003363707581734,49.578582052553294
========
0.07062433733874039,0.05605969814893181,339.21723349918636,0.0029230765260608122,71.3052114737086,2580,21.1395058172235,0.0
>>>>>>>> devP:features/4/f51232b3-b716-4801-8666-6242920db692-o5p2.csv
