RMS,MAV,IEMG,VAR,WL,WAMP,FMN,FMD
0.07062433733874039,0.05605969814893181,339.21723349918636,0.0029230765260608122,71.3052114737086,2580,-1.1760418259570309,0.0
