RMS,MAV,IEMG,VAR,WL,WAMP,FMN,FMD
0.10298123315885979,0.07920240429017944,421.59439803662514,0.008478105840383623,133.59116192935744,3756,-7.133522732404691,0.0
