{"window_size": 600, "threshold": 0.003, "cutoff": 100, "segments": [[10.076, 15.395999999999999], [25.130000000000003, 30.656000000000002], [40.120999999999995, 45.879999999999995], [55.187, 60.885], [70.239, 76.292], [85.45400000000001, 91.70400000000001], [100.44500000000001, 106.96400000000001], [115.542, 121.36900000000001], [130.495, 136.775], [145.705, 150.98000000000002], [160.80200000000002, 166.362], [176.001, 181.286], [190.717, 196.32500000000002], [205.913, 211.639], [220.952, 226.63500000000002], [235.91400000000002, 241.61800000000002], [251.168, 255.818], [266.169, 272.03499999999997]]}