{"window_size": 800, "threshold": 0.002, "cutoff": 100, "segments": [[10.963, 15.874], [25.788, 31.301000000000002], [40.876999999999995, 46.881], [55.937, 62.204], [70.59500000000001, 77.65100000000001], [85.93100000000001, 91.93100000000001], [99.855, 107.474], [115.71300000000001, 124.02000000000001], [131.52200000000002, 137.77100000000002], [145.65800000000002, 151.083], [160.64000000000001, 166.36], [176.11, 181.473], [190.71, 196.27700000000002], [205.812, 211.377], [220.90800000000002, 226.351], [235.854, 241.83800000000002], [250.804, 256.38], [265.844, 272.195]]}