{"window_size": 500, "threshold": 0.002, "cutoff": 100, "segments": [[10.007, 15.126], [24.954, 31.000000000000004], [39.91, 46.452999999999996], [55.103, 61.457], [70.18900000000001, 77.14500000000001], [85.4, 91.849], [100.64200000000001, 107.537], [115.427, 121.86500000000001], [130.53, 137.407], [145.542, 150.656], [160.752, 165.95100000000002], [175.75900000000001, 181.52100000000002], [190.65900000000002, 192.18800000000002], [205.906, 211.524], [220.96200000000002, 226.75400000000002], [236.02200000000002, 241.898], [250.94, 256.56399999999996], [265.97299999999996, 268.049]]}