{"window_size": 700, "threshold": 0.002, "cutoff": 100, "segments": [[11.152, 15.758], [25.786, 31.981], [40.491, 47.271], [55.497, 62.006], [70.56800000000001, 77.85400000000001], [85.534, 92.93900000000001], [100.762, 108.617], [115.819, 122.275], [130.845, 137.61700000000002], [145.91, 151.452], [163.27, 167.18900000000002], [175.69400000000002, 181.76600000000002], [190.741, 196.848], [205.78400000000002, 211.473], [220.82600000000002, 226.513], [235.95100000000002, 241.775], [250.852, 256.68], [265.928, 272.628]]}