{"window_size": 800, "threshold": 0.005, "cutoff": 100, "segments": [[8.387, 9.779], [23.314, 33.738], [39.74, 43.604], [53.174, 59.06], [68.16300000000001, 73.27300000000001], [83.384, 88.33300000000001], [98.268, 105.68700000000001], [114.35600000000001, 117.68700000000001], [128.52200000000002, 133.497], [143.341, 148.388], [158.181, 162.531], [173.245, 179.014], [188.23000000000002, 193.755], [203.329, 208.74], [218.222, 223.26600000000002], [233.269, 239.037], [248.383, 251.204], [263.203, 269.21]]}