{"window_size": 900, "threshold": 0.002, "cutoff": 100, "segments": [[11.514, 17.553], [25.701, 32.071], [40.620999999999995, 47.675], [55.437, 62.631], [70.41900000000001, 77.742], [85.632, 92.47500000000001], [100.634, 107.58500000000001], [115.64, 121.91000000000001], [130.67700000000002, 137.81300000000002], [146.07000000000002, 151.65900000000002], [160.715, 166.817], [175.94, 181.744], [191.09, 196.537], [205.95000000000002, 214.103], [220.93, 226.935], [235.83200000000002, 241.84900000000002], [251.05200000000002, 256.37899999999996], [266.022, 272.28999999999996]]}