RMS,MAV,IEMG,VAR,WL,WAMP,FMN,FMD
0.05437904009131967,0.04277767959625157,227.91947688882834,0.0022448017736773464,76.28666209953438,2894,-4.587627631624553,0.0
