RMS,MAV,IEMG,VAR,WL,WAMP,FMN,FMD
0.09944854579428558,0.09770778830282822,529.8693359662375,0.00034320136556782174,32.52004261770006,968,1.1485553124268124,0.0
