RMS,MAV,IEMG,VAR,WL,WAMP,FMN,FMD
<<<<<<<< HEAD:features/14/f3cd1bce-8af0-4c5a-96c9-c32d29f7076b-o3p1.csv
0.09944854579428558,0.09770778830282822,529.8693359662375,0.00034320136556782174,32.52004261770006,968,65.04714441410492,66.56832011801586
========
0.09944854579428558,0.09770778830282822,529.8693359662375,0.00034320136556782174,32.52004261770006,968,1.1485553124268124,0.0
>>>>>>>> devP:features/14/05a6b036-1731-411f-91d3-84162ab81430-o3p1.csv
