RMS,MAV,IEMG,VAR,WL,WAMP,FMN,FMD
0.10124043037125337,0.07382025660395539,430.9626580538916,0.0102462378777073,167.96094693361542,4026,65.43289041602125,35.97122302158273
