RMS,MAV,IEMG,VAR,WL,WAMP,FMN,FMD
0.10761409984953456,0.07941315389624935,429.7839888865015,0.01149297418596478,191.1565370261329,4082,68.39542712378199,70.76866223207686
