RMS,MAV,IEMG,VAR,WL,WAMP,FMN,FMD
0.16728957750579695,0.16533372624153556,893.9594577879827,0.0006505617091570226,44.21910253324579,1659,0.011502065385820518,0.0
