RMS,MAV,IEMG,VAR,WL,WAMP,FMN,FMD
<<<<<<<< HEAD:features/14/5f17a29c-7b73-40e0-a123-ddab10652a6a-o4p5.csv
0.16728957750579695,0.16533372624153556,893.9594577879827,0.0006505617091570226,44.21910253324579,1659,66.54822658952057,67.87497688181986
========
0.16728957750579695,0.16533372624153556,893.9594577879827,0.0006505617091570226,44.21910253324579,1659,0.7825905853755502,0.0
>>>>>>>> devP:features/14/0f4091ba-ca59-40ef-8505-2392743dafa1-o4p5.csv
