RMS,MAV,IEMG,VAR,WL,WAMP,FMN,FMD
0.0934043845679849,0.06533620341916106,377.44724715249345,0.008298214555384643,152.2840736953001,3970,-2.851376472715747,61.96988056084473
