RMS,MAV,IEMG,VAR,WL,WAMP,FMN,FMD
0.1309010948923784,0.126231852224348,674.7092501391401,0.0013326220093749592,53.624825445166024,1891,2.5276598287920864,0.0
