RMS,MAV,IEMG,VAR,WL,WAMP,FMN,FMD
0.11093271642506691,0.10631850349300835,532.4430654929859,0.0010107468945682642,44.24024242384721,1772,53.97495406955663,50.11980830670927
