RMS,MAV,IEMG,VAR,WL,WAMP,FMN,FMD
<<<<<<<< HEAD:features/14/130e5e27-6d12-4ffa-9c77-b41deb27e00f-o1p6.csv
0.12221207855049866,0.09524809486672707,515.1969451341267,0.012659327461610375,201.24668062122936,4131,68.19309736295703,68.21963394342762
========
0.12221207855049866,0.09524809486672707,515.1969451341267,0.012659327461610375,201.24668062122936,4131,50.15488432942571,58.05139582177852
>>>>>>>> devP:features/14/f966ba98-78f4-4640-b577-291602323a11-o1p6.csv
