RMS,MAV,IEMG,VAR,WL,WAMP,FMN,FMD
0.12221207855049866,0.09524809486672707,515.1969451341267,0.012659327461610375,201.24668062122936,4131,68.19309736295703,68.21963394342762
