RMS,MAV,IEMG,VAR,WL,WAMP,FMN,FMD
0.15368018339713913,0.11605725858783623,627.9858262187819,0.020494621456525367,240.59550898487595,4246,65.31836653231443,66.346331546849
