RMS,MAV,IEMG,VAR,WL,WAMP,FMN,FMD
0.14272503660883223,0.12234308844930478,709.8345991828663,0.00762463208363868,158.46928969074105,4012,-0.6659726824074038,0.0
