RMS,MAV,IEMG,VAR,WL,WAMP,FMN,FMD
0.15097056582426613,0.11017135956152274,630.9513762088408,0.020609809304638137,246.32376591861623,4393,2.7025033053228404,0.0
