RMS,MAV,IEMG,VAR,WL,WAMP,FMN,FMD
0.023705795545870753,0.017070384981375444,22.92552702998722,0.0005011840625598492,9.001651170703706,291,13.163091567953428,55.84512285927029
