RMS,MAV,IEMG,VAR,WL,WAMP,FMN,FMD
<<<<<<<< HEAD:features/14/d98486f3-39bd-42ad-8be8-e93b36caec61-o1p1.csv
0.06883723636212956,0.04762812435197214,388.35972596598083,0.004727821471773255,169.5789958050791,4657,67.36800109472145,70.39489820946775
========
0.06883723636212956,0.04762812435197214,388.35972596598083,0.004727821471773255,169.5789958050791,4657,67.06320834851894,70.39489820946775
>>>>>>>> devP:features/14/2aef1202-3505-48e9-a14c-67a0e29c5ee0-o1p1.csv
