RMS,MAV,IEMG,VAR,WL,WAMP,FMN,FMD
0.06883723636212956,0.04762812435197214,388.35972596598083,0.004727821471773255,169.5789958050791,4657,67.06320834851894,70.39489820946775
