RMS,MAV,IEMG,VAR,WL,WAMP,FMN,FMD
0.09313487804319677,0.07987572179068661,474.3020359930971,0.0035628032939690707,108.18846053357422,3492,67.90650164594766,69.38363085213878
