RMS,MAV,IEMG,VAR,WL,WAMP,FMN,FMD
<<<<<<<< HEAD:features/14/2b1e8968-5086-46d5-addb-0c0801d8fede-o11p4.csv
0.09313487804319677,0.07987572179068661,474.3020359930971,0.0035628032939690707,108.18846053357422,3492,67.90650164594766,69.38363085213878
========
0.062499899812270096,0.05231112609286298,270.39621077400875,0.0016311487710788891,70.64626629832682,2749,17.79350220329612,0.0
>>>>>>>> devP:features/10/7646bee1-73b2-4bf3-986f-b7972cbf7cd0-o1p6.csv
