RMS,MAV,IEMG,VAR,WL,WAMP,FMN,FMD
<<<<<<<< HEAD:features/14/c486c81c-4f12-471a-99ec-5760efdfbf05-o7p6.csv
0.11108476801106996,0.08757100504987979,478.2252585773935,0.008000941406462491,141.18585422646112,3748,60.36395375234877,58.96355978758469
========
0.11108476801106996,0.08757100504987979,478.2252585773935,0.008000941406462491,141.18585422646112,3748,28.95718302821252,0.0
>>>>>>>> devP:features/14/2c52f73a-a18d-4a0b-a10f-006c31fc0b8c-o7p6.csv
