RMS,MAV,IEMG,VAR,WL,WAMP,FMN,FMD
0.11108476801106996,0.08757100504987979,478.2252585773935,0.008000941406462491,141.18585422646112,3748,28.95718302821252,0.0
