RMS,MAV,IEMG,VAR,WL,WAMP,FMN,FMD
0.12043682878012922,0.09411155092328667,523.8248924390136,0.011820862120434011,200.12119474905356,4176,8.388411247253972,0.0
