RMS,MAV,IEMG,VAR,WL,WAMP,FMN,FMD
<<<<<<<< HEAD:features/14/a4610f12-6a78-4fb9-835e-fb0d3ef40da2-o8p3.csv
0.07718594721859584,0.071724626748525,403.020677699962,0.0008892502891650043,50.08601218410328,1915,63.49221362647737,65.49208044135968
========
0.07718594721859584,0.071724626748525,403.020677699962,0.0008892502891650043,50.08601218410328,1915,5.120624466095487,0.0
>>>>>>>> devP:features/14/2ef4c5db-3167-4340-b21e-81a8b660581b-o8p3.csv
