RMS,MAV,IEMG,VAR,WL,WAMP,FMN,FMD
<<<<<<<< HEAD:features/14/12a00051-2a08-427e-b58c-4f216459726b-o7p1.csv
0.11093271642506691,0.10631850349300835,532.4430654929859,0.0010107468945682642,44.24024242384721,1772,53.97495406955663,50.11980830670927
========
0.11093271642506691,0.10631850349300835,532.4430654929859,0.0010107468945682642,44.24024242384721,1772,2.311517298967144,0.0
>>>>>>>> devP:features/14/3004d405-8060-4e25-b5e3-73bbcc632aad-o7p1.csv
