RMS,MAV,IEMG,VAR,WL,WAMP,FMN,FMD
0.022176804314248233,0.01648806808096922,90.3051488794684,0.000484915854848795,37.21939024023007,1246,42.961890650552746,64.0861785649078
