RMS,MAV,IEMG,VAR,WL,WAMP,FMN,FMD
<<<<<<<< HEAD:features/14/307abe8f-1651-4b3d-9d04-dcb10f2853ef-o8p6.csv
0.022571495119494453,0.016587256640007264,30.23856885473324,0.00048089426836933207,12.195793843437144,391,63.773060226197735,60.888645090510146
========
0.022571495119494453,0.016587256640007264,30.23856885473324,0.00048089426836933207,12.195793843437144,391,56.99854986897672,59.791552386176626
>>>>>>>> devP:features/14/0cdaf0e2-3baa-41c3-af88-c22e935a101c-o8p6.csv
