RMS,MAV,IEMG,VAR,WL,WAMP,FMN,FMD
<<<<<<<< HEAD:features/14/6af41588-56e8-4c89-a6d6-da7b4ccfa4e7-o5p2.csv
0.056065264177453486,0.04785137674525252,275.145416285202,0.0010805991469817779,54.04528699132086,2103,59.40413569964041,57.91304347826087
========
0.056065264177453486,0.04785137674525252,275.145416285202,0.0010805991469817779,54.04528699132086,2103,12.33033171468219,0.0
>>>>>>>> devP:features/14/30cdb757-0890-409a-9608-0be207800ffe-o5p2.csv
