RMS,MAV,IEMG,VAR,WL,WAMP,FMN,FMD
0.04926456995976522,0.038238928567022594,181.4437160505222,0.0016198276254050967,58.45063327315573,2209,63.734031675814805,62.59220231822972
