RMS,MAV,IEMG,VAR,WL,WAMP,FMN,FMD
0.1587818233897162,0.11715466016912533,667.1957896631687,0.019829976802319578,218.23212374630555,4204,40.608386809969694,45.478489903424055
