RMS,MAV,IEMG,VAR,WL,WAMP,FMN,FMD
<<<<<<<< HEAD:features/14/35b61615-b13d-4cad-9f48-eb75d58227b8-o3p5.csv
0.06768722589133672,0.055278681161239324,304.9172052853961,0.0025641644835916835,84.22397725087532,2977,66.4548937711239,68.34662799129804
========
0.06768722589133672,0.055278681161239324,304.9172052853961,0.0025641644835916835,84.22397725087532,2977,25.82245816060327,0.0
>>>>>>>> devP:features/14/a4861fc7-50a5-446b-80cc-17fa5071d024-o3p5.csv
