RMS,MAV,IEMG,VAR,WL,WAMP,FMN,FMD
0.06768722589133672,0.055278681161239324,304.9172052853961,0.0025641644835916835,84.22397725087532,2977,66.4548937711239,68.34662799129804
