RMS,MAV,IEMG,VAR,WL,WAMP,FMN,FMD
0.05786462155644004,0.03681051546235766,204.1511187542356,0.0033382502183990533,87.03352834165526,2744,65.07720548576893,66.17381896862604
