RMS,MAV,IEMG,VAR,WL,WAMP,FMN,FMD
<<<<<<<< HEAD:features/14/ed3c7ecb-14da-4d06-8dae-74752c9849e0-o6p3.csv
0.12266564847580763,0.0944400385502225,511.6761288651055,0.012920466326964326,194.43137461397654,4160,65.02048592562959,64.78405315614619
========
0.12266564847580763,0.0944400385502225,511.6761288651055,0.012920466326964326,194.43137461397654,4160,48.91879515350935,53.894425987449246
>>>>>>>> devP:features/14/38c96138-72b7-463b-b8b6-7abbab358a74-o6p3.csv
