RMS,MAV,IEMG,VAR,WL,WAMP,FMN,FMD
<<<<<<<< HEAD:features/14/788c538a-4d0d-4130-85a1-7235cb04cd76-o6p2.csv
0.16833009014565978,0.1492394969373636,837.0843383216725,0.00731198387924436,152.81567813423064,3984,64.8467707553227,64.18256373685149
========
0.16833009014565978,0.1492394969373636,837.0843383216725,0.00731198387924436,152.81567813423064,3984,9.606507915618762,0.0
>>>>>>>> devP:features/14/38d7409a-3d7a-4780-9c3d-cc84eea75c15-o6p2.csv
