RMS,MAV,IEMG,VAR,WL,WAMP,FMN,FMD
0.16833009014565978,0.1492394969373636,837.0843383216725,0.00731198387924436,152.81567813423064,3984,9.606507915618762,0.0
