RMS,MAV,IEMG,VAR,WL,WAMP,FMN,FMD
0.10957718546686353,0.09575121543882492,518.492831601237,0.003415456114562835,97.23295934581125,3213,-0.6575285716833391,0.0
