RMS,MAV,IEMG,VAR,WL,WAMP,FMN,FMD
<<<<<<<< HEAD:features/14/3c59cf27-8222-407e-a566-8814b25ff463-o1p3.csv
0.12043682878012922,0.09411155092328667,523.8248924390136,0.011820862120434011,200.12119474905356,4176,67.63982437770876,71.32590729428675
========
0.12043682878012922,0.09411155092328667,523.8248924390136,0.011820862120434011,200.12119474905356,4176,46.515321607258606,53.89867049946101
>>>>>>>> devP:features/14/a74a86ec-96ec-4e6b-bfa1-ac96ae030369-o1p3.csv
