RMS,MAV,IEMG,VAR,WL,WAMP,FMN,FMD
<<<<<<<< HEAD:features/14/4d7fc2b8-04cf-4247-bec3-3406c7ffdb86-o8p2.csv
0.14690485965471403,0.142291695126942,807.7899532356497,0.0013498662922540063,64.87451990543806,2497,65.84776941117309,68.16980799718161
========
0.14690485965471403,0.142291695126942,807.7899532356497,0.0013498662922540063,64.87451990543806,2497,2.1258308484928334,0.0
>>>>>>>> devP:features/14/3ce8a351-fbc4-4972-9573-a84e2d38cd16-o8p2.csv
