RMS,MAV,IEMG,VAR,WL,WAMP,FMN,FMD
<<<<<<<< HEAD:features/14/ff2f163d-ebb3-430d-b121-f3d2c690a113-o10p6.csv
0.15081715382469107,0.10910698399259891,599.9793049753014,0.021648304798688983,241.8603107918478,4063,66.30225467304385,68.0123658847063
========
0.15081715382469107,0.10910698399259891,599.9793049753014,0.021648304798688983,241.8603107918478,4063,60.198463921938234,63.82978723404254
>>>>>>>> devP:features/14/40ac1e90-2b11-4d6c-977c-eed3931236dc-o10p6.csv
