RMS,MAV,IEMG,VAR,WL,WAMP,FMN,FMD
0.15081715382469107,0.10910698399259891,599.9793049753014,0.021648304798688983,241.8603107918478,4063,60.198463921938234,63.82978723404254
