RMS,MAV,IEMG,VAR,WL,WAMP,FMN,FMD
<<<<<<<< HEAD:features/14/4aa8da8c-d17e-4f7d-a697-c7d0517a0d47-o7p4.csv
0.08652196294717045,0.07008990627261576,383.74223684257123,0.003915250212155326,92.16266252536606,2974,59.68588739048342,57.35159817351598
========
0.08652196294717045,0.07008990627261576,383.74223684257123,0.003915250212155326,92.16266252536606,2974,21.1348788035414,0.0
>>>>>>>> devP:features/14/41d25126-e0ef-4d72-abdc-305b9b482edc-o7p4.csv
