RMS,MAV,IEMG,VAR,WL,WAMP,FMN,FMD
<<<<<<<< HEAD:features/14/4ab8fde8-262d-4376-8def-25a858299aec-o5p4.csv
0.1587212357891575,0.13695340700336373,765.8434519628099,0.008307880779609955,150.71490119517568,4030,61.82215197840502,61.874105865522175
========
0.1587212357891575,0.13695340700336373,765.8434519628099,0.008307880779609955,150.71490119517568,4030,12.206462140271475,0.0
>>>>>>>> devP:features/14/14a30ba6-fc14-4bdc-8b8a-f2bf99176fbc-o5p4.csv
