RMS,MAV,IEMG,VAR,WL,WAMP,FMN,FMD
0.1587212357891575,0.13695340700336373,765.8434519628099,0.008307880779609955,150.71490119517568,4030,61.82215197840502,61.874105865522175
