RMS,MAV,IEMG,VAR,WL,WAMP,FMN,FMD
0.06656925539039295,0.04368609429974755,245.7779665303797,0.00419639519843435,94.061480490874,3104,22.511310915180964,0.0
