RMS,MAV,IEMG,VAR,WL,WAMP,FMN,FMD
0.09122836711707648,0.08836283690041027,506.05396692864963,0.0005152154092800343,41.80153798796003,1504,-0.013424981782827024,0.0
