RMS,MAV,IEMG,VAR,WL,WAMP,FMN,FMD
0.05080046568979411,0.03923937331210324,96.56809772108608,0.0025510559633253656,42.34207586201913,1553,66.95527696357263,69.89028850060951
