RMS,MAV,IEMG,VAR,WL,WAMP,FMN,FMD
<<<<<<<< HEAD:features/14/5423010e-134d-4914-9ee8-53e2b189bf76-o8p4.csv
0.03485913829470294,0.02803093408014152,58.16418821629365,0.0006496756466852796,17.19594610514147,701,64.71272603971249,65.54216867469879
========
0.03485913829470294,0.02803093408014152,58.16418821629365,0.0006496756466852796,17.19594610514147,701,23.610725298148743,0.0
>>>>>>>> devP:features/14/55dcccaf-6b49-495e-ae03-6da49be40544-o8p4.csv
