RMS,MAV,IEMG,VAR,WL,WAMP,FMN,FMD
<<<<<<<< HEAD:features/14/cd373da6-1c86-4cce-87fe-75437955b9e6-o5p1.csv
0.042481778936204743,0.03663402443389164,217.97244538165523,0.0007281554779183027,43.4542644790057,1578,58.35590606250158,54.78991596638655
========
0.042481778936204743,0.03663402443389164,217.97244538165523,0.0007281554779183027,43.4542644790057,1578,14.747838036789117,0.0
>>>>>>>> devP:features/14/54e3329b-89aa-417d-a452-2c6fd968d362-o5p1.csv
