RMS,MAV,IEMG,VAR,WL,WAMP,FMN,FMD
<<<<<<<< HEAD:features/14/cd4e7a73-f807-4fbd-b592-a775d3495247-o2p2.csv
0.08505554963990913,0.0704408324214978,383.0572467081051,0.0033048469479127207,97.55711012212109,3277,65.88689349227796,67.12026480323648
========
0.08505554963990913,0.0704408324214978,383.0572467081051,0.0033048469479127207,97.55711012212109,3277,19.504229665073055,0.0
>>>>>>>> devP:features/14/557c2da9-2b54-4ad1-8f51-5d254ac3de3d-o2p2.csv
