RMS,MAV,IEMG,VAR,WL,WAMP,FMN,FMD
0.16833009014565978,0.1492394969373636,837.0843383216725,0.00731198387924436,152.81567813423064,3984,0.292145936629097,0.0
