RMS,MAV,IEMG,VAR,WL,WAMP,FMN,FMD
<<<<<<<< HEAD:features/14/38027362-91f2-46db-b974-27937245b5d4-o10p3.csv
0.11808119518591756,0.10555780551294941,607.5907285325368,0.0032444994275212533,98.5768486714181,3359,63.11597488894329,63.238359972202915
========
0.11808119518591756,0.10555780551294941,607.5907285325368,0.0032444994275212533,98.5768486714181,3359,8.31024662343358,0.0
>>>>>>>> devP:features/14/570c132d-a216-455c-ae8b-0b4b93fa5861-o10p3.csv
