RMS,MAV,IEMG,VAR,WL,WAMP,FMN,FMD
0.05303033129301763,0.04520787696722823,79.20420044658385,0.0010132649931062765,18.539216578255193,738,67.87227388128748,70.77625570776256
