RMS,MAV,IEMG,VAR,WL,WAMP,FMN,FMD
<<<<<<<< HEAD:features/14/5987790c-2925-4b43-a5b0-aa67773e0ab4-o4p6.csv
0.05303033129301763,0.04520787696722823,79.20420044658385,0.0010132649931062765,18.539216578255193,738,67.87227388128748,70.77625570776256
========
0.05303033129301763,0.04520787696722823,79.20420044658385,0.0010132649931062765,18.539216578255193,738,14.91435885933419,0.0
>>>>>>>> devP:features/14/d9959ca2-d9d5-487d-b518-5fe2fcc0b775-o4p6.csv
