RMS,MAV,IEMG,VAR,WL,WAMP,FMN,FMD
0.051657015237503844,0.04614035578700906,40.83421487150302,0.0006307781064329108,6.585942874909895,241,58.56983389625984,49.717514124293785
