RMS,MAV,IEMG,VAR,WL,WAMP,FMN,FMD
<<<<<<<< HEAD:features/14/5ec76b2c-e759-4bac-a402-a1594ffd84eb-o7p2.csv
0.051657015237503844,0.04614035578700906,40.83421487150302,0.0006307781064329108,6.585942874909895,241,58.56983389625984,49.717514124293785
========
0.051657015237503844,0.04614035578700906,40.83421487150302,0.0006307781064329108,6.585942874909895,241,7.850330559121338,0.0
>>>>>>>> devP:features/14/e28a5f58-ab7d-4ee5-a4b5-47f6a2895f34-o7p2.csv
