RMS,MAV,IEMG,VAR,WL,WAMP,FMN,FMD
<<<<<<<< HEAD:features/14/a733bd13-0c98-4f58-bd69-06f08169f241-o4p3.csv
0.10426777060027288,0.09966767044142873,617.3415507142096,0.0009584007902869715,59.55494490997893,2312,65.13206140212296,67.00032289312237
========
0.10426777060027288,0.09966767044142873,617.3415507142096,0.0009584007902869715,59.55494490997893,2312,3.003233768501781,0.0
>>>>>>>> devP:features/14/618bfd16-a4d3-494d-8a31-a656ecf2c36c-o4p3.csv
