RMS,MAV,IEMG,VAR,WL,WAMP,FMN,FMD
0.11808119518591756,0.10555780551294941,607.5907285325368,0.0032444994275212533,98.5768486714181,3359,-0.09388493412105368,0.0
