RMS,MAV,IEMG,VAR,WL,WAMP,FMN,FMD
0.07421326199480555,0.060131133518877035,329.3983494164084,0.002907717962810106,95.00153198974124,3243,23.955602414426725,0.0
