RMS,MAV,IEMG,VAR,WL,WAMP,FMN,FMD
<<<<<<<< HEAD:features/14/66a92682-593e-46c3-8e6d-2e09e54ff699-o10p2.csv
0.05437904009131967,0.04277767959625157,227.91947688882834,0.0022448017736773464,76.28666209953438,2894,61.12900746318821,59.68468468468468
========
0.05437904009131967,0.04277767959625157,227.91947688882834,0.0022448017736773464,76.28666209953438,2894,37.39686787275508,42.41741741741742
>>>>>>>> devP:features/14/c06de093-4d5d-4f0d-b993-e51b7afb7648-o10p2.csv
