RMS,MAV,IEMG,VAR,WL,WAMP,FMN,FMD
<<<<<<<< HEAD:features/14/2aaf96cc-1441-4a35-bf38-0cb35f1af1c1-o3p3.csv
0.06656925539039295,0.04368609429974755,245.7779665303797,0.00419639519843435,94.061480490874,3104,65.42783985992581,66.6548169214362
========
0.06656925539039295,0.04368609429974755,245.7779665303797,0.00419639519843435,94.061480490874,3104,58.83615907294829,64.6996089584074
>>>>>>>> devP:features/14/685d41cc-bb0d-49b3-9aee-afbeb9a17bd3-o3p3.csv
