RMS,MAV,IEMG,VAR,WL,WAMP,FMN,FMD
0.08548853926381404,0.06486840777588128,381.2316324988543,0.0069566485454967,159.43716024455898,4114,67.89993218217401,68.57240088480518
