RMS,MAV,IEMG,VAR,WL,WAMP,FMN,FMD
<<<<<<<< HEAD:features/14/6a53eacf-b08a-4ea9-a545-24fe7eabf62c-o1p2.csv
0.08548853926381404,0.06486840777588128,381.2316324988543,0.0069566485454967,159.43716024455898,4114,67.89993218217401,68.57240088480518
========
0.08548853926381404,0.06486840777588128,381.2316324988543,0.0069566485454967,159.43716024455898,4114,61.66581576529868,66.02007827122682
>>>>>>>> devP:features/14/66bff879-cef4-4156-8655-bdbb9a8442e8-o1p2.csv
