RMS,MAV,IEMG,VAR,WL,WAMP,FMN,FMD
0.056065264177453486,0.04785137674525252,275.145416285202,0.0010805991469817779,54.04528699132086,2103,59.40413569964041,57.91304347826087
