RMS,MAV,IEMG,VAR,WL,WAMP,FMN,FMD
<<<<<<<< HEAD:features/14/d102819a-78f7-4a92-9a7d-7cfd60cd8039-o6p4.csv
0.15097056582426613,0.11017135956152274,630.9513762088408,0.020609809304638137,246.32376591861623,4393,64.46481547263451,62.336301728653744
========
0.15097056582426613,0.11017135956152274,630.9513762088408,0.020609809304638137,246.32376591861623,4393,53.198747480395106,59.193294918805655
>>>>>>>> devP:features/14/6cbca5cb-6c3c-4fb2-b22e-d97fea72487b-o6p4.csv
