RMS,MAV,IEMG,VAR,WL,WAMP,FMN,FMD
<<<<<<<< HEAD:features/14/6d46dea9-aa0f-4bc0-bb77-6c840c01091a-o2p3.csv
0.07421326199480555,0.060131133518877035,329.3983494164084,0.002907717962810106,95.00153198974124,3243,66.7946513805301,65.89996349032494
========
0.07421326199480555,0.060131133518877035,329.3983494164084,0.002907717962810106,95.00153198974124,3243,23.955602414426725,0.0
>>>>>>>> devP:features/14/650d8e8a-a43b-465c-a67d-ec0db3bd5604-o2p3.csv
