RMS,MAV,IEMG,VAR,WL,WAMP,FMN,FMD
0.07718594721859584,0.071724626748525,403.020677699962,0.0008892502891650043,50.08601218410328,1915,-0.09216211856375395,0.0
