RMS,MAV,IEMG,VAR,WL,WAMP,FMN,FMD
0.0852334815520592,0.06564332839233458,390.11830063564446,0.0065771323602301455,154.26925750536367,4133,53.82054369096136,58.55628470469459
