RMS,MAV,IEMG,VAR,WL,WAMP,FMN,FMD
<<<<<<<< HEAD:features/14/8a06e155-310e-4482-b316-01ad9cd4bd1e-o11p3.csv
0.0852334815520592,0.06564332839233458,390.11830063564446,0.0065771323602301455,154.26925750536367,4133,65.07400742903913,64.1090358404846
========
0.0852334815520592,0.06564332839233458,390.11830063564446,0.0065771323602301455,154.26925750536367,4133,53.82054369096136,58.55628470469459
>>>>>>>> devP:features/14/6f34488b-92de-4798-bcda-efc61cf1381e-o11p3.csv
