RMS,MAV,IEMG,VAR,WL,WAMP,FMN,FMD
<<<<<<<< HEAD:features/14/efe983db-d6f9-4b94-9d16-666b6408ed84-o4p1.csv
0.09122836711707648,0.08836283690041027,506.05396692864963,0.0005152154092800343,41.80153798796003,1504,64.34442764655145,63.20935917583377
========
0.09122836711707648,0.08836283690041027,506.05396692864963,0.0005152154092800343,41.80153798796003,1504,2.055251752850331,0.0
>>>>>>>> devP:features/14/738b26de-4895-45fb-8cc3-e3edd99076e5-o4p1.csv
