RMS,MAV,IEMG,VAR,WL,WAMP,FMN,FMD
0.11303713267487246,0.07857766883023877,439.5634794363557,0.012644798166652003,187.192014373821,4066,65.44094725754141,67.21487307829817
