RMS,MAV,IEMG,VAR,WL,WAMP,FMN,FMD
<<<<<<<< HEAD:features/14/27d0a980-302a-4115-b562-eaa42287c78d-o6p6.csv
0.11303713267487246,0.07857766883023877,439.5634794363557,0.012644798166652003,187.192014373821,4066,66.81339384007877,67.75116195924204
========
0.11303713267487246,0.07857766883023877,439.5634794363557,0.012644798166652003,187.192014373821,4066,65.44094725754141,67.21487307829817
>>>>>>>> devP:features/14/74a58178-45b7-4df0-ba3c-03f76e841e7b-o6p6.csv
