RMS,MAV,IEMG,VAR,WL,WAMP,FMN,FMD
0.10622870998556914,0.08029575008424726,436.6482889581366,0.009619209097836524,162.4396922786637,3831,66.09266740107938,66.56859139389482
