RMS,MAV,IEMG,VAR,WL,WAMP,FMN,FMD
<<<<<<<< HEAD:features/14/7609b7d4-f71e-4398-866f-393488c2057f-o11p5.csv
0.10622870998556914,0.08029575008424726,436.6482889581366,0.009619209097836524,162.4396922786637,3831,66.09266740107938,66.56859139389482
========
0.10622870998556914,0.08029575008424726,436.6482889581366,0.009619209097836524,162.4396922786637,3831,49.09387203354327,56.45457888929754
>>>>>>>> devP:features/14/f20aaccc-4b6a-4052-a8d3-5b6eb796f23e-o11p5.csv
