RMS,MAV,IEMG,VAR,WL,WAMP,FMN,FMD
0.14690485965471403,0.142291695126942,807.7899532356497,0.0013498662922540063,64.87451990543806,2497,0.050589179323136176,0.0
