RMS,MAV,IEMG,VAR,WL,WAMP,FMN,FMD
0.09833427872871627,0.05880190679362394,337.40534118181415,0.00958765580816802,137.30297491693045,3486,62.23593524102311,57.16277448588358
