RMS,MAV,IEMG,VAR,WL,WAMP,FMN,FMD
<<<<<<<< HEAD:features/14/7801871e-09c0-48a6-a792-17d0f13fae71-o9p3.csv
0.09833427872871627,0.05880190679362394,337.40534118181415,0.00958765580816802,137.30297491693045,3486,62.23593524102311,57.16277448588358
========
0.09833427872871627,0.05880190679362394,337.40534118181415,0.00958765580816802,137.30297491693045,3486,61.18959184510394,56.98849773440223
>>>>>>>> devP:features/14/dc9e72a2-222f-4093-badf-ef2c4d6064b7-o9p3.csv
