RMS,MAV,IEMG,VAR,WL,WAMP,FMN,FMD
<<<<<<<< HEAD:features/14/53356973-1b50-412b-aac8-d7b2aa8aad38-o3p6.csv
0.05080046568979411,0.03923937331210324,96.56809772108608,0.0025510559633253656,42.34207586201913,1553,66.95527696357263,69.89028850060951
========
0.05080046568979411,0.03923937331210324,96.56809772108608,0.0025510559633253656,42.34207586201913,1553,65.43517496399605,69.48394961397807
>>>>>>>> devP:features/14/782f430d-0f56-407b-a738-dea2a8e19551-o3p6.csv
