RMS,MAV,IEMG,VAR,WL,WAMP,FMN,FMD
<<<<<<<< HEAD:features/14/7888d3d7-2522-41cf-beea-6cb5b9098543-o9p2.csv
0.1587818233897162,0.11715466016912533,667.1957896631687,0.019829976802319578,218.23212374630555,4204,62.64994311061506,63.03775241439859
========
0.1587818233897162,0.11715466016912533,667.1957896631687,0.019829976802319578,218.23212374630555,4204,40.608386809969694,45.478489903424055
>>>>>>>> devP:features/14/325deef4-ced2-4583-89d0-2cc5089edff4-o9p2.csv
