RMS,MAV,IEMG,VAR,WL,WAMP,FMN,FMD
0.10500189146979795,0.0779290647064884,462.2752118388892,0.009266025148220211,166.31685550866368,4047,47.68376720206212,54.7875927174646
