RMS,MAV,IEMG,VAR,WL,WAMP,FMN,FMD
<<<<<<<< HEAD:features/14/18fec787-1e70-43c8-97aa-7e9f33fb61ec-o3p4.csv
0.10500189146979795,0.0779290647064884,462.2752118388892,0.009266025148220211,166.31685550866368,4047,65.79152893157425,67.43088334457181
========
0.10500189146979795,0.0779290647064884,462.2752118388892,0.009266025148220211,166.31685550866368,4047,47.68376720206212,54.7875927174646
>>>>>>>> devP:features/14/7a71ef6d-0407-4492-a872-c5e589417c60-o3p4.csv
