RMS,MAV,IEMG,VAR,WL,WAMP,FMN,FMD
<<<<<<<< HEAD:features/14/fe9127be-3226-483f-8a2d-40f9d6fd31f4-o1p5.csv
0.1040673273472667,0.0824058432896701,473.42156969915476,0.007167391667008734,157.3786874149289,4014,68.79911843889067,69.79982593559616
========
0.1040673273472667,0.0824058432896701,473.42156969915476,0.007167391667008734,157.3786874149289,4014,34.02490636572757,0.0
>>>>>>>> devP:features/14/7b64f76a-0fd0-413a-9435-3b1ac5929513-o1p5.csv
