RMS,MAV,IEMG,VAR,WL,WAMP,FMN,FMD
0.1040673273472667,0.0824058432896701,473.42156969915476,0.007167391667008734,157.3786874149289,4014,34.02490636572757,0.0
