RMS,MAV,IEMG,VAR,WL,WAMP,FMN,FMD
0.08125852944506773,0.05994937901516379,342.2510047975701,0.005943742205709335,128.08267161592318,3690,62.21854952316422,59.55508845682256
