RMS,MAV,IEMG,VAR,WL,WAMP,FMN,FMD
<<<<<<<< HEAD:features/14/80d68e63-5b70-4776-9446-45a824dad37e-o8p5.csv
0.023705795545870753,0.017070384981375444,22.92552702998722,0.0005011840625598492,9.001651170703706,291,65.15367427262817,65.52494415487715
========
0.023705795545870753,0.017070384981375444,22.92552702998722,0.0005011840625598492,9.001651170703706,291,52.435524999326056,55.84512285927029
>>>>>>>> devP:features/14/928a2007-9311-4179-9320-ee823c660a7b-o8p5.csv
