RMS,MAV,IEMG,VAR,WL,WAMP,FMN,FMD
0.023705795545870753,0.017070384981375444,22.92552702998722,0.0005011840625598492,9.001651170703706,291,65.15367427262817,65.52494415487715
