RMS,MAV,IEMG,VAR,WL,WAMP,FMN,FMD
0.1625896429913184,0.12763184953949483,968.5981061552263,0.02222828060602754,348.02859915174383,5866,-7.625694722948878,54.420872315193044
