RMS,MAV,IEMG,VAR,WL,WAMP,FMN,FMD
0.022176804314248233,0.01648806808096922,90.3051488794684,0.000484915854848795,37.21939024023007,1246,64.22853416157974,64.63392368084718
