RMS,MAV,IEMG,VAR,WL,WAMP,FMN,FMD
0.20233053027358525,0.15573200148901717,990.1440654671711,0.03711450137832917,358.6116625419111,4788,52.58952284301617,58.03711859075181
