RMS,MAV,IEMG,VAR,WL,WAMP,FMN,FMD
<<<<<<<< HEAD:features/14/2739ebd7-7774-45ef-92e1-045222e0b464-o10p4.csv
0.20233053027358525,0.15573200148901717,990.1440654671711,0.03711450137832917,358.6116625419111,4788,63.423952025011886,64.64296948726015
========
0.20233053027358525,0.15573200148901717,990.1440654671711,0.03711450137832917,358.6116625419111,4788,52.58952284301617,58.03711859075181
>>>>>>>> devP:features/14/87a09d00-9963-4536-b13b-ac10b5a32137-o10p4.csv
