RMS,MAV,IEMG,VAR,WL,WAMP,FMN,FMD
<<<<<<<< HEAD:features/14/87e828cd-bc91-40e2-9536-6563bec6f4ec-o5p5.csv
0.10124043037125337,0.07382025660395539,430.9626580538916,0.0102462378777073,167.96094693361542,4026,59.76623247706481,56.69749914354231
========
0.10124043037125337,0.07382025660395539,430.9626580538916,0.0102462378777073,167.96094693361542,4026,59.72674747328586,56.69749914354231
>>>>>>>> devP:features/14/bb97c0e6-7c91-446c-b350-b42f371dbd17-o5p5.csv
