RMS,MAV,SSI,IEMG,VAR,WL,WAMP
0.0033592693361065677,0.0025490027722979134,0.001692703570875879,0.382350415844687,1.1100754488386409e-05,0.1395047432683449,69
0.0028694287262932875,0.0020664577292512708,0.0012350431822915676,0.3099686593876906,8.02868235517063e-06,0.11454095883006951,75
0.0017133854557548273,0.0013996352133936116,0.00044035345799882657,0.20994528200904175,2.687504848250454e-06,0.08366513410207778,77
0.0020829937025380633,0.001701119306295092,0.0006508294147219846,0.2551678959442638,4.186836170771693e-06,0.10033476594104791,74
0.0019662329402840278,0.001592261759482348,0.000579910796318696,0.23883926392235222,3.6144165272805864e-06,0.08409663038007281,80
0.0017571928919315242,0.0014974800545490853,0.00046315902891820105,0.2246220081823628,2.8841350176591004e-06,0.08575274530507421,74
0.0017450481067784562,0.0013694539962109521,0.0004567789342456611,0.20541809943164283,2.880394404059367e-06,0.08173098167031,78
0.0027175488257243324,0.0020471513237480133,0.0011077607430293546,0.307072698562202,7.194149249022747e-06,0.1128663976551389,73
