RMS,MAV,IEMG,VAR,WL,WAMP,FMN,FMD
<<<<<<<< HEAD:features/14/8f259b54-3189-46af-b8a7-f9a99221d46a-o2p1.csv
0.10957718546686353,0.09575121543882492,518.492831601237,0.003415456114562835,97.23295934581125,3213,65.14790599712956,65.00461680517081
========
0.10957718546686353,0.09575121543882492,518.492831601237,0.003415456114562835,97.23295934581125,3213,10.802043467619386,0.0
>>>>>>>> devP:features/14/99822fbc-bf77-403d-9d81-65aaafb14c7b-o2p1.csv
