RMS,MAV,IEMG,VAR,WL,WAMP,FMN,FMD
<<<<<<<< HEAD:features/14/c4fbbe0f-dfa1-479d-a1e4-2a32f624b6c9-o1p4.csv
0.15999044559099107,0.1393061435883982,792.6519570179858,0.00854018665255775,172.55704750914913,4179,67.78318901017566,68.89279437609841
========
0.15999044559099107,0.1393061435883982,792.6519570179858,0.00854018665255775,172.55704750914913,4179,13.571650384298295,0.0
>>>>>>>> devP:features/14/95420ef7-6df5-4dbe-bfb2-0df98680689a-o1p4.csv
