RMS,MAV,IEMG,VAR,WL,WAMP,FMN,FMD
0.15999044559099107,0.1393061435883982,792.6519570179858,0.00854018665255775,172.55704750914913,4179,13.571650384298295,0.0
