RMS,MAV,IEMG,VAR,WL,WAMP,FMN,FMD
<<<<<<<< HEAD:features/14/32240d2d-c0f4-47a4-9a05-ec5016a95290-o4p4.csv
0.04926456995976522,0.038238928567022594,181.4437160505222,0.0016198276254050967,58.45063327315573,2209,63.734031675814805,62.59220231822972
========
0.04926456995976522,0.038238928567022594,181.4437160505222,0.0016198276254050967,58.45063327315573,2209,31.92108220531026,17.91359325605901
>>>>>>>> devP:features/14/9a016d7e-f5a1-4f66-a48c-9469734aeeb5-o4p4.csv
