RMS,MAV,IEMG,VAR,WL,WAMP,FMN,FMD
0.09313487804319677,0.07987572179068661,474.3020359930971,0.0035628032939690707,108.18846053357422,3492,0.7586475818751617,0.0
