RMS,MAV,IEMG,VAR,WL,WAMP,FMN,FMD
<<<<<<<< HEAD:features/14/38530ced-753c-4ce3-b60b-de6d30106abf-o3p2.csv
0.05786462155644004,0.03681051546235766,204.1511187542356,0.0033382502183990533,87.03352834165526,2744,65.07720548576893,66.17381896862604
========
0.05786462155644004,0.03681051546235766,204.1511187542356,0.0033382502183990533,87.03352834165526,2744,64.68716570863633,65.63288856833753
>>>>>>>> devP:features/14/a6650c7e-39e8-48f3-9c86-49046dd04a29-o3p2.csv
