RMS,MAV,IEMG,VAR,WL,WAMP,FMN,FMD
0.1744977131953683,0.16234337332051932,883.147950863625,0.00455511530822181,106.645105046152,3308,62.25866981421406,61.02941176470588
