RMS,MAV,IEMG,VAR,WL,WAMP,FMN,FMD
0.10426777060027288,0.09966767044142873,617.3415507142096,0.0009584007902869715,59.55494490997893,2312,65.13206140212296,67.00032289312237
