RMS,MAV,IEMG,VAR,WL,WAMP,FMN,FMD
0.12043682878012922,0.09411155092328667,523.8248924390136,0.011820862120434011,200.12119474905356,4176,46.515321607258606,53.89867049946101
