RMS,MAV,IEMG,VAR,WL,WAMP,FMN,FMD
<<<<<<<< HEAD:features/14/873ae29d-862a-4985-a472-e047cbd77865-o8p1.csv
0.022176804314248233,0.01648806808096922,90.3051488794684,0.000484915854848795,37.21939024023007,1246,64.22853416157974,64.63392368084718
========
0.022176804314248233,0.01648806808096922,90.3051488794684,0.000484915854848795,37.21939024023007,1246,62.45256574270667,64.0861785649078
>>>>>>>> devP:features/14/b00e0820-f918-4e13-8d33-b130f7748c44-o8p1.csv
