RMS,MAV,IEMG,VAR,WL,WAMP,FMN,FMD
<<<<<<<< HEAD:features/14/cc0d80c1-3a73-41c9-86b6-b2c4de42d2f9-o4p2.csv
0.1330990042692749,0.1289400042911809,708.3963835757479,0.0010904184497810888,57.936149281766724,2314,64.59688115450851,65.34401164907172
========
0.1330990042692749,0.1289400042911809,708.3963835757479,0.0010904184497810888,57.936149281766724,2314,2.0511671013473927,0.0
>>>>>>>> devP:features/14/b0641c9c-66ba-4df9-b84c-ded51f997b93-o4p2.csv
