RMS,MAV,IEMG,VAR,WL,WAMP,FMN,FMD
<<<<<<<< HEAD:features/14/18f97b5f-c8a3-4006-ba00-8e5eabc49bf6-o6p5.csv
0.15368018339713913,0.11605725858783623,627.9858262187819,0.020494621456525367,240.59550898487595,4246,65.31836653231443,66.346331546849
========
0.15368018339713913,0.11605725858783623,627.9858262187819,0.020494621456525367,240.59550898487595,4246,50.06156906125668,56.921086675291065
>>>>>>>> devP:features/14/b087f431-c8ac-41b5-b2fe-83e50e2e78f7-o6p5.csv
