RMS,MAV,IEMG,VAR,WL,WAMP,FMN,FMD
<<<<<<<< HEAD:features/14/e575f864-c0d9-4c3f-a36c-6f3d10f7898f-o11p1.csv
0.1057251404697207,0.08217973939992315,493.8180540541382,0.009511653846212335,181.96634980483228,4242,65.1502096886808,64.90264603095358
========
0.1057251404697207,0.08217973939992315,493.8180540541382,0.009511653846212335,181.96634980483228,4242,48.24730040808987,52.92061907139291
>>>>>>>> devP:features/14/b8e8c3e4-e940-4ac4-8181-5516979f1019-o11p1.csv
