RMS,MAV,IEMG,VAR,WL,WAMP,FMN,FMD
0.1057251404697207,0.08217973939992315,493.8180540541382,0.009511653846212335,181.96634980483228,4242,48.24730040808987,52.92061907139291
