RMS,MAV,IEMG,VAR,WL,WAMP,FMN,FMD
0.060188114005634175,0.04639352624593028,353.333095889005,0.0024485855703365676,111.12217266110247,4051,2.360069719197718,27.573529411764703
