RMS,MAV,IEMG,VAR,WL,WAMP,FMN,FMD
<<<<<<<< HEAD:features/14/bd840a76-cff9-4a16-9f0a-5e70661b0549-o9p1.csv
0.0934043845679849,0.06533620341916106,377.44724715249345,0.008298214555384643,152.2840736953001,3970,63.20284578948106,63.35468236108707
========
0.0934043845679849,0.06533620341916106,377.44724715249345,0.008298214555384643,152.2840736953001,3970,57.315805511112984,61.96988056084473
>>>>>>>> devP:features/14/d7f45fd1-c2e7-46a9-96d4-cdf70d3dac17-o9p1.csv
