RMS,MAV,IEMG,VAR,WL,WAMP,FMN,FMD
<<<<<<<< HEAD:features/14/61d4c43c-824b-47d1-b612-705564992460-o7p5.csv
0.060188114005634175,0.04639352624593028,353.333095889005,0.0024485855703365676,111.12217266110247,4051,61.87699312063029,61.05567226890755
========
0.060188114005634175,0.04639352624593028,353.333095889005,0.0024485855703365676,111.12217266110247,4051,31.586974925731514,27.573529411764703
>>>>>>>> devP:features/14/bea89819-f2b8-46fe-aab9-05aa565c6398-o7p5.csv
