RMS,MAV,IEMG,VAR,WL,WAMP,FMN,FMD
<<<<<<<< HEAD:features/12/7e39290e-d79d-46c7-a065-7a218410992c-o9p3.csv
0.07393375704750066,0.049590853014862483,394.39605402720133,0.005383998969595867,173.6512160753702,4998,66.89103202529746,65.76134791902426
========
0.12041665137512654,0.0942821186144363,628.5788848024469,0.01067363294934174,198.73425720969476,4630,37.27533480108442,41.39793010349482
>>>>>>>> devP:features/14/bef7eba2-058c-408c-ba21-e56680698b38-o11p2.csv
