RMS,MAV,IEMG,VAR,WL,WAMP,FMN,FMD
0.04926456995976522,0.038238928567022594,181.4437160505222,0.0016198276254050967,58.45063327315573,2209,3.19739497622058,17.91359325605901
