RMS,MAV,IEMG,VAR,WL,WAMP,FMN,FMD
0.06371566568355995,0.057454096011907645,354.8364969695416,0.0008516670128431094,51.962730708350094,1934,59.893448740360554,54.88989637305699
