RMS,MAV,IEMG,VAR,WL,WAMP,FMN,FMD
0.08652196294717045,0.07008990627261576,383.74223684257123,0.003915250212155326,92.16266252536606,2974,-3.555800000986694,0.0
