RMS,MAV,IEMG,VAR,WL,WAMP,FMN,FMD
0.1330990042692749,0.1289400042911809,708.3963835757479,0.0010904184497810888,57.936149281766724,2314,64.59688115450851,65.34401164907172
