RMS,MAV,IEMG,VAR,WL,WAMP,FMN,FMD
0.042481778936204743,0.03663402443389164,217.97244538165523,0.0007281554779183027,43.4542644790057,1578,58.35590606250158,54.78991596638655
