RMS,MAV,IEMG,VAR,WL,WAMP,FMN,FMD
0.08505554963990913,0.0704408324214978,383.0572467081051,0.0033048469479127207,97.55711012212109,3277,65.88689349227796,67.12026480323648
