RMS,MAV,IEMG,VAR,WL,WAMP,FMN,FMD
0.06371566568355995,0.057454096011907645,354.8364969695416,0.0008516670128431094,51.962730708350094,1934,0.7669465423033911,0.0
