RMS,MAV,IEMG,VAR,WL,WAMP,FMN,FMD
0.022571495119494453,0.016587256640007264,30.23856885473324,0.00048089426836933207,12.195793843437144,391,21.362242391743997,59.791552386176626
