RMS,MAV,IEMG,VAR,WL,WAMP,FMN,FMD
<<<<<<<< HEAD:features/14/b707642b-0a47-432a-9fef-5e4c5cff2d00-o10p5.csv
0.1625896429913184,0.12763184953949483,968.5981061552263,0.02222828060602754,348.02859915174383,5866,64.4531698580276,62.98590064567137
========
0.1625896429913184,0.12763184953949483,968.5981061552263,0.02222828060602754,348.02859915174383,5866,46.75476825048782,54.420872315193044
>>>>>>>> devP:features/14/d0e07f19-3c65-4d33-b3f7-79c06d288ed2-o10p5.csv
