RMS,MAV,IEMG,VAR,WL,WAMP,FMN,FMD
<<<<<<<< HEAD:features/14/a6d64d95-aa78-4d64-8405-398839bae40a-o10p1.csv
0.1744977131953683,0.16234337332051932,883.147950863625,0.00455511530822181,106.645105046152,3308,62.25866981421406,61.02941176470588
========
0.1744977131953683,0.16234337332051932,883.147950863625,0.00455511530822181,106.645105046152,3308,5.033304165513791,0.0
>>>>>>>> devP:features/14/d15a1c03-1704-4ee7-b12f-a986a43a503a-o10p1.csv
