RMS,MAV,IEMG,VAR,WL,WAMP,FMN,FMD
0.1744977131953683,0.16234337332051932,883.147950863625,0.00455511530822181,106.645105046152,3308,5.033304165513791,0.0
