RMS,MAV,IEMG,VAR,WL,WAMP,FMN,FMD
0.10761409984953456,0.07941315389624935,429.7839888865015,0.01149297418596478,191.1565370261329,4082,69.4406755782311,71.50776053215078
