RMS,MAV,IEMG,VAR,WL,WAMP,FMN,FMD
<<<<<<<< HEAD:features/14/d19f75a8-48dd-4312-b283-98df38f94333-o11p6.csv
0.10761409984953456,0.07941315389624935,429.7839888865015,0.01149297418596478,191.1565370261329,4082,69.4406755782311,71.50776053215078
========
0.10761409984953456,0.07941315389624935,429.7839888865015,0.01149297418596478,191.1565370261329,4082,68.39542712378199,70.76866223207686
>>>>>>>> devP:features/14/0a189015-2634-412f-b2dd-a7380156fe12-o11p6.csv
