RMS,MAV,IEMG,VAR,WL,WAMP,FMN,FMD
0.03485913829470294,0.02803093408014152,58.16418821629365,0.0006496756466852796,17.19594610514147,701,0.12224237413591593,0.0
