RMS,MAV,IEMG,VAR,WL,WAMP,FMN,FMD
0.11210728296257388,0.09104053919577497,468.6766957798495,0.006867675429817015,123.18636179740236,3407,22.997313554398318,0.0
