RMS,MAV,IEMG,VAR,WL,WAMP,FMN,FMD
<<<<<<<< HEAD:features/14/e5d64422-516b-4b42-a17f-0ac488117c9f-o9p4.csv
0.11210728296257388,0.09104053919577497,468.6766957798495,0.006867675429817015,123.18636179740236,3407,61.17417110116091,60.02331002331003
========
0.11210728296257388,0.09104053919577497,468.6766957798495,0.006867675429817015,123.18636179740236,3407,22.997313554398318,0.0
>>>>>>>> devP:features/14/d7eaeea3-48c4-415e-8fca-fdbf5afbf85b-o9p4.csv
