RMS,MAV,IEMG,VAR,WL,WAMP,FMN,FMD
0.09833427872871627,0.05880190679362394,337.40534118181415,0.00958765580816802,137.30297491693045,3486,61.18959184510394,56.98849773440223
