RMS,MAV,IEMG,VAR,WL,WAMP,FMN,FMD
0.049670849978545095,0.03832223690690845,225.52636419715623,0.0019348358699080453,77.90279136860454,3001,-7.697804769024586,0.0
