RMS,MAV,IEMG,VAR,WL,WAMP,FMN,FMD
<<<<<<<< HEAD:features/14/df993a66-6d89-469e-bf6a-47a3fa982a64-o5p3.csv
0.049670849978545095,0.03832223690690845,225.52636419715623,0.0019348358699080453,77.90279136860454,3001,61.636684059264965,59.133389974511466
========
0.049670849978545095,0.03832223690690845,225.52636419715623,0.0019348358699080453,77.90279136860454,3001,39.758242137576566,46.21920135938827
>>>>>>>> devP:features/14/5fcdec65-36d8-4f01-a7e5-22464adc800a-o5p3.csv
