RMS,MAV,IEMG,VAR,WL,WAMP,FMN,FMD
0.051657015237503844,0.04614035578700906,40.83421487150302,0.0006307781064329108,6.585942874909895,241,7.850330559121338,0.0
