RMS,MAV,IEMG,VAR,WL,WAMP,FMN,FMD
0.11210728296257388,0.09104053919577497,468.6766957798495,0.006867675429817015,123.18636179740236,3407,61.17417110116091,60.02331002331003
