RMS,MAV,IEMG,VAR,WL,WAMP,FMN,FMD
<<<<<<<< HEAD:features/14/081c42db-6c38-4533-bd7e-5702a41330ba-o9p5.csv
0.0514629499317292,0.03698315294564666,128.4055070272852,0.002472262530267492,48.506172300248195,1686,62.134717405439936,59.90783410138249
========
0.0514629499317292,0.03698315294564666,128.4055070272852,0.002472262530267492,48.506172300248195,1686,54.38395225071344,55.87557603686636
>>>>>>>> devP:features/14/e61d428a-a2fb-4caf-a481-4eb3d975c5a7-o9p5.csv
