RMS,MAV,IEMG,VAR,WL,WAMP,FMN,FMD
0.0514629499317292,0.03698315294564666,128.4055070272852,0.002472262530267492,48.506172300248195,1686,54.38395225071344,55.87557603686636
