RMS,MAV,IEMG,VAR,WL,WAMP,FMN,FMD
0.05786462155644004,0.03681051546235766,204.1511187542356,0.0033382502183990533,87.03352834165526,2744,81.53529762811591,65.63288856833753
