RMS,MAV,IEMG,VAR,WL,WAMP,FMN,FMD
<<<<<<<< HEAD:features/14/eb6e91de-525a-4e9c-a8d3-313636d1ec03-o6p1.csv
0.14272503660883223,0.12234308844930478,709.8345991828663,0.00762463208363868,158.46928969074105,4012,65.82630027401504,66.70113753877973
========
0.14272503660883223,0.12234308844930478,709.8345991828663,0.00762463208363868,158.46928969074105,4012,15.155746608123646,0.0
>>>>>>>> devP:features/14/38bc5a6b-e6d3-4f29-80e0-c82a7c0f5f6e-o6p1.csv
