RMS,MAV,IEMG,VAR,WL,WAMP,FMN,FMD
0.12266564847580763,0.0944400385502225,511.6761288651055,0.012920466326964326,194.43137461397654,4160,65.02048592562959,64.78405315614619
