RMS,MAV,IEMG,VAR,WL,WAMP,FMN,FMD
<<<<<<<< HEAD:features/14/ee27c7f5-2ac3-4af1-ba67-783c78d82e64-o9p6.csv
0.1309010948923784,0.126231852224348,674.7092501391401,0.0013326220093749592,53.624825445166024,1891,62.474561573633466,59.681945743685695
========
0.1309010948923784,0.126231852224348,674.7092501391401,0.0013326220093749592,53.624825445166024,1891,2.5276598287920864,0.0
>>>>>>>> devP:features/14/10994f5e-8fd7-4eaa-be2d-027f482a5567-o9p6.csv
