RMS,MAV,IEMG,VAR,WL,WAMP,FMN,FMD
0.08125852944506773,0.05994937901516379,342.2510047975701,0.005943742205709335,128.08267161592318,3690,50.92304120445052,54.125065685759324
