RMS,MAV,IEMG,VAR,WL,WAMP,FMN,FMD
<<<<<<<< HEAD:features/14/7d517291-3b12-477c-8fd3-f4a6a9e8a5d7-o5p6.csv
0.08125852944506773,0.05994937901516379,342.2510047975701,0.005943742205709335,128.08267161592318,3690,62.21854952316422,59.55508845682256
========
0.08125852944506773,0.05994937901516379,342.2510047975701,0.005943742205709335,128.08267161592318,3690,50.92304120445052,54.125065685759324
>>>>>>>> devP:features/14/f334973c-40c9-4f5b-b901-26dc1afd4c72-o5p6.csv
