RMS,MAV,IEMG,VAR,WL,WAMP,FMN,FMD
0.09944854579428558,0.09770778830282822,529.8693359662375,0.00034320136556782174,32.52004261770006,968,65.04714441410492,66.56832011801586
