RMS,MAV,IEMG,VAR,WL,WAMP,FMN,FMD
0.12041665137512654,0.0942821186144363,628.5788848024469,0.01067363294934174,198.73425720969476,4630,-1.8408981822999853,41.39793010349482
