RMS,MAV,IEMG,VAR,WL,WAMP,FMN,FMD
0.1040673273472667,0.0824058432896701,473.42156969915476,0.007167391667008734,157.3786874149289,4014,68.79911843889067,69.79982593559616
