RMS,MAV,IEMG,VAR,WL,WAMP,FMN,FMD
<<<<<<<< HEAD:features/14/c5a7b294-96b4-4fab-8c04-18b073cf0831-o7p3.csv
0.06371566568355995,0.057454096011907645,354.8364969695416,0.0008516670128431094,51.962730708350094,1934,59.893448740360554,54.88989637305699
========
0.06371566568355995,0.057454096011907645,354.8364969695416,0.0008516670128431094,51.962730708350094,1934,7.018622239587943,0.0
>>>>>>>> devP:features/14/ff151ab9-461e-4f35-be6c-b6c3e4fba52d-o7p3.csv
