RMS,MAV,IEMG,VAR,WL,WAMP,FMN,FMD
<<<<<<<< HEAD:features/15/7fee17a3-e773-465c-b482-57246578e065-o11p3.csv
0.10217545043558487,0.07338048613891156,434.63261940077314,0.009754142545733162,159.98450005999794,3968,59.97364978833657,59.42934323822387
========
0.10217545043558487,0.07338048613891156,434.63261940077314,0.009754142545733162,159.98450005999794,3968,52.58113180686562,55.03967583994597
>>>>>>>> devP:features/15/06db1212-1e5e-444a-8d30-0617fd08865f-o11p3.csv
