RMS,MAV,IEMG,VAR,WL,WAMP,FMN,FMD
0.13309202860143968,0.11612981814603182,688.9982110604068,0.004965681186771044,124.74472272765281,3853,61.00208465575356,59.16062700151694
