RMS,MAV,IEMG,VAR,WL,WAMP,FMN,FMD
<<<<<<<< HEAD:features/15/08c6b901-648d-4946-9379-25921abd1032-o6p1.csv
0.13309202860143968,0.11612981814603182,688.9982110604068,0.004965681186771044,124.74472272765281,3853,61.00208465575356,59.16062700151694
========
0.13309202860143968,0.11612981814603182,688.9982110604068,0.004965681186771044,124.74472272765281,3853,9.944321291982972,0.0
>>>>>>>> devP:features/15/a851bbbb-05a6-4fb3-add4-bf1c5c094fcb-o6p1.csv
