RMS,MAV,IEMG,VAR,WL,WAMP,FMN,FMD
0.09650941182340751,0.07978896212327966,462.2174575801591,0.0042371212080996815,110.55463201665593,3562,60.29358952897608,57.65579147246677
