RMS,MAV,IEMG,VAR,WL,WAMP,FMN,FMD
<<<<<<<< HEAD:features/15/8a3b596e-d74b-4cd1-96c7-4d8cb53acc18-o9p1.csv
0.05229683129866148,0.03815554106429876,206.3070105346634,0.0023094646626292572,75.84139426214273,2776,62.275584130346104,61.9567227667838
========
0.05229683129866148,0.03815554106429876,206.3070105346634,0.0023094646626292572,75.84139426214273,2776,45.507174203811346,47.53097836138339
>>>>>>>> devP:features/15/0f944b49-543f-4ca2-bab8-676fe8e63ec6-o9p1.csv
