RMS,MAV,IEMG,VAR,WL,WAMP,FMN,FMD
0.08700102984735587,0.05624794884227099,317.0696876238816,0.007559358950628334,132.0072566479823,3596,73.52132960527297,21.110519780024834
