RMS,MAV,IEMG,VAR,WL,WAMP,FMN,FMD
0.03657721664042036,0.02837736680241361,165.01438795603514,0.0008061166586714512,47.47334949721241,1721,62.54437524462248,60.533104041272566
