RMS,MAV,IEMG,VAR,WL,WAMP,FMN,FMD
<<<<<<<< HEAD:features/15/0c34818b-0623-4c73-a798-dd87a8660b0a-o2p3.csv
0.05717922381250384,0.051748659393592855,276.5965844587538,0.0006700020932079634,41.69664616093486,1548,64.50479236517323,63.98503274087933
========
0.05717922381250384,0.051748659393592855,276.5965844587538,0.0006700020932079634,41.69664616093486,1548,7.363928588785673,0.0
>>>>>>>> devP:features/15/1995529b-8eb0-4c51-a71f-7ea354d907e6-o2p3.csv
