RMS,MAV,IEMG,VAR,WL,WAMP,FMN,FMD
0.05717922381250384,0.051748659393592855,276.5965844587538,0.0006700020932079634,41.69664616093486,1548,7.363928588785673,0.0
