RMS,MAV,IEMG,VAR,WL,WAMP,FMN,FMD
<<<<<<<< HEAD:features/15/eb0db55c-2058-40f4-b866-96dfdebff771-o11p1.csv
0.11482431728745139,0.0881908113850544,504.2750594997411,0.011512422065222905,175.55291887254754,4052,60.16140129312461,57.88737320741518
========
0.11482431728745139,0.0881908113850544,504.2750594997411,0.011512422065222905,175.55291887254754,4052,46.618535032592504,50.891920251836304
>>>>>>>> devP:features/15/1c4b52aa-1c09-40dd-b2aa-1a36814a1925-o11p1.csv
