RMS,MAV,IEMG,VAR,WL,WAMP,FMN,FMD
0.11328921030972872,0.08704759960128892,491.0355093508708,0.009714244813851849,165.0029259120842,4006,7.000047216969636,0.0
