RMS,MAV,IEMG,VAR,WL,WAMP,FMN,FMD
0.09243042565956548,0.07976061719737118,185.52319560108538,0.002844847151528338,33.209783972288605,1235,11.674228052012035,0.0
