RMS,MAV,IEMG,VAR,WL,WAMP,FMN,FMD
<<<<<<<< HEAD:features/15/18fc675a-4d1c-4acf-8b95-5d66758bcc4a-o9p4.csv
0.09243042565956548,0.07976061719737118,185.52319560108538,0.002844847151528338,33.209783972288605,1235,58.44370944067046,59.32932072226998
========
0.09243042565956548,0.07976061719737118,185.52319560108538,0.002844847151528338,33.209783972288605,1235,11.674228052012035,0.0
>>>>>>>> devP:features/15/1d19678f-4c05-43de-ac7f-69172a92d90b-o9p4.csv
