RMS,MAV,IEMG,VAR,WL,WAMP,FMN,FMD
<<<<<<<< HEAD:features/15/1f477f57-5a75-4688-943f-0560b3fd4c80-o6p2.csv
0.16950565146955285,0.14954926791114795,806.668751112732,0.007677436773076205,137.56779896050705,3742,60.380862834519604,57.84204671857619
========
0.16950565146955285,0.14954926791114795,806.668751112732,0.007677436773076205,137.56779896050705,3742,9.311089980085235,0.0
>>>>>>>> devP:features/15/46010123-2804-4efd-bfbe-14127a23e1e9-o6p2.csv
