RMS,MAV,IEMG,VAR,WL,WAMP,FMN,FMD
0.1184515721079167,0.10395577843928556,927.8053225706236,0.004485201787839343,159.36335091318486,4500,0.18162079780816753,0.0
