RMS,MAV,IEMG,VAR,WL,WAMP,FMN,FMD
<<<<<<<< HEAD:features/15/a0972903-4b62-460d-a5a2-a66a26eb2853-o9p6.csv
0.12635158518063544,0.12568415915456352,96.52543423070479,0.00016821521526972166,3.1353952942786014,41,62.222092460372934,58.59375
========
0.12635158518063544,0.12568415915456352,96.52543423070479,0.00016821521526972166,3.1353952942786014,41,0.3295441345807741,0.0
>>>>>>>> devP:features/15/28ca741a-0db2-4307-a1bb-551f62dd69d9-o9p6.csv
