RMS,MAV,IEMG,VAR,WL,WAMP,FMN,FMD
0.12635158518063544,0.12568415915456352,96.52543423070479,0.00016821521526972166,3.1353952942786014,41,0.3295441345807741,0.0
