RMS,MAV,IEMG,VAR,WL,WAMP,FMN,FMD
<<<<<<<< HEAD:features/15/b29efbaf-9e71-4f99-a280-24f4e44c7c09-o10p4.csv
0.11601237977345341,0.09220289521426134,533.8547632905731,0.009627950325949371,146.58997423600883,3600,58.626598800572175,55.78583765112262
========
0.11601237977345341,0.09220289521426134,533.8547632905731,0.009627950325949371,146.58997423600883,3600,32.646657572100544,35.405872193436956
>>>>>>>> devP:features/15/29a151f4-45a3-4ba1-8b3e-b1483289a956-o10p4.csv
