RMS,MAV,IEMG,VAR,WL,WAMP,FMN,FMD
0.11601237977345341,0.09220289521426134,533.8547632905731,0.009627950325949371,146.58997423600883,3600,32.646657572100544,35.405872193436956
