RMS,MAV,IEMG,VAR,WL,WAMP,FMN,FMD
0.04117111032774951,0.035647343266262656,217.48444126746847,0.0006174578115760381,42.64110125754413,1561,13.009805090524054,0.0
