RMS,MAV,IEMG,VAR,WL,WAMP,FMN,FMD
<<<<<<<< HEAD:features/15/2bb7caa9-d219-4680-94a9-37f642da6476-o3p4.csv
0.07812097504731945,0.06245073730970754,417.5456296527046,0.004339150251545199,135.48073779415216,4077,66.11433473789138,66.85611725994616
========
0.07812097504731945,0.06245073730970754,417.5456296527046,0.004339150251545199,135.48073779415216,4077,36.46800253690905,40.23332336224948
>>>>>>>> devP:features/15/7b72a592-2022-410d-ac8f-bffc2266c02d-o3p4.csv
