RMS,MAV,IEMG,VAR,WL,WAMP,FMN,FMD
<<<<<<<< HEAD:features/15/fdc8fe8a-f91b-4a84-9465-367d3953380d-o3p1.csv
0.1184515721079167,0.10395577843928556,927.8053225706236,0.004485201787839343,159.36335091318486,4500,69.82024000520963,72.82913165266106
========
0.1184515721079167,0.10395577843928556,927.8053225706236,0.004485201787839343,159.36335091318486,4500,13.282713005922389,0.0
>>>>>>>> devP:features/15/2bc86031-a492-495d-9818-f2412e262a07-o3p1.csv
