RMS,MAV,IEMG,VAR,WL,WAMP,FMN,FMD
<<<<<<<< HEAD:features/15/2d0ff582-92d5-4df3-afc6-dfd8ba2c6829-o5p5.csv
0.056921120089476786,0.04040640567962315,239.12510881200978,0.003236388143265693,87.9581899264578,3111,56.75042999135491,54.57924974653599
========
0.056921120089476786,0.04040640567962315,239.12510881200978,0.003236388143265693,87.9581899264578,3111,56.623557733332035,54.57924974653599
>>>>>>>> devP:features/15/2b0a0c8b-bfe3-4f19-b245-7e8ad05b68ac-o5p5.csv
