RMS,MAV,SSI,IEMG,VAR,WL,WAMP
0.004988388914452449,0.004154969093509536,0.0037326035942748135,0.6232453640264304,2.4463873715635e-05,0.2849668223154036,75
0.005158118369975212,0.003846144974389445,0.003990927767801361,0.5769217461584167,2.638981509830785e-05,0.25801483136293757,70
0.002916500403897891,0.002403863821446396,0.0012758961908904843,0.36057957321695944,8.103651891505593e-06,0.1366627645468501,79
0.0035750550443782903,0.0029318288738101475,0.0019171527855501992,0.43977433107152214,1.243278623368193e-05,0.1499714983519081,86
0.003537503327385272,0.002889619877742775,0.0018770894686892807,0.43344298166141626,1.2167838661561629e-05,0.1501238765007849,80
0.005569269432034296,0.004241560423211754,0.004652514300988742,0.6362340634817631,3.061862335582727e-05,0.24800579241425152,79
0.005314354594044164,0.004529596696240107,0.004236354712685747,0.679439504436016,2.8075774848467735e-05,0.2764584693555947,78
