RMS,MAV,IEMG,VAR,WL,WAMP,FMN,FMD
0.0873267281196695,0.06405518350188366,353.00811627888083,0.00653472829659107,124.50346866888947,3441,8.664938839453166,52.44057339865723
