RMS,MAV,IEMG,VAR,WL,WAMP,FMN,FMD
<<<<<<<< HEAD:features/15/3641e1f3-ec65-4dcf-bd76-429fbb1cce92-o10p3.csv
0.1397611168647714,0.11969535942929299,713.264646839157,0.008835199959982866,146.1210312603199,3872,57.18032647635653,55.0427924148347
========
0.1397611168647714,0.11969535942929299,713.264646839157,0.008835199959982866,146.1210312603199,3872,16.711233007962218,0.0
>>>>>>>> devP:features/15/b633f2ba-b10a-4275-8b6b-409127f1a648-o10p3.csv
