RMS,MAV,IEMG,VAR,WL,WAMP,FMN,FMD
0.16557321205919553,0.14613152309459,790.4254084186373,0.007183376389647193,131.5967602311651,3608,0.31333163474446823,0.0
