RMS,MAV,IEMG,VAR,WL,WAMP,FMN,FMD
<<<<<<<< HEAD:features/15/3d4c63bd-daba-4069-b9c0-af69ce17cff4-o2p2.csv
0.07049394558973239,0.06389692723415326,368.6213732138301,0.0010418250679960202,57.76737443485477,2335,66.03844916838901,65.17594037094817
========
0.07049394558973239,0.06389692723415326,368.6213732138301,0.0010418250679960202,57.76737443485477,2335,7.733029320989902,0.0
>>>>>>>> devP:features/15/aee7be1d-e32c-48f5-b219-149923e37570-o2p2.csv
