RMS,MAV,IEMG,VAR,WL,WAMP,FMN,FMD
<<<<<<<< HEAD:features/15/2a371221-5edf-4839-a261-5888da13e494-o1p6.csv
0.12283441550805478,0.09354734197915517,523.9586624252481,0.012818362062188811,200.88445891278195,4237,66.32488414239124,66.23817175504374
========
0.12283441550805478,0.09354734197915517,523.9586624252481,0.012818362062188811,200.88445891278195,4237,48.97830098800111,56.77557579003749
>>>>>>>> devP:features/15/41181629-3c4b-472d-b18e-6f39fd06743b-o1p6.csv
