RMS,MAV,IEMG,VAR,WL,WAMP,FMN,FMD
0.11193003883379346,0.08717653817554635,485.3989645614421,0.008874035760340059,164.5725071099327,4010,35.3468065519956,37.71551724137931
