RMS,MAV,IEMG,VAR,WL,WAMP,FMN,FMD
<<<<<<<< HEAD:features/15/63f4ed68-17b2-4177-a33d-fa2b67401374-o1p5.csv
0.11193003883379346,0.08717653817554635,485.3989645614421,0.008874035760340059,164.5725071099327,4010,64.45819447821904,62.49999999999999
========
0.11193003883379346,0.08717653817554635,485.3989645614421,0.008874035760340059,164.5725071099327,4010,35.3468065519956,37.71551724137931
>>>>>>>> devP:features/15/42e9e81f-88c3-4aa7-8008-0d5eea196072-o1p5.csv
