RMS,MAV,IEMG,VAR,WL,WAMP,FMN,FMD
<<<<<<<< HEAD:features/15/f162a811-d4c6-4a5d-8212-c56b4a81843f-o8p1.csv
0.05721226906653026,0.041753057336456664,231.18667847196056,0.0032662648789750386,90.42242245607873,3045,60.07681775017991,58.515441574860034
========
0.05721226906653026,0.041753057336456664,231.18667847196056,0.0032662648789750386,90.42242245607873,3045,59.821184325966854,58.33483836012281
>>>>>>>> devP:features/15/4472be27-95cf-4696-a597-89c387e81e76-o8p1.csv
