RMS,MAV,IEMG,VAR,WL,WAMP,FMN,FMD
0.08700102984735587,0.05624794884227099,317.0696876238816,0.007559358950628334,132.0072566479823,3596,65.39312018320365,63.68635799183963
