RMS,MAV,IEMG,VAR,WL,WAMP,FMN,FMD
0.09567140748390413,0.07028243466487767,422.1163025972553,0.009142156094327765,181.96686921913903,4263,66.04196694934278,68.76456876456876
