RMS,MAV,IEMG,VAR,WL,WAMP,FMN,FMD
<<<<<<<< HEAD:features/15/45e84a0e-1f04-466a-8acf-4372c28896d0-o1p1.csv
0.09567140748390413,0.07028243466487767,422.1163025972553,0.009142156094327765,181.96686921913903,4263,66.04196694934278,68.76456876456876
========
0.09567140748390413,0.07028243466487767,422.1163025972553,0.009142156094327765,181.96686921913903,4263,65.88540543741699,68.76456876456876
>>>>>>>> devP:features/15/1c23e7ed-15ef-4693-9ad0-d20d8c4ef308-o1p1.csv
