RMS,MAV,IEMG,VAR,WL,WAMP,FMN,FMD
<<<<<<<< HEAD:features/15/17feb9a9-3d89-4c05-be97-964d709c8adc-o5p3.csv
0.03657721664042036,0.02837736680241361,165.01438795603514,0.0008061166586714512,47.47334949721241,1721,62.54437524462248,60.533104041272566
========
0.03657721664042036,0.02837736680241361,165.01438795603514,0.0008061166586714512,47.47334949721241,1721,26.966305589304017,0.0
>>>>>>>> devP:features/15/4647f5e5-c3f8-4094-a78e-f797de54f130-o5p3.csv
