RMS,MAV,IEMG,VAR,WL,WAMP,FMN,FMD
0.07668760677191333,0.060898975636932653,355.58911874404976,0.0038356436654649784,113.2499031667437,3658,-2.5966093039807783,0.0
