RMS,MAV,IEMG,VAR,WL,WAMP,FMN,FMD
0.033428050719686866,0.02542340568351321,134.03219476348164,0.0010881627045122209,53.54262810230048,2184,62.59197858987311,60.69802731411229
