RMS,MAV,IEMG,VAR,WL,WAMP,FMN,FMD
0.07812097504731945,0.06245073730970754,417.5456296527046,0.004339150251545199,135.48073779415216,4077,-3.414931776065046,0.0
