RMS,MAV,IEMG,VAR,WL,WAMP,FMN,FMD
0.11482431728745139,0.0881908113850544,504.2750594997411,0.011512422065222905,175.55291887254754,4052,4.510312026250656,50.891920251836304
