RMS,MAV,IEMG,VAR,WL,WAMP,FMN,FMD
<<<<<<<< HEAD:features/15/4879cf1c-24e1-4323-81d8-41a8626c37a5-o1p3.csv
0.11838718114873593,0.08869167030496748,482.837453140243,0.011333594400181115,171.62739296466805,3855,65.03821206815626,64.84202792064659
========
0.11838718114873593,0.08869167030496748,482.837453140243,0.011333594400181115,171.62739296466805,3855,44.14545329419933,50.146950771491554
>>>>>>>> devP:features/15/4e3fcdc4-1b0b-4106-92fc-5edf4338a8c8-o1p3.csv
