RMS,MAV,IEMG,VAR,WL,WAMP,FMN,FMD
<<<<<<<< HEAD:features/15/3f3b3529-3d00-4a4e-882b-e31f017e730e-o11p4.csv
0.101333635910519,0.08516150056633928,840.7143335909013,0.005155211192261467,198.12933267979162,6269,57.764837340394074,56.52350081037277
========
0.101333635910519,0.08516150056633928,840.7143335909013,0.005155211192261467,198.12933267979162,6269,19.359888714593804,0.0
>>>>>>>> devP:features/15/4fc298b0-dc9e-423e-96bd-b86b802d8757-o11p4.csv
