RMS,MAV,IEMG,VAR,WL,WAMP,FMN,FMD
0.09404902403361282,0.07974339010246369,326.38969568938387,0.0034718841891053782,77.56679954028544,2518,-1.4151649742401322,0.0
