RMS,MAV,IEMG,VAR,WL,WAMP,FMN,FMD
0.12283441550805478,0.09354734197915517,523.9586624252481,0.012818362062188811,200.88445891278195,4237,-6.302010578874644,56.77557579003749
