RMS,MAV,IEMG,VAR,WL,WAMP,FMN,FMD
0.101333635910519,0.08516150056633928,840.7143335909013,0.005155211192261467,198.12933267979162,6269,-0.07892134268053089,0.0
