RMS,MAV,IEMG,VAR,WL,WAMP,FMN,FMD
<<<<<<<< HEAD:features/15/fe290838-4195-430b-882d-944e2ba1a0ac-o9p2.csv
0.09404902403361282,0.07974339010246369,326.38969568938387,0.0034718841891053782,77.56679954028544,2518,68.21136210698955,68.16516002931834
========
0.09404902403361282,0.07974339010246369,326.38969568938387,0.0034718841891053782,77.56679954028544,2518,16.65583964272613,0.0
>>>>>>>> devP:features/15/57167fb1-4c61-4c0d-bf7b-e683ceff7ce5-o9p2.csv
