RMS,MAV,IEMG,VAR,WL,WAMP,FMN,FMD
0.056921120089476786,0.04040640567962315,239.12510881200978,0.003236388143265693,87.9581899264578,3111,51.79683791652783,36.66779317336938
