RMS,MAV,IEMG,VAR,WL,WAMP,FMN,FMD
0.09289658791250134,0.09229794253587835,1.1075753104305401,0.00011086584942878945,0.03518759272671661,0,0.04932602885209655,0.0
