RMS,MAV,IEMG,VAR,WL,WAMP,FMN,FMD
<<<<<<<< HEAD:features/15/78830201-aaad-4bb9-8058-0cb37b74b23e-o3p5.csv
0.13157974818566148,0.10172003789470244,569.5304921724389,0.015298941631414504,224.66477976032797,4403,67.11463440193292,69.47669226647616
========
0.13157974818566148,0.10172003789470244,569.5304921724389,0.015298941631414504,224.66477976032797,4403,53.12543704052131,60.90373280943025
>>>>>>>> devP:features/15/5d2fce8c-b5a2-48c1-a6e3-82f73c5d7c76-o3p5.csv
