RMS,MAV,IEMG,VAR,WL,WAMP,FMN,FMD
0.18920050386970047,0.1590737719029743,904.8116145841178,0.018726883092610502,229.33945906170058,4328,1.4259571891190546,0.0
