RMS,MAV,IEMG,VAR,WL,WAMP,FMN,FMD
0.13157974818566148,0.10172003789470244,569.5304921724389,0.015298941631414504,224.66477976032797,4403,-63.400476438869575,0.0
