RMS,MAV,IEMG,VAR,WL,WAMP,FMN,FMD
0.05378592607796053,0.03963442724106454,221.79425484099718,0.0027599327937405417,90.4245040840071,3142,209.1997941017049,0.0
