RMS,MAV,IEMG,VAR,WL,WAMP,FMN,FMD
0.16678865526949146,0.16528555330277384,662.6297831908203,0.0004991413960011645,28.075635597730713,937,-0.017402986886324502,0.0
