RMS,MAV,IEMG,VAR,WL,WAMP,FMN,FMD
0.049475735635820035,0.04571913877395222,268.3256254643256,0.000384545672266264,33.057914356980376,1029,-0.22365743247799416,0.0
