RMS,MAV,IEMG,VAR,WL,WAMP,FMN,FMD
0.08222164747547765,0.0641613792069187,364.6932794121259,0.004558700203660864,115.25315184341673,3629,32.408988936714,24.278676988036594
