RMS,MAV,IEMG,VAR,WL,WAMP,FMN,FMD
0.11646492395880394,0.09497054291150575,607.0517102903448,0.009357856050932924,167.8782912403717,4063,31.45223926352744,32.07133917396746
