RMS,MAV,IEMG,VAR,WL,WAMP,FMN,FMD
<<<<<<<< HEAD:features/15/dbb6a3ec-6070-4323-9aa6-5ebff004a911-o10p5.csv
0.11646492395880394,0.09497054291150575,607.0517102903448,0.009357856050932924,167.8782912403717,4063,59.72690270830024,59.292866082603254
========
0.11646492395880394,0.09497054291150575,607.0517102903448,0.009357856050932924,167.8782912403717,4063,31.45223926352744,32.07133917396746
>>>>>>>> devP:features/15/6b2ee85c-a143-48dc-8481-7d818c23266a-o10p5.csv
