RMS,MAV,IEMG,VAR,WL,WAMP,FMN,FMD
<<<<<<<< HEAD:features/15/4b4c30a2-3966-4cf9-aceb-cc7715139316-o9p5.csv
0.09549503321381275,0.049846263606140855,75.1681655180604,0.00894094933922152,29.66489024584456,735,61.1355804413112,66.3129973474801
========
0.09549503321381275,0.049846263606140855,75.1681655180604,0.00894094933922152,29.66489024584456,735,58.790116997730784,65.64986737400531
>>>>>>>> devP:features/15/6bdfe8d8-42dd-4c5a-8202-e0e2e90f2b8b-o9p5.csv
