RMS,MAV,IEMG,VAR,WL,WAMP,FMN,FMD
0.05254412404670313,0.04093096290241859,218.6122728618177,0.0021968814394861267,77.87405387207689,2914,42.2400133573182,46.80771391125258
