RMS,MAV,IEMG,VAR,WL,WAMP,FMN,FMD
0.1397611168647714,0.11969535942929299,713.264646839157,0.008835199959982866,146.1210312603199,3872,-1.1817430649623117,0.0
