RMS,MAV,IEMG,VAR,WL,WAMP,FMN,FMD
<<<<<<<< HEAD:features/15/872c2fa8-1b6d-45b8-9e5c-65f44db37ae3-o4p4.csv
0.04836116133167988,0.03778730332481133,206.20531424349542,0.0015325422918949392,68.36408627875771,2669,65.32487332518511,65.05405900678028
========
0.04836116133167988,0.03778730332481133,206.20531424349542,0.0015325422918949392,68.36408627875771,2669,31.831851050203685,0.0
>>>>>>>> devP:features/15/70bc17a1-eb2a-4f97-ab0b-70f3f1e11dc6-o4p4.csv
