RMS,MAV,IEMG,VAR,WL,WAMP,FMN,FMD
0.05229683129866148,0.03815554106429876,206.3070105346634,0.0023094646626292572,75.84139426214273,2776,2.599939793580754,0.0
