RMS,MAV,IEMG,VAR,WL,WAMP,FMN,FMD
<<<<<<<< HEAD:features/15/7a4a1ed0-ad1a-4040-a1fa-9fae57b4405d-o10p2.csv
0.08649075575125498,0.06590717663412193,447.6415436989562,0.006767562843015976,160.47792645002556,4486,60.81199910296852,60.65959952885748
========
0.08649075575125498,0.06590717663412193,447.6415436989562,0.006767562843015976,160.47792645002556,4486,50.22725702086411,53.445229681978795
>>>>>>>> devP:features/15/d0e872c7-2634-474d-a627-3a4f076efdde-o10p2.csv
