RMS,MAV,IEMG,VAR,WL,WAMP,FMN,FMD
0.0860898768927389,0.060002016057888866,372.012499558911,0.00738355395614056,151.83827688690775,4124,-6.283192898582022,56.12903225806451
