RMS,MAV,IEMG,VAR,WL,WAMP,FMN,FMD
0.10217545043558487,0.07338048613891156,434.63261940077314,0.009754142545733162,159.98450005999794,3968,59.97364978833657,59.42934323822387
