RMS,MAV,IEMG,VAR,WL,WAMP,FMN,FMD
<<<<<<<< HEAD:features/15/8028ed95-a98e-4c04-9606-0248185a228a-o3p6.csv
0.0860898768927389,0.060002016057888866,372.012499558911,0.00738355395614056,151.83827688690775,4124,63.38658687646197,62.90322580645161
========
0.0860898768927389,0.060002016057888866,372.012499558911,0.00738355395614056,151.83827688690775,4124,62.910927225600155,62.58064516129032
>>>>>>>> devP:features/15/80d71231-fec8-41a9-affe-ccf6b59912d6-o3p6.csv
