RMS,MAV,IEMG,VAR,WL,WAMP,FMN,FMD
<<<<<<<< HEAD:features/15/c6768ead-7806-4e89-a789-51386ef6cea0-o8p5.csv
0.04247956595576193,0.032029193402420164,169.1781995515833,0.0017434902572723123,70.27851334433103,2657,67.18364359746417,68.72396819386596
========
0.04247956595576193,0.032029193402420164,169.1781995515833,0.0017434902572723123,70.27851334433103,2657,62.78837755199844,66.64142370314275
>>>>>>>> devP:features/15/844acf20-525b-4c0b-8df8-40c2bb69e429-o8p5.csv
