RMS,MAV,IEMG,VAR,WL,WAMP,FMN,FMD
0.04836116133167988,0.03778730332481133,206.20531424349542,0.0015325422918949392,68.36408627875771,2669,65.32487332518511,65.05405900678028
