RMS,MAV,IEMG,VAR,WL,WAMP,FMN,FMD
<<<<<<<< HEAD:features/15/fce45dcd-7cfb-4550-9e81-181af33dc053-o4p1.csv
0.09289658791250134,0.09229794253587835,1.1075753104305401,0.00011086584942878945,0.03518759272671661,0,106.8409478578529,83.33333333333333
========
0.09289658791250134,0.09229794253587835,1.1075753104305401,0.00011086584942878945,0.03518759272671661,0,0.6950812180626477,0.0
>>>>>>>> devP:features/15/87ededb6-9f75-4336-a4c9-6b763ef8c4c4-o4p1.csv
