RMS,MAV,IEMG,VAR,WL,WAMP,FMN,FMD
0.03657721664042036,0.02837736680241361,165.01438795603514,0.0008061166586714512,47.47334949721241,1721,-1.8687886107821166,0.0
