RMS,MAV,IEMG,VAR,WL,WAMP,FMN,FMD
<<<<<<<< HEAD:features/15/c4e0bc11-f6f2-4b89-8730-2bd0ef3617de-o11p6.csv
0.14392633921434927,0.10860491406156594,547.9117914406002,0.02062532562913541,213.7336734279844,3927,60.41963104207723,58.47373637264619
========
0.14392633921434927,0.10860491406156594,547.9117914406002,0.02062532562913541,213.7336734279844,3927,59.89998046971449,58.47373637264619
>>>>>>>> devP:features/15/8bd7a719-2254-490b-86f4-36dee55ef1be-o11p6.csv
