RMS,MAV,IEMG,VAR,WL,WAMP,FMN,FMD
<<<<<<<< HEAD:features/15/798cfe21-eef6-4c72-8636-900ae726186b-o5p6.csv
0.04854568004715916,0.03780935648963463,210.8249717862027,0.0016999545775431796,66.86136617861592,2586,60.30812502315071,60.07890961262553
========
0.04854568004715916,0.03780935648963463,210.8249717862027,0.0016999545775431796,66.86136617861592,2586,34.02159748711188,36.22668579626973
>>>>>>>> devP:features/15/8c75612d-bd43-4d41-b3b6-cd6a31e7271d-o5p6.csv
