RMS,MAV,IEMG,VAR,WL,WAMP,FMN,FMD
<<<<<<<< HEAD:features/15/8d66a393-669e-4ebe-97ba-8a758b368414-o9p3.csv
0.02565118444620312,0.02011171128084399,46.337382791064556,0.0005775476764343936,17.832245586393476,662,63.30664160770078,61.631944444444436
========
0.02565118444620312,0.02011171128084399,46.337382791064556,0.0005775476764343936,17.832245586393476,662,49.514722924881056,52.08333333333333
>>>>>>>> devP:features/15/97e4ae1f-de83-478b-971e-44c95bf1e2ff-o9p3.csv
