RMS,MAV,IEMG,VAR,WL,WAMP,FMN,FMD
<<<<<<<< HEAD:features/15/54201583-1362-4dec-8fd9-8b73de551ed7-o10p6.csv
0.0873267281196695,0.06405518350188366,353.00811627888083,0.00653472829659107,124.50346866888947,3441,61.06270687921192,60.24315006350934
========
0.0873267281196695,0.06405518350188366,353.00811627888083,0.00653472829659107,124.50346866888947,3441,45.77488325136375,52.44057339865723
>>>>>>>> devP:features/15/8ded0934-8005-40a5-9e30-98672db2cbf5-o10p6.csv
