RMS,MAV,IEMG,VAR,WL,WAMP,FMN,FMD
0.12299971430718426,0.09549417876456746,590.4405073013206,0.013453958926351808,215.24144091173233,4637,11.092743316699934,0.0
