RMS,MAV,IEMG,VAR,WL,WAMP,FMN,FMD
<<<<<<<< HEAD:features/15/35c3fe23-b609-408b-b0d2-aba6c90a5478-o6p6.csv
0.05378592607796053,0.03963442724106454,221.79425484099718,0.0027599327937405417,90.4245040840071,3142,64.39007205812509,64.1529664045747
========
0.05378592607796053,0.03963442724106454,221.79425484099718,0.0027599327937405417,90.4245040840071,3142,58.73001816351364,60.757684060042884
>>>>>>>> devP:features/15/901586ef-6db5-421d-9d20-8163220dd400-o6p6.csv
