RMS,MAV,IEMG,VAR,WL,WAMP,FMN,FMD
0.0510601442242696,0.046490748683298805,0.7438519789327809,0.0014793902979105657,0.17026105412087444,7,32.82501727145901,0.0
