RMS,MAV,IEMG,VAR,WL,WAMP,FMN,FMD
<<<<<<<< HEAD:features/15/66e2b0d4-4e5c-42b7-a6b6-87f20e85390e-o4p6.csv
0.0510601442242696,0.046490748683298805,0.7438519789327809,0.0014793902979105657,0.17026105412087444,7,82.74303991496767,62.5
========
0.0510601442242696,0.046490748683298805,0.7438519789327809,0.0014793902979105657,0.17026105412087444,7,32.82501727145901,0.0
>>>>>>>> devP:features/15/946a8be8-67e7-4103-9791-120cd62d602a-o4p6.csv
