RMS,MAV,IEMG,VAR,WL,WAMP,FMN,FMD
0.14392633921434927,0.10860491406156594,547.9117914406002,0.02062532562913541,213.7336734279844,3927,49.408470122217,0.0
