RMS,MAV,IEMG,VAR,WL,WAMP,FMN,FMD
0.02565118444620312,0.02011171128084399,46.337382791064556,0.0005775476764343936,17.832245586393476,662,49.514722924881056,52.08333333333333
