RMS,MAV,IEMG,VAR,WL,WAMP,FMN,FMD
<<<<<<<< HEAD:features/15/f8c4ebad-e1d9-458e-a2a8-3a64d2b65b8c-o3p3.csv
0.07582200024299857,0.05129792494485297,303.17073642408104,0.005512979188254777,121.40547341250118,3593,65.66150306118597,65.48223350253807
========
0.07582200024299857,0.05129792494485297,303.17073642408104,0.005512979188254777,121.40547341250118,3593,60.483237922205355,64.29780033840947
>>>>>>>> devP:features/15/9ac77fcb-5325-4939-9482-23097bec0643-o3p3.csv
