RMS,MAV,IEMG,VAR,WL,WAMP,FMN,FMD
0.07582200024299857,0.05129792494485297,303.17073642408104,0.005512979188254777,121.40547341250118,3593,60.483237922205355,64.29780033840947
