RMS,MAV,IEMG,VAR,WL,WAMP,FMN,FMD
<<<<<<<< HEAD:features/15/46b64707-4370-4b20-b748-640519ffc137-o7p2.csv
0.07668760677191333,0.060898975636932653,355.58911874404976,0.0038356436654649784,113.2499031667437,3658,64.08901282764037,64.0520637095393
========
0.07668760677191333,0.060898975636932653,355.58911874404976,0.0038356436654649784,113.2499031667437,3658,31.013404644982185,0.0
>>>>>>>> devP:features/15/9b0d1aa8-c545-406e-b043-daea937127b1-o7p2.csv
