RMS,MAV,IEMG,VAR,WL,WAMP,FMN,FMD
0.08222164747547765,0.0641613792069187,364.6932794121259,0.004558700203660864,115.25315184341673,3629,63.713895057395604,63.33567909922589
