RMS,MAV,IEMG,VAR,WL,WAMP,FMN,FMD
<<<<<<<< HEAD:features/15/9bb23573-7013-4a44-864d-fd62d1ae9584-o6p4.csv
0.08222164747547765,0.0641613792069187,364.6932794121259,0.004558700203660864,115.25315184341673,3629,63.713895057395604,63.33567909922589
========
0.08222164747547765,0.0641613792069187,364.6932794121259,0.004558700203660864,115.25315184341673,3629,32.408988936714,24.278676988036594
>>>>>>>> devP:features/15/692864a7-0abe-4ecd-9048-c0cf1b23819e-o6p4.csv
