RMS,MAV,IEMG,VAR,WL,WAMP,FMN,FMD
<<<<<<<< HEAD:features/15/d0c8d132-7113-4036-8899-bbe85c8fd6bb-o4p3.csv
0.10036557659155848,0.09953940696954713,507.65097554469037,0.00016515542470686364,19.98503517767644,322,61.59206341167685,60.58823529411764
========
0.10036557659155848,0.09953940696954713,507.65097554469037,0.00016515542470686364,19.98503517767644,322,0.5090880956347545,0.0
>>>>>>>> devP:features/15/9d4e9c09-44ab-448a-9e21-5e4aec4b645b-o4p3.csv
