RMS,MAV,IEMG,VAR,WL,WAMP,FMN,FMD
0.10036557659155848,0.09953940696954713,507.65097554469037,0.00016515542470686364,19.98503517767644,322,0.5090880956347545,0.0
