RMS,MAV,IEMG,VAR,WL,WAMP,FMN,FMD
<<<<<<<< HEAD:features/15/d977458b-8cb1-4166-8d95-3667c75ef450-o2p1.csv
0.09569239934214162,0.09270667695788551,298.6082064813492,0.0005625073392821698,26.559714791124918,1029,69.66520681753282,73.57963365414467
========
0.09569239934214162,0.09270667695788551,298.6082064813492,0.0005625073392821698,26.559714791124918,1029,2.2075346034535412,0.0
>>>>>>>> devP:features/15/9dd10ddc-988e-4667-bd94-3ae8ebb9f524-o2p1.csv
