RMS,MAV,IEMG,VAR,WL,WAMP,FMN,FMD
<<<<<<<< HEAD:features/15/4acead83-9176-4c2c-9d65-663ffd4dcab6-o8p6.csv
0.033428050719686866,0.02542340568351321,134.03219476348164,0.0010881627045122209,53.54262810230048,2184,62.59197858987311,60.69802731411229
========
0.033428050719686866,0.02542340568351321,134.03219476348164,0.0010881627045122209,53.54262810230048,2184,59.396419190269285,58.611532625189675
>>>>>>>> devP:features/15/a00648b1-879e-44c0-89d2-1599718ec6c4-o8p6.csv
