RMS,MAV,IEMG,VAR,WL,WAMP,FMN,FMD
<<<<<<<< HEAD:features/15/d77a00a5-d076-4700-9b6d-73ee274018a6-o5p2.csv
0.049475735635820035,0.04571913877395222,268.3256254643256,0.000384545672266264,33.057914356980376,1029,59.541707385476265,57.761117737263596
========
0.049475735635820035,0.04571913877395222,268.3256254643256,0.000384545672266264,33.057914356980376,1029,5.07553506334256,0.0
>>>>>>>> devP:features/15/a1b29fe4-4f9c-46b2-abb0-321ad8225b67-o5p2.csv
