RMS,MAV,IEMG,VAR,WL,WAMP,FMN,FMD
0.09549503321381275,0.049846263606140855,75.1681655180604,0.00894094933922152,29.66489024584456,735,26.249295168331994,0.0
