RMS,MAV,IEMG,VAR,WL,WAMP,FMN,FMD
0.02565118444620312,0.02011171128084399,46.337382791064556,0.0005775476764343936,17.832245586393476,662,14.310396837616587,0.0
