RMS,MAV,IEMG,VAR,WL,WAMP,FMN,FMD
0.13309202860143968,0.11612981814603182,688.9982110604068,0.004965681186771044,124.74472272765281,3853,9.944321291982972,0.0
