RMS,MAV,IEMG,VAR,WL,WAMP,FMN,FMD
<<<<<<<< HEAD:features/15/f428a9da-20f2-4970-8332-ec71aece147e-o5p4.csv
0.1441252355591441,0.13176036845207606,708.7390219037171,0.0038858843131857053,97.61445708287519,3274,59.52089734154138,58.00334634690463
========
0.1441252355591441,0.13176036845207606,708.7390219037171,0.0038858843131857053,97.61445708287519,3274,6.141844621618535,0.0
>>>>>>>> devP:features/15/aa659737-76da-4b47-b055-add48c360864-o5p4.csv
