RMS,MAV,IEMG,VAR,WL,WAMP,FMN,FMD
0.07673824994283437,0.061359890620200405,340.54739294211225,0.0037604991737448844,105.04506832175014,3509,62.021227529660116,60.54054054054055
