RMS,MAV,IEMG,VAR,WL,WAMP,FMN,FMD
<<<<<<<< HEAD:features/15/ca3074b2-4c85-435a-bcad-7fbb4863b4d1-o7p4.csv
0.07468887964609461,0.0637827305510577,335.4333799680124,0.0020054767183072934,69.2149117329597,2556,62.55762658421383,59.8973188819167
========
0.07468887964609461,0.0637827305510577,335.4333799680124,0.0020054767183072934,69.2149117329597,2556,13.709173168261017,0.0
>>>>>>>> devP:features/15/ac8597d4-90ae-4a74-9fd6-3fee61f72021-o7p4.csv
