RMS,MAV,IEMG,VAR,WL,WAMP,FMN,FMD
0.033428050719686866,0.02542340568351321,134.03219476348164,0.0010881627045122209,53.54262810230048,2184,58.63551692553938,0.0
