RMS,MAV,IEMG,VAR,WL,WAMP,FMN,FMD
0.06528938946562783,0.057744090041354466,339.4775053531229,0.0010597269567671403,58.94226588605967,2371,8.80768893760001,0.0
