RMS,MAV,IEMG,VAR,WL,WAMP,FMN,FMD
<<<<<<<< HEAD:features/15/f1f6c8fd-40c6-4482-8aed-536a5db3546e-o7p3.csv
0.06528938946562783,0.057744090041354466,339.4775053531229,0.0010597269567671403,58.94226588605967,2371,62.04938220511579,59.36383738731076
========
0.06528938946562783,0.057744090041354466,339.4775053531229,0.0010597269567671403,58.94226588605967,2371,8.80768893760001,0.0
>>>>>>>> devP:features/15/b05e17bb-fb16-4b76-9892-17fa2afe7f2b-o7p3.csv
