RMS,MAV,IEMG,VAR,WL,WAMP,FMN,FMD
0.1310711047592618,0.12887981847578278,715.1541127221187,0.0005696268924626647,43.63854696885211,1626,65.72623407824973,65.23697963597044
