RMS,MAV,IEMG,VAR,WL,WAMP,FMN,FMD
<<<<<<<< HEAD:features/15/b98af84a-44a1-4f5a-9755-30d498b3c244-o4p2.csv
0.1310711047592618,0.12887981847578278,715.1541127221187,0.0005696268924626647,43.63854696885211,1626,65.72623407824973,65.23697963597044
========
0.1310711047592618,0.12887981847578278,715.1541127221187,0.0005696268924626647,43.63854696885211,1626,1.108015004890539,0.0
>>>>>>>> devP:features/15/c012a939-7ef5-4fca-922d-47b91e332a32-o4p2.csv
