RMS,MAV,IEMG,VAR,WL,WAMP,FMN,FMD
0.11838718114873593,0.08869167030496748,482.837453140243,0.011333594400181115,171.62739296466805,3855,6.075852463595336,50.146950771491554
