RMS,MAV,IEMG,VAR,WL,WAMP,FMN,FMD
0.1098393539007916,0.08160946210460736,463.54174475416977,0.011715793031175684,192.73537825056906,4220,62.16558719038555,64.43661971830987
