RMS,MAV,IEMG,VAR,WL,WAMP,FMN,FMD
<<<<<<<< HEAD:features/15/5a439d9e-5416-41a2-911a-d5b28b036d40-o1p2.csv
0.1098393539007916,0.08160946210460736,463.54174475416977,0.011715793031175684,192.73537825056906,4220,65.8681092546955,65.3169014084507
========
0.1098393539007916,0.08160946210460736,463.54174475416977,0.011715793031175684,192.73537825056906,4220,62.16558719038555,64.43661971830987
>>>>>>>> devP:features/15/c36b3fcc-664a-4f6c-a869-1fabb952d5d3-o1p2.csv
