RMS,MAV,IEMG,VAR,WL,WAMP,FMN,FMD
0.04247956595576193,0.032029193402420164,169.1781995515833,0.0017434902572723123,70.27851334433103,2657,67.18364359746417,68.72396819386596
