RMS,MAV,IEMG,VAR,WL,WAMP,FMN,FMD
0.07468887964609461,0.0637827305510577,335.4333799680124,0.0020054767183072934,69.2149117329597,2556,62.55762658421383,59.8973188819167
