RMS,MAV,IEMG,VAR,WL,WAMP,FMN,FMD
0.11699848187112005,0.10675730811008961,537.7365609505214,0.002384068416360766,79.82060528455257,2940,6.069726591395056,0.0
