RMS,MAV,IEMG,VAR,WL,WAMP,FMN,FMD
<<<<<<<< HEAD:features/15/4eb3db68-995d-4434-b313-f9809b45ea57-o7p1.csv
0.11699848187112005,0.10675730811008961,537.7365609505214,0.002384068416360766,79.82060528455257,2940,63.631571014529655,63.72840976771889
========
0.11699848187112005,0.10675730811008961,537.7365609505214,0.002384068416360766,79.82060528455257,2940,6.069726591395056,0.0
>>>>>>>> devP:features/15/ccc62449-894a-41f7-8fb0-8c1ad2c0a180-o7p1.csv
