RMS,MAV,IEMG,VAR,WL,WAMP,FMN,FMD
0.07049394558973239,0.06389692723415326,368.6213732138301,0.0010418250679960202,57.76737443485477,2335,-0.16436700721866654,0.0
