RMS,MAV,IEMG,VAR,WL,WAMP,FMN,FMD
0.08649075575125498,0.06590717663412193,447.6415436989562,0.006767562843015976,160.47792645002556,4486,50.22725702086411,53.445229681978795
