RMS,MAV,IEMG,VAR,WL,WAMP,FMN,FMD
<<<<<<<< HEAD:features/15/71632110-cc11-4434-a8a4-11087e7580b2-o1p4.csv
0.18920050386970047,0.1590737719029743,904.8116145841178,0.018726883092610502,229.33945906170058,4328,62.52007495694998,61.88466947960619
========
0.18920050386970047,0.1590737719029743,904.8116145841178,0.018726883092610502,229.33945906170058,4328,22.14634946822583,0.0
>>>>>>>> devP:features/15/d3abb4bb-3190-4db5-ab5c-b999ec1bd7ce-o1p4.csv
