RMS,MAV,IEMG,VAR,WL,WAMP,FMN,FMD
<<<<<<<< HEAD:features/15/c3280e2a-a6a2-4502-bba9-dcf1bb049e40-o6p5.csv
0.11328921030972872,0.08704759960128892,491.0355093508708,0.009714244813851849,165.0029259120842,4006,63.15204553350537,63.109377769898956
========
0.11328921030972872,0.08704759960128892,491.0355093508708,0.009714244813851849,165.0029259120842,4006,38.451147636120695,43.78656266619394
>>>>>>>> devP:features/15/d5295aeb-64a7-484c-8e6b-6124c02f2008-o6p5.csv
