RMS,MAV,IEMG,VAR,WL,WAMP,FMN,FMD
0.11328921030972872,0.08704759960128892,491.0355093508708,0.009714244813851849,165.0029259120842,4006,38.451147636120695,43.78656266619394
