RMS,MAV,IEMG,VAR,WL,WAMP,FMN,FMD
0.08623878540046571,0.06107452894014929,339.8797535519308,0.006263152092439784,117.5398828000987,3277,2.393072801869198,50.13477088948787
