RMS,MAV,IEMG,VAR,WL,WAMP,FMN,FMD
<<<<<<<< HEAD:features/15/d6b8e099-c396-477d-a3dd-d39713443f8f-o11p2.csv
0.11425221195211538,0.0899076259878366,581.5225248893271,0.00921591189438182,159.9851907463235,4174,56.97862447005272,56.277056277056275
========
0.11425221195211538,0.0899076259878366,581.5225248893271,0.00921591189438182,159.9851907463235,4174,31.087740342728356,32.467532467532465
>>>>>>>> devP:features/15/11807ad8-4025-421d-998a-6b73cc3ddcd2-o11p2.csv
