RMS,MAV,IEMG,VAR,WL,WAMP,FMN,FMD
<<<<<<<< HEAD:features/15/45df6a3f-5259-439b-9ab1-712c6c415d04-o3p2.csv
0.08700102984735587,0.05624794884227099,317.0696876238816,0.007559358950628334,132.0072566479823,3596,65.39312018320365,63.68635799183963
========
0.08700102984735587,0.05624794884227099,317.0696876238816,0.007559358950628334,132.0072566479823,3596,65.22365813402867,63.68635799183963
>>>>>>>> devP:features/15/d6fc47c2-f194-48e8-b21b-3a7735417776-o3p2.csv
