RMS,MAV,IEMG,VAR,WL,WAMP,FMN,FMD
0.09569239934214162,0.09270667695788551,298.6082064813492,0.0005625073392821698,26.559714791124918,1029,69.66520681753282,73.57963365414467
