RMS,MAV,IEMG,VAR,WL,WAMP,FMN,FMD
<<<<<<<< HEAD:features/15/88607b63-6a23-413f-84c1-6d0ad470b1e2-o8p2.csv
0.16557321205919553,0.14613152309459,790.4254084186373,0.007183376389647193,131.5967602311651,3608,59.45173334551696,58.23627287853578
========
0.16557321205919553,0.14613152309459,790.4254084186373,0.007183376389647193,131.5967602311651,3608,8.963349632326508,0.0
>>>>>>>> devP:features/15/db341f1e-cda2-4d20-9b42-9322b47a262d-o8p2.csv
