RMS,MAV,IEMG,VAR,WL,WAMP,FMN,FMD
<<<<<<<< HEAD:features/15/c3ab636f-3aee-4ea8-9140-91a2341fd0bc-o7p5.csv
0.08623878540046571,0.06107452894014929,339.8797535519308,0.006263152092439784,117.5398828000987,3277,62.23973234161172,60.37735849056604
========
0.08623878540046571,0.06107452894014929,339.8797535519308,0.006263152092439784,117.5398828000987,3277,45.26909723931649,50.13477088948787
>>>>>>>> devP:features/15/df0802ea-c531-48b9-bbea-891f6749cfd3-o7p5.csv
