RMS,MAV,IEMG,VAR,WL,WAMP,FMN,FMD
0.11425221195211538,0.0899076259878366,581.5225248893271,0.00921591189438182,159.9851907463235,4174,-4.489291033186516,0.0
