RMS,MAV,IEMG,VAR,WL,WAMP,FMN,FMD
<<<<<<<< HEAD:features/15/0cf0c71b-7e65-4532-b9b6-1728f60840f1-o8p3.csv
0.09650941182340751,0.07978896212327966,462.2174575801591,0.0042371212080996815,110.55463201665593,3562,60.29358952897608,57.65579147246677
========
0.09650941182340751,0.07978896212327966,462.2174575801591,0.0042371212080996815,110.55463201665593,3562,17.752139189157923,0.0
>>>>>>>> devP:features/15/e39049ad-20e2-45fe-bc16-0e2e679ec14b-o8p3.csv
