RMS,MAV,IEMG,VAR,WL,WAMP,FMN,FMD
<<<<<<<< HEAD:features/15/d300e0cb-72db-4022-aa83-20aa2553bca1-o10p1.csv
0.18475258718414336,0.16747331605239957,874.5456564256306,0.008256773349345535,129.819942731256,3431,59.51848171884535,57.44925315970892
========
0.18475258718414336,0.16747331605239957,874.5456564256306,0.008256773349345535,129.819942731256,3431,8.189109542626893,0.0
>>>>>>>> devP:features/15/e59258d0-a29f-4c9f-8de4-44d2573b94a2-o10p1.csv
