RMS,MAV,IEMG,VAR,WL,WAMP,FMN,FMD
0.09567140748390413,0.07028243466487767,422.1163025972553,0.009142156094327765,181.96686921913903,4263,61.576626092409875,76.09057609057609
