RMS,MAV,IEMG,VAR,WL,WAMP,FMN,FMD
<<<<<<<< HEAD:features/15/e6dd53e3-80ac-483e-a11b-373c8823bbd3-o7p6.csv
0.11364171659170874,0.08866289756956768,525.3276680996885,0.008558809755108282,164.4128037468393,4095,63.10295959487642,61.265822784810126
========
0.11364171659170874,0.08866289756956768,525.3276680996885,0.008558809755108282,164.4128037468393,4095,31.27296149583857,0.0
>>>>>>>> devP:features/15/ec9b2d00-f6a0-4f00-ab7a-457faf9009b1-o7p6.csv
