RMS,MAV,IEMG,VAR,WL,WAMP,FMN,FMD
0.11364171659170874,0.08866289756956768,525.3276680996885,0.008558809755108282,164.4128037468393,4095,63.10295959487642,61.265822784810126
