RMS,MAV,IEMG,VAR,WL,WAMP,FMN,FMD
<<<<<<<< HEAD:features/15/69dc6ecb-520c-41f3-bf9b-0ba8619e3729-o4p5.csv
0.16678865526949146,0.16528555330277384,662.6297831908203,0.0004991413960011645,28.075635597730713,937,65.65448905588558,66.10127213769019
========
0.16678865526949146,0.16528555330277384,662.6297831908203,0.0004991413960011645,28.075635597730713,937,0.5943452831849004,0.0
>>>>>>>> devP:features/15/e78923b2-47fc-4e8f-870d-1a8c68864133-o4p5.csv
