RMS,MAV,IEMG,VAR,WL,WAMP,FMN,FMD
<<<<<<<< HEAD:features/15/efdcb19c-575f-4120-8846-01d85a905f5c-o8p4.csv
0.05254412404670313,0.04093096290241859,218.6122728618177,0.0021968814394861267,77.87405387207689,2914,63.928499874439865,64.59464519752855
========
0.05254412404670313,0.04093096290241859,218.6122728618177,0.0021968814394861267,77.87405387207689,2914,42.2400133573182,46.80771391125258
>>>>>>>> devP:features/15/6fd777e0-9d4a-4088-b412-8465ec70067d-o8p4.csv
