RMS,MAV,IEMG,VAR,WL,WAMP,FMN,FMD
0.18475258718414336,0.16747331605239957,874.5456564256306,0.008256773349345535,129.819942731256,3431,0.4692719765139952,0.0
