RMS,MAV,IEMG,VAR,WL,WAMP,FMN,FMD
0.05721226906653026,0.041753057336456664,231.18667847196056,0.0032662648789750386,90.42242245607873,3045,60.07681775017991,58.515441574860034
