RMS,MAV,IEMG,VAR,WL,WAMP,FMN,FMD
0.1441252355591441,0.13176036845207606,708.7390219037171,0.0038858843131857053,97.61445708287519,3274,59.52089734154138,58.00334634690463
