RMS,MAV,IEMG,VAR,WL,WAMP,FMN,FMD
0.16950565146955285,0.14954926791114795,806.668751112732,0.007677436773076205,137.56779896050705,3742,-0.2352090592006513,0.0
