RMS,MAV,IEMG,VAR,WL,WAMP,FMN,FMD
0.04854568004715916,0.03780935648963463,210.8249717862027,0.0016999545775431796,66.86136617861592,2586,3.176887327629438,36.22668579626973
