RMS,MAV,IEMG,VAR,WL,WAMP,FMN,FMD
<<<<<<<< HEAD:features/15/fdc3a349-f2bf-4a36-96db-16561239042b-o5p1.csv
0.04117111032774951,0.035647343266262656,217.48444126746847,0.0006174578115760381,42.64110125754413,1561,58.41986683055794,56.22029175544993
========
0.04117111032774951,0.035647343266262656,217.48444126746847,0.0006174578115760381,42.64110125754413,1561,13.009805090524054,0.0
>>>>>>>> devP:features/15/29d7bb88-8640-4c47-9985-fbc87dee616d-o5p1.csv
