RMS,MAV,IEMG,VAR,WL,WAMP,FMN,FMD
<<<<<<<< HEAD:features/15/1cf6b42b-a84d-4e47-bdb8-f9554b251fa4-o11p5.csv
0.12299971430718426,0.09549417876456746,590.4405073013206,0.013453958926351808,215.24144091173233,4637,61.758488546188396,60.973637392851366
========
0.12299971430718426,0.09549417876456746,590.4405073013206,0.013453958926351808,215.24144091173233,4637,49.446625062666094,54.01908458677018
>>>>>>>> devP:features/15/fdfd6a3c-bf42-4c4e-b021-bfdec5264fda-o11p5.csv
