{"window_size": 600, "threshold": 0.002, "cutoff": 100, "segments": [[10.866, 15.571], [25.797, 31.539], [40.603, 47.899], [55.900999999999996, 62.342999999999996], [70.682, 77.462], [86.188, 92.581], [101.024, 107.551], [115.989, 121.96000000000001], [130.928, 137.69], [146.18900000000002, 151.615], [161.26500000000001, 166.747], [176.26600000000002, 181.80800000000002], [191.662, 191.916], [206.65900000000002, 211.666], [221.739, 226.775], [236.554, 242.674], [251.51600000000002, 256.757], [266.476, 272.537]]}