RMS,MAV,IEMG,VAR,WL,WAMP,FMN,FMD
0.08841780094476176,0.07296718792589593,450.5723854424074,0.003479849231112607,108.60866635729764,3754,1.4886730385232,0.0
