RMS,MAV,IEMG,VAR,WL,WAMP,FMN,FMD
0.10115442988657113,0.09950707558899753,666.5978993706944,0.00033075971591370226,36.90957774974704,1131,62.755906781525084,62.695924764890286
