RMS,MAV,IEMG,VAR,WL,WAMP,FMN,FMD
<<<<<<<< HEAD:features/18/64dca6e9-cfad-4ec9-98e9-1feacb012043-o7p3.csv
0.07681437258621716,0.06384177637528478,412.73708426621613,0.0026989833520365066,101.1978465168248,3544,62.37350472704311,60.78886310904873
========
0.07681437258621716,0.06384177637528478,412.73708426621613,0.0026989833520365066,101.1978465168248,3544,18.495569387555708,0.0
>>>>>>>> devP:features/18/03837803-2f9c-494b-a102-6c3775b43783-o7p3.csv
