RMS,MAV,IEMG,VAR,WL,WAMP,FMN,FMD
0.092729639954589,0.05809641059722081,91.2694610482339,0.008417866505623869,34.69136274794101,733,15.531356367046744,28.007638446849143
