RMS,MAV,IEMG,VAR,WL,WAMP,FMN,FMD
<<<<<<<< HEAD:features/18/f0be5c0a-e565-4838-b504-92490444f573-o7p4.csv
0.09560204234806191,0.0707768908271678,557.4387921547736,0.005578779696522905,134.744870853526,4294,60.2058978106942,55.23108176739461
========
0.09560204234806191,0.0707768908271678,557.4387921547736,0.005578779696522905,134.744870853526,4294,26.4453832982267,0.0
>>>>>>>> devP:features/18/048b2169-a679-4d78-8fe4-7de2770daf4b-o7p4.csv
