RMS,MAV,IEMG,VAR,WL,WAMP,FMN,FMD
0.07438385749185394,0.05760353174763225,373.44369631989986,0.0037684614105424116,96.36841239145694,2916,1.3329227824306302,0.0
