RMS,MAV,SSI,IEMG,VAR,WL,WAMP
0.004235276088823787,0.0032325601328237713,0.002690634532284378,0.4848840199235657,1.7894636135658166e-05,0.18880182290347258,66
0.0035756720314480393,0.002642369534083933,0.001917814571471962,0.39635543011259,1.2615511789067155e-05,0.17444218583585447,69
0.002763173130522296,0.0020544054255134483,0.0011452688623860578,0.30816081382701727,7.4515537084056264e-06,0.1198821202480978,69
0.0031994280211146042,0.0023955212337530046,0.001535450949343997,0.3593281850629507,9.896497463973436e-06,0.15035158721507402,75
