RMS,MAV,IEMG,VAR,WL,WAMP,FMN,FMD
0.05347035528783619,0.03982172220565227,246.21770839754797,0.0022000783028881957,76.25622950986937,2905,35.89871333379641,40.756914119359536
