RMS,MAV,IEMG,VAR,WL,WAMP,FMN,FMD
<<<<<<<< HEAD:features/18/6a0c3a64-6f63-4c90-9fc6-2748594eb565-o5p6.csv
0.05347035528783619,0.03982172220565227,246.21770839754797,0.0022000783028881957,76.25622950986937,2905,57.40456001013927,54.01908458677018
========
0.05347035528783619,0.03982172220565227,246.21770839754797,0.0022000783028881957,76.25622950986937,2905,35.89871333379641,40.756914119359536
>>>>>>>> devP:features/18/12c4d883-5270-42df-9b8d-4e397ee50343-o5p6.csv
