RMS,MAV,IEMG,VAR,WL,WAMP,FMN,FMD
<<<<<<<< HEAD:features/18/53070385-1967-46fe-8499-17ace5832a6c-o8p4.csv
0.07085264007081954,0.042993482546512606,71.19720709702487,0.004469581801428125,25.69027404964209,696,65.13478001797358,64.00966183574879
========
0.07085264007081954,0.042993482546512606,71.19720709702487,0.004469581801428125,25.69027404964209,696,52.26091114060534,54.347826086956516
>>>>>>>> devP:features/18/13067bb7-d101-4057-bc98-688c4b929726-o8p4.csv
