RMS,MAV,IEMG,VAR,WL,WAMP,FMN,FMD
<<<<<<<< HEAD:features/18/237a870d-1f6f-4a01-bd73-115866228322-o8p3.csv
0.10457314367492063,0.08431684464228209,175.12608632201992,0.005874771393040723,44.93941937813343,1222,64.09877343467348,64.99759268175254
========
0.10457314367492063,0.08431684464228209,175.12608632201992,0.005874771393040723,44.93941937813343,1222,23.540776674978645,0.0
>>>>>>>> devP:features/18/14933a80-8357-4f11-b67f-a0e37167f2b0-o8p3.csv
