RMS,MAV,IEMG,VAR,WL,WAMP,FMN,FMD
<<<<<<<< HEAD:features/18/5b96d243-50e7-453b-b518-7b307a13f745-o7p2.csv
0.0681463788524556,0.05570272337951192,330.0386360236081,0.0026059308034046347,94.75267466808225,3332,64.37010213746372,61.60337552742616
========
0.0681463788524556,0.05570272337951192,330.0386360236081,0.0026059308034046347,94.75267466808225,3332,25.10413979651513,0.0
>>>>>>>> devP:features/18/198e0655-4860-4e7a-90d2-af11f90cacd9-o7p2.csv
