RMS,MAV,IEMG,VAR,WL,WAMP,FMN,FMD
0.0679496378810456,0.06377430185166708,435.70603025058944,0.0006930016255087027,44.73439697981584,1302,61.43461847985085,60.59718969555035
