RMS,MAV,SSI,IEMG,VAR,WL,WAMP
0.010382129309422861,0.007069712060939504,0.01616829134963658,1.0604568091409257,0.00010730388630663067,0.4085462324228372,70
0.004863784466773135,0.00396712010962013,0.003548459900883545,0.5950680164430195,2.3243840132344404e-05,0.26590326510777146,79
0.007330307781654565,0.0053529834178157164,0.00806001182606782,0.8029475126723574,5.333153738681514e-05,0.34848090544887855,75
0.005555852179881876,0.0035052823059008196,0.004630124016704728,0.5257923458851229,3.035865249359904e-05,0.1939345157771844,72
0.003270434998888634,0.0026555220633080385,0.001604361762293355,0.3983283094962058,1.061124076017523e-05,0.1312123078771392,73
0.004542560440909643,0.0035622196257404865,0.0030952283038975814,0.534332943861073,2.0528821362893285e-05,0.2217351066936032,75
0.0031112531984665874,0.002534445277868105,0.0014519844697452856,0.3801667916802158,9.315326984006762e-06,0.1631105395082089,75
0.0037453006112877275,0.0030239041790689914,0.002104091500336834,0.4535856268603487,1.3744797963546127e-05,0.2202253819977702,76
0.0037739914339316935,0.0029756002614354914,0.00213645170150847,0.4463400392153237,1.4051787832629012e-05,0.1783601790107369,73
