RMS,MAV,IEMG,VAR,WL,WAMP,FMN,FMD
<<<<<<<< HEAD:features/18/dfb20dc3-335b-42f8-97e7-0fd9c9d57932-o11p2.csv
0.12296913737071942,0.09319302782963683,603.6112412525578,0.011292093188233362,172.4921189506769,4361,56.812810949976004,52.64783078585765
========
0.12296913737071942,0.09319302782963683,603.6112412525578,0.011292093188233362,172.4921189506769,4361,33.85282510945985,35.04708970202254
>>>>>>>> devP:features/18/1cb29e12-5a91-4f20-870f-8f2495961590-o11p2.csv
