RMS,MAV,SSI,IEMG,VAR,WL,WAMP
0.0026010787563582527,0.0020505774751769933,0.0010148416045167293,0.307586621276549,6.440123805902379e-06,0.133749215931155,75
0.003362869340564862,0.002574034373743049,0.0016963335302566727,0.38610515606145734,1.1020908854184507e-05,0.16196995879737944,73
0.0039842024995455855,0.003148351136189499,0.002381080433607794,0.4722526704284249,1.5743502560411677e-05,0.18354648219821404,74
0.0047164887069215036,0.0037627765700207123,0.003336789858377711,0.5644164855031069,2.2056707224620884e-05,0.2430075933820407,72
0.0032995984321504525,0.0022409977477748275,0.0016331024720174587,0.3361496621662241,1.048370257350293e-05,0.1448950645961914,71
0.0022664261584976583,0.0017657534016230776,0.0007705031297883678,0.26486301024346165,4.845243299408755e-06,0.09118860283549941,76
0.0024300772152754547,0.0018743536960104527,0.0008857912908301362,0.2811530544015679,5.780925613800874e-06,0.11010060096311222,76
0.0018473194288633876,0.001443026839201952,0.0005118883608384229,0.2164540258802928,3.167428556343486e-06,0.09667916807689797,72
