RMS,MAV,IEMG,VAR,WL,WAMP,FMN,FMD
<<<<<<<< HEAD:features/18/3431d677-7b6e-4de1-b3f0-6747c3a793db-o8p6.csv
0.06014336886797992,0.03982494571680452,52.648578237615574,0.0035854739888477962,21.39441848619665,643,59.97515206553251,57.48865355521936
========
0.06014336886797992,0.03982494571680452,52.648578237615574,0.0035854739888477962,21.39441848619665,643,58.931428559412794,57.48865355521936
>>>>>>>> devP:features/18/1f868ef4-3efa-4b6e-a243-969c4cd21598-o8p6.csv
