RMS,MAV,IEMG,VAR,WL,WAMP,FMN,FMD
0.06014336886797992,0.03982494571680452,52.648578237615574,0.0035854739888477962,21.39441848619665,643,58.931428559412794,57.48865355521936
