RMS,MAV,IEMG,VAR,WL,WAMP,FMN,FMD
0.10457314367492063,0.08431684464228209,175.12608632201992,0.005874771393040723,44.93941937813343,1222,64.09877343467348,64.99759268175254
