RMS,MAV,IEMG,VAR,WL,WAMP,FMN,FMD
0.07008043566973685,0.04625186194453699,294.43935313892246,0.004901403720490973,123.1165710218592,3651,30.722461034838847,47.75369148601947
