RMS,MAV,IEMG,VAR,WL,WAMP,FMN,FMD
0.12187058260999281,0.11032457238205813,777.2366124315995,0.004154835895113491,110.7787780653196,3619,9.270435570546116,0.0
