RMS,MAV,IEMG,VAR,WL,WAMP,FMN,FMD
<<<<<<<< HEAD:features/18/30e6a7b8-e956-4c27-90df-45eee10b4adb-o10p3.csv
0.12187058260999281,0.11032457238205813,777.2366124315995,0.004154835895113491,110.7787780653196,3619,57.00827262232936,55.642299503193755
========
0.12187058260999281,0.11032457238205813,777.2366124315995,0.004154835895113491,110.7787780653196,3619,9.270435570546116,0.0
>>>>>>>> devP:features/18/2823938d-9475-44e4-8516-5b922a3eafde-o10p3.csv
