RMS,MAV,IEMG,VAR,WL,WAMP,FMN,FMD
<<<<<<<< HEAD:features/18/28f2046e-7285-4245-8fc3-db831ad246d4-o3p3.csv
0.06789182675624157,0.05271266200722399,319.0697431297268,0.0043751428834668815,124.50441845572074,3952,62.610190698291774,60.796299355691396
========
0.06789182675624157,0.05271266200722399,319.0697431297268,0.0043751428834668815,124.50441845572074,3952,56.55640337175889,58.8138113332232
>>>>>>>> devP:features/18/19d4cc34-ffcd-447e-96a9-c1874e18f8fe-o3p3.csv
