RMS,MAV,IEMG,VAR,WL,WAMP,FMN,FMD
<<<<<<<< HEAD:features/18/90113ed6-4507-4712-9ecc-b83a1b9b5348-o10p1.csv
0.16491339266191427,0.16125701978073714,1030.9161274582525,0.001306439234835615,54.26089111859319,1911,55.22074883353388,52.55748474894416
========
0.16491339266191427,0.16125701978073714,1030.9161274582525,0.001306439234835615,54.26089111859319,1911,1.3589644913267254,0.0
>>>>>>>> devP:features/18/2a7f4cfc-1eb2-4128-b005-7762cbfa0273-o10p1.csv
