RMS,MAV,IEMG,VAR,WL,WAMP,FMN,FMD
0.16491339266191427,0.16125701978073714,1030.9161274582525,0.001306439234835615,54.26089111859319,1911,1.3589644913267254,0.0
