RMS,MAV,IEMG,VAR,WL,WAMP,FMN,FMD
0.09543485816461333,0.09258010210962504,107.30033834505542,0.0005367368462712628,6.877521728049005,188,1.6401548072856535,0.0
