RMS,MAV,IEMG,VAR,WL,WAMP,FMN,FMD
<<<<<<<< HEAD:features/18/02985eed-1dce-4a2d-a7d1-7de9b0e6efdb-o2p1.csv
0.09543485816461333,0.09258010210962504,107.30033834505542,0.0005367368462712628,6.877521728049005,188,54.02295828140937,54.3572044866264
========
0.09543485816461333,0.09258010210962504,107.30033834505542,0.0005367368462712628,6.877521728049005,188,1.6401548072856535,0.0
>>>>>>>> devP:features/18/2be03ce0-b67e-4435-bdf8-ec5f747f7133-o2p1.csv
