RMS,MAV,IEMG,VAR,WL,WAMP,FMN,FMD
0.16353523860894673,0.14650180953912334,208.4720749741725,0.006393006234341604,27.037964781150915,701,-0.626996883678358,0.0
