RMS,MAV,IEMG,VAR,WL,WAMP,FMN,FMD
<<<<<<<< HEAD:features/18/817b390b-a3e8-4de0-b8a7-6754847da284-o9p6.csv
0.12576667781395648,0.12550062178004437,60.24029845442129,6.685118118179669e-05,1.015401206242394,4,67.7075444957733,62.50000000000001
========
0.12576667781395648,0.12550062178004437,60.24029845442129,6.685118118179669e-05,1.015401206242394,4,0.14339015060973392,0.0
>>>>>>>> devP:features/18/2f86248b-51a1-4b4a-b55e-b287d5db141d-o9p6.csv
