RMS,MAV,IEMG,VAR,WL,WAMP,FMN,FMD
<<<<<<<< HEAD:features/18/857f3dc9-16f6-4b3a-83f1-e29afb21c121-o6p2.csv
0.15924684853624288,0.146010660608976,821.601987246708,0.004317105117289141,109.9275778160214,3557,61.460620656387,60.600675315443404
========
0.15924684853624288,0.146010660608976,821.601987246708,0.004317105117289141,109.9275778160214,3557,5.718113204766353,0.0
>>>>>>>> devP:features/18/3272611d-297a-437e-9a6b-606459af04a2-o6p2.csv
