RMS,MAV,SSI,IEMG,VAR,WL,WAMP
0.007924133691560021,0.006587150581277495,0.009418784214257495,0.9880725871916242,6.201788407844377e-05,0.4259421033193599,82
0.00826798291710998,0.006579676217650521,0.010253931227643367,0.9869514326475782,6.831717080275653e-05,0.4333529215777956,71
0.006972367860191493,0.005240831508146534,0.007292087036674695,0.7861247262219802,4.8508283816705764e-05,0.32289658736613414,69
0.0059238661026095405,0.00410067599157015,0.005263828440246952,0.6151013987355224,3.49352092393841e-05,0.23515266940235557,74
0.003958827986173879,0.003198903894056217,0.0023508478536170305,0.4798355841084326,1.551335092831917e-05,0.17884808301977823,74
0.003699539826937944,0.0030262285816784777,0.0020529892396650047,0.45393428725177165,1.352711022206363e-05,0.1744704553205973,78
0.0028504223855757575,0.0023313297890278474,0.001218736166428709,0.34969946835417715,7.96075462407203e-06,0.1372290560245571,77
0.0034425472788588004,0.0026516702149964565,0.0017776697650767196,0.3977505322494685,1.1806819671754912e-05,0.14850483951413307,76
0.00398119306275387,0.0032994190978929577,0.0023774847304379306,0.49491286468394363,1.5648022742369704e-05,0.17383428101608941,76
