RMS,MAV,IEMG,VAR,WL,WAMP,FMN,FMD
0.046330319124414834,0.028236700954134743,209.82692479017527,0.002139742565770789,83.02079275518574,2894,47.67561925129775,57.32741219216795
