RMS,MAV,IEMG,VAR,WL,WAMP,FMN,FMD
<<<<<<<< HEAD:features/18/da88193d-83da-44a1-bc2b-0f5012d04edd-o3p1.csv
0.11697339698388953,0.10256581024278114,666.7803323883202,0.004135350757398551,126.7233115007197,4073,62.06749209732243,60.759883094908474
========
0.11697339698388953,0.10256581024278114,666.7803323883202,0.004135350757398551,126.7233115007197,4073,11.049015743345972,0.0
>>>>>>>> devP:features/18/355bea1b-5832-4fc2-8523-fbbb57f7f556-o3p1.csv
