RMS,MAV,IEMG,VAR,WL,WAMP,FMN,FMD
0.11697339698388953,0.10256581024278114,666.7803323883202,0.004135350757398551,126.7233115007197,4073,11.049015743345972,0.0
