RMS,MAV,IEMG,VAR,WL,WAMP,FMN,FMD
<<<<<<<< HEAD:features/18/1df045f8-c3cc-4c7a-9a1a-5b62f8ae347b-o8p1.csv
0.046330319124414834,0.028236700954134743,209.82692479017527,0.002139742565770789,83.02079275518574,2894,60.00441489792042,57.86569775265779
========
0.046330319124414834,0.028236700954134743,209.82692479017527,0.002139742565770789,83.02079275518574,2894,59.62788336000669,57.32741219216795
>>>>>>>> devP:features/18/3ab3f1d7-83cb-472e-ad78-d29b2a05581b-o8p1.csv
