RMS,MAV,IEMG,VAR,WL,WAMP,FMN,FMD
0.1307842256338403,0.115546006802634,794.3787967681087,0.004362175126482274,127.63849263104848,4123,57.49979170469508,53.67272727272727
