RMS,MAV,IEMG,VAR,WL,WAMP,FMN,FMD
<<<<<<<< HEAD:features/18/3fa1dce0-a9de-42f8-8812-fc426f12e55b-o6p1.csv
0.1307842256338403,0.115546006802634,794.3787967681087,0.004362175126482274,127.63849263104848,4123,57.49979170469508,53.67272727272727
========
0.1307842256338403,0.115546006802634,794.3787967681087,0.004362175126482274,127.63849263104848,4123,8.403705666505513,0.0
>>>>>>>> devP:features/18/facf12ef-2041-429d-87a6-d40978700d06-o6p1.csv
