RMS,MAV,IEMG,VAR,WL,WAMP,FMN,FMD
<<<<<<<< HEAD:features/18/3fe3ded2-aeda-4790-8d8c-4800e8c36a67-o11p6.csv
0.1102305482977242,0.07902826009422377,474.8017866460964,0.012060343042609967,192.5412682298237,4454,62.43562684557968,63.415446071904135
========
0.1102305482977242,0.07902826009422377,474.8017866460964,0.012060343042609967,192.5412682298237,4454,61.51315232976285,62.4167776298269
>>>>>>>> devP:features/18/2a980307-fec6-4bda-bf52-68358ec40527-o11p6.csv
