RMS,MAV,IEMG,VAR,WL,WAMP,FMN,FMD
0.1102305482977242,0.07902826009422377,474.8017866460964,0.012060343042609967,192.5412682298237,4454,62.43562684557968,63.415446071904135
