RMS,MAV,IEMG,VAR,WL,WAMP,FMN,FMD
<<<<<<<< HEAD:features/18/43ad0a12-2a2b-4f5e-b123-bc468647204c-o5p4.csv
0.14479523070288955,0.13236234256153082,854.9283706049275,0.004084821313440865,105.74896947919146,3589,59.40968522209842,57.748877535222164
========
0.14479523070288955,0.13236234256153082,854.9283706049275,0.004084821313440865,105.74896947919146,3589,6.412164184041321,0.0
>>>>>>>> devP:features/18/38d002c2-3d4a-41f8-830a-dcefa01d724f-o5p4.csv
