RMS,MAV,IEMG,VAR,WL,WAMP,FMN,FMD
0.14479523070288955,0.13236234256153082,854.9283706049275,0.004084821313440865,105.74896947919146,3589,59.40968522209842,57.748877535222164
