RMS,MAV,IEMG,VAR,WL,WAMP,FMN,FMD
0.03315636121619845,0.026820220170694947,185.40818204001417,0.0005663576253575666,44.67255434719292,1441,55.51321974292957,52.94372920584406
