RMS,MAV,IEMG,VAR,WL,WAMP,FMN,FMD
0.189322192243639,0.15918831458108568,1066.7208960078551,0.01878359261945112,253.3523897388847,4630,62.75208211824605,62.22951798239069
