RMS,MAV,IEMG,VAR,WL,WAMP,FMN,FMD
0.0898248781204705,0.08839849493852844,123.4042989341857,0.00025421482196034116,7.25512626418437,171,64.35941803769667,60.888252148997125
