RMS,MAV,IEMG,VAR,WL,WAMP,FMN,FMD
0.13726331963801586,0.10963631031472641,702.5494764967668,0.013739532615158203,203.94962906855463,4576,4.691856067630003,34.176029962546814
