RMS,MAV,IEMG,VAR,WL,WAMP,FMN,FMD
0.05449210094031302,0.0421355538454194,241.22604576502607,0.002258111698343085,73.46714780025654,2539,-9.374778092802046,0.0
