RMS,MAV,IEMG,VAR,WL,WAMP,FMN,FMD
<<<<<<<< HEAD:features/18/1995de9f-369a-4e42-9986-ef63190beac2-o3p5.csv
0.09841282207538735,0.07555384582298783,562.4228283063213,0.0076680725627604135,183.6426335266134,4887,63.21448577383734,61.660397635679736
========
0.09841282207538735,0.07555384582298783,562.4228283063213,0.0076680725627604135,183.6426335266134,4887,41.42277800202237,47.95808704997313
>>>>>>>> devP:features/18/528d8cf8-ddbd-4a5a-a210-3d478fa03e89-o3p5.csv
