RMS,MAV,IEMG,VAR,WL,WAMP,FMN,FMD
0.07085264007081954,0.042993482546512606,71.19720709702487,0.004469581801428125,25.69027404964209,696,65.13478001797358,64.00966183574879
