RMS,MAV,IEMG,VAR,WL,WAMP,FMN,FMD
0.07681437258621716,0.06384177637528478,412.73708426621613,0.0026989833520365066,101.1978465168248,3544,-1.5079690759748505,0.0
