RMS,MAV,IEMG,VAR,WL,WAMP,FMN,FMD
0.0681463788524556,0.05570272337951192,330.0386360236081,0.0026059308034046347,94.75267466808225,3332,64.37010213746372,61.60337552742616
