RMS,MAV,IEMG,VAR,WL,WAMP,FMN,FMD
<<<<<<<< HEAD:features/18/87885fe4-cf8f-47b2-a32f-316a9a144fe8-o9p1.csv
0.048522218592136346,0.033144102447459134,62.012615679196045,0.001920154810000777,21.28173817993232,749,59.5682708320422,54.51630144307856
========
0.048522218592136346,0.033144102447459134,62.012615679196045,0.001920154810000777,21.28173817993232,749,41.016273717392345,45.964724746125064
>>>>>>>> devP:features/18/5f2b6d83-85e1-4c13-bf85-db392788ecc9-o9p1.csv
