RMS,MAV,IEMG,VAR,WL,WAMP,FMN,FMD
<<<<<<<< HEAD:features/18/b091d248-9d05-4e3a-88d4-e6d043d2f6a8-o1p6.csv
0.07939074379007913,0.06284815313077712,396.7603907145959,0.004036815813084663,124.90642738227368,3870,65.63283377784298,69.2222398225883
========
0.07939074379007913,0.06284815313077712,396.7603907145959,0.004036815813084663,124.90642738227368,3870,30.91944873769783,0.0
>>>>>>>> devP:features/18/60e7322e-a491-4eb0-817a-f93b23ce6893-o1p6.csv
