RMS,MAV,IEMG,VAR,WL,WAMP,FMN,FMD
0.10791461815567746,0.08323917739392415,489.0301671893044,0.008538415558099626,163.96201456650135,4302,36.51588134670286,40.340425531914896
