RMS,MAV,IEMG,VAR,WL,WAMP,FMN,FMD
<<<<<<<< HEAD:features/18/d1117174-27a8-4694-8874-cef09cecb008-o6p5.csv
0.10791461815567746,0.08323917739392415,489.0301671893044,0.008538415558099626,163.96201456650135,4302,63.092309420132665,63.82978723404255
========
0.10791461815567746,0.08323917739392415,489.0301671893044,0.008538415558099626,163.96201456650135,4302,36.51588134670286,40.340425531914896
>>>>>>>> devP:features/18/64502e33-12e7-4687-833c-d4dd64f4ec22-o6p5.csv
