RMS,MAV,IEMG,VAR,WL,WAMP,FMN,FMD
0.1263817089049001,0.08666541835344341,637.77081366299,0.01488687571351871,226.12289499083084,4767,1.341663773917106,0.0
