RMS,MAV,IEMG,VAR,WL,WAMP,FMN,FMD
0.04746426677004066,0.03502171409059147,219.5511256339179,0.0022418201397213728,94.1584449591975,3317,97.69395736875127,45.940341362258735
