RMS,MAV,IEMG,VAR,WL,WAMP,FMN,FMD
<<<<<<<< HEAD:features/18/aa3872f3-07b1-4842-a5be-6d6f1df09eb1-o8p5.csv
0.04630854934932416,0.02763706394536946,178.0932400639608,0.0020857267651706738,72.5226763635886,2259,63.89272294522121,62.38361266294228
========
0.04630854934932416,0.02763706394536946,178.0932400639608,0.0020857267651706738,72.5226763635886,2259,60.484995760368726,61.297330850403476
>>>>>>>> devP:features/18/6dcf001f-08d2-48f1-a31b-b1b748a322b2-o8p5.csv
