RMS,MAV,IEMG,VAR,WL,WAMP,FMN,FMD
<<<<<<<< HEAD:features/18/6e89b8a5-f884-4cd0-a097-2046a9e3c80f-o11p5.csv
0.19948419929418898,0.1476924980852289,880.2472885879642,0.03811090913881913,313.22262287248714,4633,56.821876540908285,55.53691275167785
========
0.19948419929418898,0.1476924980852289,880.2472885879642,0.03811090913881913,313.22262287248714,4633,52.210485169446315,51.1744966442953
>>>>>>>> devP:features/18/1e9eba9a-a03d-47e9-a376-c083772a97aa-o11p5.csv
