RMS,MAV,IEMG,VAR,WL,WAMP,FMN,FMD
0.19948419929418898,0.1476924980852289,880.2472885879642,0.03811090913881913,313.22262287248714,4633,56.821876540908285,55.53691275167785
