RMS,MAV,IEMG,VAR,WL,WAMP,FMN,FMD
<<<<<<<< HEAD:features/18/904e31ea-b978-4378-b99a-afbebb9b41ac-o10p2.csv
0.05449210094031302,0.0421355538454194,241.22604576502607,0.002258111698343085,73.46714780025654,2539,59.605449458543724,58.8646288209607
========
0.05449210094031302,0.0421355538454194,241.22604576502607,0.002258111698343085,73.46714780025654,2539,36.56831316138676,39.47598253275109
>>>>>>>> devP:features/18/6fe3a59f-b857-4916-a6cf-6bb82b71aa9c-o10p2.csv
