RMS,MAV,IEMG,VAR,WL,WAMP,FMN,FMD
0.06533103178880595,0.053604770487852636,352.7729945805582,0.0021392937558423544,94.47473806113237,3517,20.98778435084423,0.0
