RMS,MAV,IEMG,VAR,WL,WAMP,FMN,FMD
<<<<<<<< HEAD:features/18/10d9565a-d588-4be9-9dfd-d78f2beb1daf-o6p3.csv
0.06533103178880595,0.053604770487852636,352.7729945805582,0.0021392937558423544,94.47473806113237,3517,62.75843293753706,59.5654155903358
========
0.06533103178880595,0.053604770487852636,352.7729945805582,0.0021392937558423544,94.47473806113237,3517,20.98778435084423,0.0
>>>>>>>> devP:features/18/70ce9a5a-2287-44ed-97d4-d322d7bdaee9-o6p3.csv
