RMS,MAV,IEMG,VAR,WL,WAMP,FMN,FMD
0.05146367667182128,0.046372457525842785,296.4591209627129,0.0005832451847526592,41.02858822757499,1302,-0.3618031590758534,0.0
