RMS,MAV,IEMG,VAR,WL,WAMP,FMN,FMD
0.08059284461176512,0.07400657210288222,265.83160699355295,0.0011105130787361491,38.50979773921122,1520,65.51464957462908,66.53674832962137
