RMS,MAV,IEMG,VAR,WL,WAMP,FMN,FMD
0.06789182675624157,0.05271266200722399,319.0697431297268,0.0043751428834668815,124.50441845572074,3952,7.680096724945501,0.0
