RMS,MAV,IEMG,VAR,WL,WAMP,FMN,FMD
0.027118805590065808,0.01869500891013431,19.012824061606594,0.0006507608157509121,7.197775245426846,224,30.95407398824404,0.0
