RMS,MAV,IEMG,VAR,WL,WAMP,FMN,FMD
<<<<<<<< HEAD:features/18/0ab336ba-74d1-400a-b811-9e50eee18855-o3p4.csv
0.07438385749185394,0.05760353174763225,373.44369631989986,0.0037684614105424116,96.36841239145694,2916,60.38660392703828,58.306339657565935
========
0.07438385749185394,0.05760353174763225,373.44369631989986,0.0037684614105424116,96.36841239145694,2916,31.184102332700665,27.610674070646304
>>>>>>>> devP:features/18/7e9045cf-89cc-4579-8cfd-d032c6e27813-o3p4.csv
