RMS,MAV,IEMG,VAR,WL,WAMP,FMN,FMD
0.12576667781395648,0.12550062178004437,60.24029845442129,6.685118118179669e-05,1.015401206242394,4,67.7075444957733,62.50000000000001
