RMS,MAV,IEMG,VAR,WL,WAMP,FMN,FMD
0.061374001049834634,0.05324539106775889,362.2816408250315,0.0011684324181737498,53.408141570800524,1887,51.10275616978352,46.73721340388007
