RMS,MAV,IEMG,VAR,WL,WAMP,FMN,FMD
<<<<<<<< HEAD:features/18/84993b30-8549-4597-99b3-4e4fad3f81b5-o2p3.csv
0.061374001049834634,0.05324539106775889,362.2816408250315,0.0011684324181737498,53.408141570800524,1887,51.10275616978352,46.73721340388007
========
0.061374001049834634,0.05324539106775889,362.2816408250315,0.0011684324181737498,53.408141570800524,1887,9.380855576816904,0.0
>>>>>>>> devP:features/18/36f7081a-274e-4267-8f4c-93fbf94a9351-o2p3.csv
