RMS,MAV,IEMG,VAR,WL,WAMP,FMN,FMD
<<<<<<<< HEAD:features/18/47dac3cd-db65-4ddc-a5ea-fe95fcb49dee-o5p3.csv
0.03315636121619845,0.026820220170694947,185.40818204001417,0.0005663576253575666,44.67255434719292,1441,55.51321974292957,52.94372920584406
========
0.03315636121619845,0.026820220170694947,185.40818204001417,0.0005663576253575666,44.67255434719292,1441,19.261005407541692,0.0
>>>>>>>> devP:features/18/84d9b3ea-b600-4ee8-a1e2-366dea654610-o5p3.csv
