RMS,MAV,IEMG,VAR,WL,WAMP,FMN,FMD
0.0898248781204705,0.08839849493852844,123.4042989341857,0.00025421482196034116,7.25512626418437,171,0.009396956328072593,0.0
