RMS,MAV,IEMG,VAR,WL,WAMP,FMN,FMD
0.15924684853624288,0.146010660608976,821.601987246708,0.004317105117289141,109.9275778160214,3557,61.460620656387,60.600675315443404
