RMS,MAV,IEMG,VAR,WL,WAMP,FMN,FMD
<<<<<<<< HEAD:features/18/0c50ed1a-75c1-414c-aebb-83648caec806-o1p1.csv
0.04746426677004066,0.03502171409059147,219.5511256339179,0.0022418201397213728,94.1584449591975,3317,66.24652744880403,68.43196682086457
========
0.04746426677004066,0.03502171409059147,219.5511256339179,0.0022418201397213728,94.1584449591975,3317,65.60062372236045,68.27245174669007
>>>>>>>> devP:features/18/859c0c21-f62b-4e31-ab4a-8c81ce489dfc-o1p1.csv
