RMS,MAV,IEMG,VAR,WL,WAMP,FMN,FMD
0.08496832701034218,0.07739949321498764,77.39949321498764,0.0014601501915813473,11.359657377841637,420,7.134502184593176,0.0
