RMS,MAV,IEMG,VAR,WL,WAMP,FMN,FMD
<<<<<<<< HEAD:features/18/07b3097f-b5c4-4970-b864-45d3c9572797-o9p4.csv
0.08496832701034218,0.07739949321498764,77.39949321498764,0.0014601501915813473,11.359657377841637,420,63.417564365353556,59.0
========
0.08496832701034218,0.07739949321498764,77.39949321498764,0.0014601501915813473,11.359657377841637,420,7.134502184593176,0.0
>>>>>>>> devP:features/18/87184af8-6ad6-477f-a4a5-f8d98621b989-o9p4.csv
