RMS,MAV,IEMG,VAR,WL,WAMP,FMN,FMD
0.166260292019468,0.16536007154740504,179.41567762893447,0.00029853144023584603,5.772141914875798,169,-0.05050938624771871,0.0
