RMS,MAV,IEMG,VAR,WL,WAMP,FMN,FMD
<<<<<<<< HEAD:features/18/8c5941a1-9dd8-44b4-bbe1-33b1502cbf14-o5p1.csv
0.03805155226252996,0.03405666648363526,219.7336121524147,0.00037170947218795016,32.85364364338634,838,53.596538769699734,50.061996280223184
========
0.03805155226252996,0.03405666648363526,219.7336121524147,0.00037170947218795016,32.85364364338634,838,7.892749990400482,0.0
>>>>>>>> devP:features/18/8866e2c2-5d85-4f5a-bdb3-b1390a0a511d-o5p1.csv
