RMS,MAV,IEMG,VAR,WL,WAMP,FMN,FMD
0.03805155226252996,0.03405666648363526,219.7336121524147,0.00037170947218795016,32.85364364338634,838,7.892749990400482,0.0
