RMS,MAV,IEMG,VAR,WL,WAMP,FMN,FMD
<<<<<<<< HEAD:features/18/c6caf7a3-cdf9-4a28-b5cc-bf76a141371c-o5p5.csv
0.045036504958018565,0.030812041743022524,201.97293362551264,0.0020248542207270195,77.50540229505773,2836,59.01445645479585,57.20823798627003
========
0.045036504958018565,0.030812041743022524,201.97293362551264,0.0020248542207270195,77.50540229505773,2836,58.81504844875082,56.90312738367658
>>>>>>>> devP:features/18/88e094d8-025e-4a72-9e70-43171380087c-o5p5.csv
