RMS,MAV,IEMG,VAR,WL,WAMP,FMN,FMD
<<<<<<<< HEAD:features/18/855bd98e-5b9b-42c7-b53a-0f9f22858e41-o11p4.csv
0.13726331963801586,0.10963631031472641,702.5494764967668,0.013739532615158203,203.94962906855463,4576,57.54543918176478,55.55555555555555
========
0.13726331963801586,0.10963631031472641,702.5494764967668,0.013739532615158203,203.94962906855463,4576,33.02220161078079,34.176029962546814
>>>>>>>> devP:features/18/89c426e0-60ac-4e5d-b17c-333dbf98d1c4-o11p4.csv
