RMS,MAV,IEMG,VAR,WL,WAMP,FMN,FMD
0.04691372855385791,0.04287722556805553,21.48149000959582,0.00043550266756182265,3.216181184410057,99,69.12388597071445,67.86427145708582
