RMS,MAV,IEMG,VAR,WL,WAMP,FMN,FMD
<<<<<<<< HEAD:features/18/fac86bac-3f88-402f-a582-38f13e4baa58-o4p5.csv
0.166260292019468,0.16536007154740504,179.41567762893447,0.00029853144023584603,5.772141914875798,169,65.31759885683941,66.3594470046083
========
0.166260292019468,0.16536007154740504,179.41567762893447,0.00029853144023584603,5.772141914875798,169,0.3546212044512994,0.0
>>>>>>>> devP:features/18/8ea24630-c890-47ab-ab60-726339dd7327-o4p5.csv
