RMS,MAV,IEMG,VAR,WL,WAMP,FMN,FMD
0.08137100140033891,0.07103912714754453,436.03816243162834,0.002412432304770567,77.22813750335614,2554,63.21351519898866,64.35320951449984
