RMS,MAV,IEMG,VAR,WL,WAMP,FMN,FMD
<<<<<<<< HEAD:features/18/8f23cb1b-f1cc-4a0a-a443-938230cf4bd5-o10p5.csv
0.08137100140033891,0.07103912714754453,436.03816243162834,0.002412432304770567,77.22813750335614,2554,63.21351519898866,64.35320951449984
========
0.08137100140033891,0.07103912714754453,436.03816243162834,0.002412432304770567,77.22813750335614,2554,14.081039612483355,0.0
>>>>>>>> devP:features/18/fe5a640f-204f-4ca5-8f73-342b140728c9-o10p5.csv
