RMS,MAV,IEMG,VAR,WL,WAMP,FMN,FMD
<<<<<<<< HEAD:features/18/df01434d-aac1-47e4-801c-6a25f73eef97-o4p2.csv
0.1308443566539638,0.1289888256758541,110.93039008123453,0.00048212851895379505,5.9778028872438504,193,64.35227174967123,66.27906976744187
========
0.1308443566539638,0.1289888256758541,110.93039008123453,0.00048212851895379505,5.9778028872438504,193,0.9190633572357519,0.0
>>>>>>>> devP:features/18/904ae895-7d78-47bc-b56c-e629533431c3-o4p2.csv
