RMS,MAV,IEMG,VAR,WL,WAMP,FMN,FMD
0.1308443566539638,0.1289888256758541,110.93039008123453,0.00048212851895379505,5.9778028872438504,193,0.9190633572357519,0.0
