RMS,MAV,IEMG,VAR,WL,WAMP,FMN,FMD
<<<<<<<< HEAD:features/18/a3171421-8af9-4f20-8ead-458a1a9c2b25-o8p2.csv
0.16353523860894673,0.14650180953912334,208.4720749741725,0.006393006234341604,27.037964781150915,701,57.25673764186655,56.21925509486999
========
0.16353523860894673,0.14650180953912334,208.4720749741725,0.006393006234341604,27.037964781150915,701,7.772507446302435,0.0
>>>>>>>> devP:features/18/91cd2e62-cd14-4e5a-9ccd-160b6b6d5aa2-o8p2.csv
