RMS,MAV,IEMG,VAR,WL,WAMP,FMN,FMD
0.03582921054767261,0.03054489004460181,31.52232652602907,0.0004710631793667951,6.839326915006165,224,14.425034578320616,0.0
