RMS,MAV,IEMG,VAR,WL,WAMP,FMN,FMD
<<<<<<<< HEAD:features/18/92111246-0419-4c74-90e0-9d23f1993566-o1p2.csv
0.049435519669768745,0.03731168339352867,230.39964495503955,0.0020938030207350846,87.42451834998016,3247,65.38185773684756,67.6923076923077
========
0.049435519669768745,0.03731168339352867,230.39964495503955,0.0020938030207350846,87.42451834998016,3247,48.99776657719531,57.00404858299595
>>>>>>>> devP:features/18/515cf6e5-651f-44da-8048-c0c8c1848d70-o1p2.csv
