RMS,MAV,IEMG,VAR,WL,WAMP,FMN,FMD
<<<<<<<< HEAD:features/18/941ce9bb-5044-4f7b-b267-1c9760baef91-o4p4.csv
0.03582921054767261,0.03054489004460181,31.52232652602907,0.0004710631793667951,6.839326915006165,224,64.19658704848158,61.04651162790697
========
0.03582921054767261,0.03054489004460181,31.52232652602907,0.0004710631793667951,6.839326915006165,224,14.425034578320616,0.0
>>>>>>>> devP:features/18/91e8ca67-a298-440d-8a9f-ec33f111273f-o4p4.csv
