RMS,MAV,IEMG,VAR,WL,WAMP,FMN,FMD
<<<<<<<< HEAD:features/18/b259da91-e62d-42d1-be0e-cdc5830e4dee-o3p6.csv
0.11697913451304766,0.0837835576757308,480.83383750101905,0.013655373315651064,188.9303843090912,4092,61.396876004268314,59.94075622930824
========
0.11697913451304766,0.0837835576757308,480.83383750101905,0.013655373315651064,188.9303843090912,4092,61.13947848695246,59.76650984492072
>>>>>>>> devP:features/18/9661cd68-3bb0-40a4-bbd0-c8ad57159975-o3p6.csv
