RMS,MAV,IEMG,VAR,WL,WAMP,FMN,FMD
<<<<<<<< HEAD:features/18/0d7cb8b6-1367-4cd4-a2d7-aefae6afd889-o6p4.csv
0.08781442310837513,0.06727476388978766,394.7010397413842,0.005520343156936209,128.83002530423096,3888,63.284362441060786,64.25771262996422
========
0.08781442310837513,0.06727476388978766,394.7010397413842,0.005520343156936209,128.83002530423096,3888,35.279457857032526,35.45253110618715
>>>>>>>> devP:features/18/9b1d991d-a3d3-48fa-aa54-1b7901e908ef-o6p4.csv
