RMS,MAV,IEMG,VAR,WL,WAMP,FMN,FMD
0.08781442310837513,0.06727476388978766,394.7010397413842,0.005520343156936209,128.83002530423096,3888,35.279457857032526,35.45253110618715
