RMS,MAV,IEMG,VAR,WL,WAMP,FMN,FMD
<<<<<<<< HEAD:features/18/4ebfa6a8-4af0-41f8-a2c9-d8474b367b82-o4p1.csv
0.0898248781204705,0.08839849493852844,123.4042989341857,0.00025421482196034116,7.25512626418437,171,64.35941803769667,60.888252148997125
========
0.0898248781204705,0.08839849493852844,123.4042989341857,0.00025421482196034116,7.25512626418437,171,1.0301166357179907,0.0
>>>>>>>> devP:features/18/9c6ae113-0042-4c06-a217-2302dbbdf431-o4p1.csv
