RMS,MAV,IEMG,VAR,WL,WAMP,FMN,FMD
0.092729639954589,0.05809641059722081,91.2694610482339,0.008417866505623869,34.69136274794101,733,61.00749912034713,61.10757479312541
