RMS,MAV,IEMG,VAR,WL,WAMP,FMN,FMD
0.045036504958018565,0.030812041743022524,201.97293362551264,0.0020248542207270195,77.50540229505773,2836,75.57180100343551,45.91914569031274
