RMS,MAV,IEMG,VAR,WL,WAMP,FMN,FMD
0.16353523860894673,0.14650180953912334,208.4720749741725,0.006393006234341604,27.037964781150915,701,57.25673764186655,56.21925509486999
