RMS,MAV,IEMG,VAR,WL,WAMP,FMN,FMD
0.09161172975037879,0.07318328022651494,687.4837344478813,0.0047285073710383405,184.6845173620571,5643,24.064673857700352,0.0
