RMS,MAV,IEMG,VAR,WL,WAMP,FMN,FMD
<<<<<<<< HEAD:features/18/b4f41c2a-f6bb-42fb-bea0-86dc8008fb5a-o1p3.csv
0.07743747035379438,0.06283120374040164,399.10380615903125,0.0033083815740409675,120.26575426111056,3949,68.96904774182151,71.4735516372796
========
0.07743747035379438,0.06283120374040164,399.10380615903125,0.0033083815740409675,120.26575426111056,3949,26.273196137749977,0.0
>>>>>>>> devP:features/18/a8cff768-a6ea-49d9-bbb3-da252435d3a2-o1p3.csv
