RMS,MAV,IEMG,VAR,WL,WAMP,FMN,FMD
0.07743747035379438,0.06283120374040164,399.10380615903125,0.0033083815740409675,120.26575426111056,3949,26.273196137749977,0.0
