RMS,MAV,IEMG,VAR,WL,WAMP,FMN,FMD
0.11697913451304766,0.0837835576757308,480.83383750101905,0.013655373315651064,188.9303843090912,4092,61.396876004268314,59.94075622930824
