RMS,MAV,IEMG,VAR,WL,WAMP,FMN,FMD
0.07743747035379438,0.06283120374040164,399.10380615903125,0.0033083815740409675,120.26575426111056,3949,68.96904774182151,71.4735516372796
