RMS,MAV,IEMG,VAR,WL,WAMP,FMN,FMD
<<<<<<<< HEAD:features/18/19d54701-aba1-4757-b84a-52bf92745637-o2p2.csv
0.0679496378810456,0.06377430185166708,435.70603025058944,0.0006930016255087027,44.73439697981584,1302,61.43461847985085,60.59718969555035
========
0.0679496378810456,0.06377430185166708,435.70603025058944,0.0006930016255087027,44.73439697981584,1302,4.984518569323992,0.0
>>>>>>>> devP:features/18/b633ed66-13ec-46d3-93c5-1589a5a6743e-o2p2.csv
