RMS,MAV,IEMG,VAR,WL,WAMP,FMN,FMD
0.0679496378810456,0.06377430185166708,435.70603025058944,0.0006930016255087027,44.73439697981584,1302,4.984518569323992,0.0
