RMS,MAV,IEMG,VAR,WL,WAMP,FMN,FMD
0.11933287825510432,0.10853131160898367,657.916810973659,0.0029382540075424835,95.72935117976391,3347,0.28326940791216276,0.0
