RMS,MAV,IEMG,VAR,WL,WAMP,FMN,FMD
<<<<<<<< HEAD:features/18/b948e38d-9c22-462b-b5db-49573b38a07f-o11p3.csv
0.08585358156983264,0.06273056332099446,389.80772047665954,0.00668402481021056,138.09805044054227,4069,57.113823025864164,55.35886707434824
========
0.08585358156983264,0.06273056332099446,389.80772047665954,0.00668402481021056,138.09805044054227,4069,47.377362552487014,49.726424203411646
>>>>>>>> devP:features/18/0fff0062-4b59-477f-b6f0-34aa511d8d16-o11p3.csv
