RMS,MAV,IEMG,VAR,WL,WAMP,FMN,FMD
0.08585358156983264,0.06273056332099446,389.80772047665954,0.00668402481021056,138.09805044054227,4069,57.113823025864164,55.35886707434824
