RMS,MAV,IEMG,VAR,WL,WAMP,FMN,FMD
<<<<<<<< HEAD:features/18/8e2330c2-e55b-4bbd-8b4f-e558b4ca5f0f-o11p1.csv
0.10734705501077671,0.07259626079616453,584.182110626736,0.009847692246235959,188.96460054864204,4933,59.07226722304165,55.42438175717658
========
0.10734705501077671,0.07259626079616453,584.182110626736,0.009847692246235959,188.96460054864204,4933,44.073158645913715,46.47694793090593
>>>>>>>> devP:features/18/ba9265c6-33e6-4585-999d-07e982e8d03e-o11p1.csv
