RMS,MAV,IEMG,VAR,WL,WAMP,FMN,FMD
<<<<<<<< HEAD:features/18/5b37d2e1-02c2-44ca-b629-fcc652e688cc-o9p3.csv
0.027118805590065808,0.01869500891013431,19.012824061606594,0.0006507608157509121,7.197775245426846,224,70.40881712290182,65.88003933136676
========
0.027118805590065808,0.01869500891013431,19.012824061606594,0.0006507608157509121,7.197775245426846,224,55.87048857614611,58.997050147492615
>>>>>>>> devP:features/18/bec42349-867b-400a-9d6b-60854155e57f-o9p3.csv
