RMS,MAV,IEMG,VAR,WL,WAMP,FMN,FMD
<<<<<<<< HEAD:features/18/befea188-428f-4f38-a0f0-1e408fdc9f26-o3p2.csv
0.07008043566973685,0.04625186194453699,294.43935313892246,0.004901403720490973,123.1165710218592,3651,64.61065083743844,67.38925541941563
========
0.07008043566973685,0.04625186194453699,294.43935313892246,0.004901403720490973,123.1165710218592,3651,64.35164418546614,67.38925541941563
>>>>>>>> devP:features/18/46d368bb-ff06-4cb5-8b1c-47d287871f55-o3p2.csv
