RMS,MAV,IEMG,VAR,WL,WAMP,FMN,FMD
0.07008043566973685,0.04625186194453699,294.43935313892246,0.004901403720490973,123.1165710218592,3651,64.61065083743844,67.38925541941563
