RMS,MAV,IEMG,VAR,WL,WAMP,FMN,FMD
0.045036504958018565,0.030812041743022524,201.97293362551264,0.0020248542207270195,77.50540229505773,2836,59.01445645479585,57.20823798627003
