RMS,MAV,SSI,IEMG,VAR,WL,WAMP
0.003620449659728232,0.002040716852040127,0.0019661483607939408,0.3061075278060191,1.2693803256241568e-05,0.1083988869542943,81
0.002395916364016567,0.0017865803476604758,0.0008610622835043551,0.26798705214907137,5.495138146911764e-06,0.11107111077012707,81
0.0030947521755172137,0.0024523474276764703,0.0014366236541802791,0.36785211415147057,9.460529059921944e-06,0.1413920777898551,71
0.0025772067396762784,0.002052840953820971,0.0009962991868549247,0.3079261430731457,6.441626722826522e-06,0.10734559251601969,67
