RMS,MAV,IEMG,VAR,WL,WAMP,FMN,FMD
<<<<<<<< HEAD:features/18/dd70a529-997b-489b-ad98-d1d8bb4c2822-o7p6.csv
0.08841780094476176,0.07296718792589593,450.5723854424074,0.003479849231112607,108.60866635729764,3754,60.90959967162248,58.62348178137652
========
0.08841780094476176,0.07296718792589593,450.5723854424074,0.003479849231112607,108.60866635729764,3754,17.43696893923543,0.0
>>>>>>>> devP:features/18/ceb769c7-2b17-4d85-9550-87c37705a56d-o7p6.csv
