RMS,MAV,IEMG,VAR,WL,WAMP,FMN,FMD
<<<<<<<< HEAD:features/18/d1e10fb4-0df3-4147-8b31-71f0798a7f95-o1p5.csv
0.09161172975037879,0.07318328022651494,687.4837344478813,0.0047285073710383405,184.6845173620571,5643,61.36093265719069,62.06088992974239
========
0.09161172975037879,0.07318328022651494,687.4837344478813,0.0047285073710383405,184.6845173620571,5643,24.064673857700352,0.0
>>>>>>>> devP:features/18/a4041960-5e64-458f-9728-87332199792b-o1p5.csv
