RMS,MAV,IEMG,VAR,WL,WAMP,FMN,FMD
<<<<<<<< HEAD:features/18/75be56de-5ea7-4bd2-a767-2c48c4516882-o9p2.csv
0.08059284461176512,0.07400657210288222,265.83160699355295,0.0011105130787361491,38.50979773921122,1520,65.51464957462908,66.53674832962137
========
0.08059284461176512,0.07400657210288222,265.83160699355295,0.0011105130787361491,38.50979773921122,1520,6.124199668322445,0.0
>>>>>>>> devP:features/18/d50ddd64-75fb-4244-96b6-66c0a4c6a2dd-o9p2.csv
