RMS,MAV,IEMG,VAR,WL,WAMP,FMN,FMD
<<<<<<<< HEAD:features/18/03725b42-5ead-43ec-90fa-371d92729456-o4p3.csv
0.10115442988657113,0.09950707558899753,666.5978993706944,0.00033075971591370226,36.90957774974704,1131,62.755906781525084,62.695924764890286
========
0.10115442988657113,0.09950707558899753,666.5978993706944,0.00033075971591370226,36.90957774974704,1131,1.0309654427865926,0.0
>>>>>>>> devP:features/18/dc74086b-d232-4d64-834b-543e1d34ef88-o4p3.csv
