RMS,MAV,IEMG,VAR,WL,WAMP,FMN,FMD
0.06921029619808014,0.04932642966861604,295.5639665743473,0.004656171663615621,122.10634442083138,3765,-5.566159793857742,0.0
