RMS,MAV,IEMG,VAR,WL,WAMP,FMN,FMD
0.1308443566539638,0.1289888256758541,110.93039008123453,0.00048212851895379505,5.9778028872438504,193,64.35227174967123,66.27906976744187
