RMS,MAV,IEMG,VAR,WL,WAMP,FMN,FMD
0.049435519669768745,0.03731168339352867,230.39964495503955,0.0020938030207350846,87.42451834998016,3247,2.7114675508507378,0.0
