RMS,MAV,IEMG,VAR,WL,WAMP,FMN,FMD
0.07939074379007913,0.06284815313077712,396.7603907145959,0.004036815813084663,124.90642738227368,3870,-1.5957193335412785,0.0
