RMS,MAV,IEMG,VAR,WL,WAMP,FMN,FMD
<<<<<<<< HEAD:features/18/b484c0de-78ec-432f-b3b5-1c383d2ab250-o10p6.csv
0.1263817089049001,0.08666541835344341,637.77081366299,0.01488687571351871,226.12289499083084,4767,58.27520214786026,57.072971871178154
========
0.1263817089049001,0.08666541835344341,637.77081366299,0.01488687571351871,226.12289499083084,4767,50.858601065423095,53.53988313629569
>>>>>>>> devP:features/18/e14ed119-df7e-4b37-a466-4a9cc46c3b61-o10p6.csv
