RMS,MAV,IEMG,VAR,WL,WAMP,FMN,FMD
0.189322192243639,0.15918831458108568,1066.7208960078551,0.01878359261945112,253.3523897388847,4630,-1.3213442157513813,0.0
