RMS,MAV,IEMG,VAR,WL,WAMP,FMN,FMD
0.09841282207538735,0.07555384582298783,562.4228283063213,0.0076680725627604135,183.6426335266134,4887,-7.87445939411729,47.95808704997313
