RMS,MAV,IEMG,VAR,WL,WAMP,FMN,FMD
0.12296913737071942,0.09319302782963683,603.6112412525578,0.011292093188233362,172.4921189506769,4361,-1.3075893793553206,0.0
