RMS,MAV,IEMG,VAR,WL,WAMP,FMN,FMD
<<<<<<<< HEAD:features/18/e4cab6d7-52da-4685-abed-d8d901ac0880-o6p6.csv
0.06921029619808014,0.04932642966861604,295.5639665743473,0.004656171663615621,122.10634442083138,3765,63.264630204677374,64.4192256341789
========
0.06921029619808014,0.04932642966861604,295.5639665743473,0.004656171663615621,122.10634442083138,3765,59.82401698617183,61.41522029372497
>>>>>>>> devP:features/18/eaa3e266-aebf-4639-9b76-e3b58cf11349-o6p6.csv
