RMS,MAV,IEMG,VAR,WL,WAMP,FMN,FMD
0.10734705501077671,0.07259626079616453,584.182110626736,0.009847692246235959,188.96460054864204,4933,7.189455261481007,0.0
