RMS,MAV,IEMG,VAR,WL,WAMP,FMN,FMD
0.04630854934932416,0.02763706394536946,178.0932400639608,0.0020857267651706738,72.5226763635886,2259,39.833917416920684,0.0
