RMS,MAV,IEMG,VAR,WL,WAMP,FMN,FMD
0.09560204234806191,0.0707768908271678,557.4387921547736,0.005578779696522905,134.744870853526,4294,60.2058978106942,55.23108176739461
