RMS,MAV,SSI,IEMG,VAR,WL,WAMP
0.0051026608533710814,0.0038441300552749954,0.0039055721676788547,0.5766195082912493,2.5599524459830192e-05,0.23316940545734471,71
0.0026842582551167104,0.0021129191001574886,0.0010807863570243311,0.3169378650236233,7.140774421036823e-06,0.1584771986806378,76
0.0029962072424618608,0.0021086458547735433,0.0013465886759671363,0.3162968782160315,8.669342133509435e-06,0.15091041417220274,76
0.002998334754344452,0.002237631860830077,0.001348501694866471,0.3356447791245115,8.877972390285313e-06,0.15644865886812762,71
0.0034759955780280416,0.0027398069597070443,0.001812381788770575,0.41097104395605666,1.1710399060913268e-05,0.16436497275228468,71
0.0035049893854405085,0.002464279690149241,0.001842742588807595,0.36964195352238616,1.2149284348715108e-05,0.1458450622286575,73
0.0034818040708476904,0.0024504295620023193,0.001818443938165732,0.3675644343003479,1.193939663864839e-05,0.1550154477238104,74
0.003008664079599957,0.0023272798170127294,0.0013578089315812586,0.3490919725519094,8.723316382107911e-06,0.13594921512169408,76
0.001578225893484663,0.0012808512647748467,0.0003736195456298194,0.192127689716227,2.2146584206273597e-06,0.07534220913373776,80
