RMS,MAV,IEMG,VAR,WL,WAMP,FMN,FMD
<<<<<<<< HEAD:features/18/a2544123-b550-4af7-9524-78db9fe848ca-o5p2.csv
0.05146367667182128,0.046372457525842785,296.4591209627129,0.0005832451847526592,41.02858822757499,1302,56.94093764216465,55.685906460190836
========
0.05146367667182128,0.046372457525842785,296.4591209627129,0.0005832451847526592,41.02858822757499,1302,7.045420870343459,0.0
>>>>>>>> devP:features/18/f18cb885-bbcd-40ec-b2b3-d68adf765290-o5p2.csv
