RMS,MAV,IEMG,VAR,WL,WAMP,FMN,FMD
0.11933287825510432,0.10853131160898367,657.916810973659,0.0029382540075424835,95.72935117976391,3347,6.952552757855959,0.0
