RMS,MAV,IEMG,VAR,WL,WAMP,FMN,FMD
0.048522218592136346,0.033144102447459134,62.012615679196045,0.001920154810000777,21.28173817993232,749,12.900233266732481,0.0
