RMS,MAV,IEMG,VAR,WL,WAMP,FMN,FMD
<<<<<<<< HEAD:features/18/9e39d0f3-f511-41b1-a1d8-27b5dc66cc9f-o9p5.csv
0.092729639954589,0.05809641059722081,91.2694610482339,0.008417866505623869,34.69136274794101,733,61.00749912034713,61.10757479312541
========
0.092729639954589,0.05809641059722081,91.2694610482339,0.008417866505623869,34.69136274794101,733,58.49318852587046,57.28835136855507
>>>>>>>> devP:features/18/f9a790e1-871d-4460-8717-ee115d393c9c-o9p5.csv
