RMS,MAV,IEMG,VAR,WL,WAMP,FMN,FMD
<<<<<<<< HEAD:features/18/f9d15fd2-70b4-4dcd-b150-2500bb0f3f05-o7p5.csv
0.059819178967063784,0.045770100266775214,289.08395328495226,0.002402995162353603,89.9884346352543,3273,62.18166201117497,61.114629512349595
========
0.059819178967063784,0.045770100266775214,289.08395328495226,0.002402995162353603,89.9884346352543,3273,31.43300781293558,23.749208359721344
>>>>>>>> devP:features/18/67dbe6c4-5ee7-44b1-beaa-b1a44d998aee-o7p5.csv
