RMS,MAV,IEMG,VAR,WL,WAMP,FMN,FMD
0.059819178967063784,0.045770100266775214,289.08395328495226,0.002402995162353603,89.9884346352543,3273,62.18166201117497,61.114629512349595
