RMS,MAV,IEMG,VAR,WL,WAMP,FMN,FMD
<<<<<<<< HEAD:features/18/fa7492ff-1796-4136-85e8-13f8fa84a561-o7p1.csv
0.11933287825510432,0.10853131160898367,657.916810973659,0.0029382540075424835,95.72935117976391,3347,60.43895585184529,59.716265258990425
========
0.11933287825510432,0.10853131160898367,657.916810973659,0.0029382540075424835,95.72935117976391,3347,6.952552757855959,0.0
>>>>>>>> devP:features/18/f2313ca6-9ec1-466e-88cc-1cc5cae76caf-o7p1.csv
