RMS,MAV,IEMG,VAR,WL,WAMP,FMN,FMD
0.11933287825510432,0.10853131160898367,657.916810973659,0.0029382540075424835,95.72935117976391,3347,60.43895585184529,59.716265258990425
