RMS,MAV,IEMG,VAR,WL,WAMP,FMN,FMD
0.07817310640672798,0.06759768244130122,560.790373533035,0.0022804000083991574,108.25659389308336,3647,0.38221567102404264,0.0
