{"window_size": 600, "threshold": 0.002, "cutoff": 100, "segments": [[10.834999999999999, 16.141000000000002], [25.71, 31.642000000000003], [40.771, 47.068], [56.07, 62.565], [71.56700000000001, 77.99300000000001], [86.995, 92.503], [101.50500000000001, 108.343], [117.34500000000001, 122.91900000000001], [131.92100000000002, 138.274], [147.276, 151.69400000000002], [161.329, 168.519], [177.52100000000002, 183.30200000000002], [192.304, 197.098], [206.637, 212.07600000000002], [223.513, 228.734], [237.73600000000002, 242.33100000000002], [252.263, 256.498], [266.77299999999997, 273.16499999999996], [282.167, 282.23499999999996]]}