RMS,MAV,IEMG,VAR,WL,WAMP,FMN,FMD
<<<<<<<< HEAD:features/2/1a67acbe-9dd3-43b5-bc3c-4dfbe5f1801a-o9p6.csv
0.13683797940369738,0.12661351303698892,746.0068188139387,0.0029157773183741647,75.62018804688725,2885,50.52899907512295,50.06788866259334
========
0.13683797940369738,0.12661351303698892,746.0068188139387,0.0029157773183741647,75.62018804688725,2885,4.266331590926534,0.0
>>>>>>>> devP:features/2/06e6bdc1-8821-4e01-a259-57d61c5f0baa-o9p6.csv
