RMS,MAV,IEMG,VAR,WL,WAMP,FMN,FMD
0.0993743323099356,0.07089174301001629,386.9980250916789,0.009864907042224817,125.98862081254067,3589,32.43237350653415,24.912987726689867
