RMS,MAV,IEMG,VAR,WL,WAMP,FMN,FMD
0.16751354459362613,0.1609391130216637,954.8517575575306,0.0021683859111530967,60.75765192429451,2288,-0.049506237188376316,0.0
