RMS,MAV,IEMG,VAR,WL,WAMP,FMN,FMD
<<<<<<<< HEAD:features/2/3f1e837b-8a96-42c2-a9a0-c3fd147c95c2-o10p1.csv
0.16751354459362613,0.1609391130216637,954.8517575575306,0.0021683859111530967,60.75765192429451,2288,47.041618964719994,44.83397943704703
========
0.16751354459362613,0.1609391130216637,954.8517575575306,0.0021683859111530967,60.75765192429451,2288,1.8906089716112047,0.0
>>>>>>>> devP:features/2/0ad9ce3c-3b2c-4022-9b26-b22a6d7702b6-o10p1.csv
