RMS,MAV,IEMG,VAR,WL,WAMP,FMN,FMD
0.09318728014991122,0.07813166052689216,453.08549939544764,0.0035747571908106724,78.60658893955886,3054,45.17515709189684,42.9384376616658
