RMS,MAV,IEMG,VAR,WL,WAMP,FMN,FMD
<<<<<<<< HEAD:features/2/0cdbe1ac-4ca7-482c-bed8-ff006ef59448-o11p4.csv
0.09318728014991122,0.07813166052689216,453.08549939544764,0.0035747571908106724,78.60658893955886,3054,45.17515709189684,42.9384376616658
========
0.09318728014991122,0.07813166052689216,453.08549939544764,0.0035747571908106724,78.60658893955886,3054,11.708144572856911,0.0
>>>>>>>> devP:features/2/370fe191-43f3-4a1a-bce5-1e5794fd1b45-o11p4.csv
