RMS,MAV,IEMG,VAR,WL,WAMP,FMN,FMD
0.09604839963729433,0.0769325663791126,492.6761550918371,0.005390719459432363,109.02225026003487,3569,-0.31376534711051945,0.0
