RMS,MAV,IEMG,VAR,WL,WAMP,FMN,FMD
<<<<<<<< HEAD:features/2/3ae521c8-42c9-4609-830f-aab56893eac5-o1p5.csv
0.0906283834879816,0.07566325862162317,445.20261372963074,0.004554558894486562,104.30863340567527,3504,52.582317849101216,48.43643779741672
========
0.0906283834879816,0.07566325862162317,445.20261372963074,0.004554558894486562,104.30863340567527,3504,20.171850446305832,0.0
>>>>>>>> devP:features/2/112f80ed-6918-488e-8bc7-4e687713bf82-o1p5.csv
