RMS,MAV,IEMG,VAR,WL,WAMP,FMN,FMD
0.0906283834879816,0.07566325862162317,445.20261372963074,0.004554558894486562,104.30863340567527,3504,20.171850446305832,0.0
