RMS,MAV,IEMG,VAR,WL,WAMP,FMN,FMD
0.124205014570187,0.08986929596514961,523.0393025171708,0.015344762357988343,162.3826053240928,4021,47.00767005375615,43.81443298969072
