RMS,MAV,IEMG,VAR,WL,WAMP,FMN,FMD
<<<<<<<< HEAD:features/2/0e3ca20c-5e7a-4970-a5cc-dceb63a92de5-o9p3.csv
0.124205014570187,0.08986929596514961,523.0393025171708,0.015344762357988343,162.3826053240928,4021,47.51082862418666,43.986254295532646
========
0.124205014570187,0.08986929596514961,523.0393025171708,0.015344762357988343,162.3826053240928,4021,47.00767005375615,43.81443298969072
>>>>>>>> devP:features/2/11ef050c-ca02-4569-ba32-8df8940d6def-o9p3.csv
