RMS,MAV,IEMG,VAR,WL,WAMP,FMN,FMD
0.07185460064263216,0.05229507962711051,284.4852331714812,0.004813936407577481,90.45605896318634,3126,43.21597460430806,43.75
