RMS,MAV,IEMG,VAR,WL,WAMP,FMN,FMD
<<<<<<<< HEAD:features/2/778b3799-775a-4e59-bc99-acb1675f1f5a-o1p2.csv
0.07185460064263216,0.05229507962711051,284.4852331714812,0.004813936407577481,90.45605896318634,3126,49.484747702160504,46.507352941176464
========
0.07185460064263216,0.05229507962711051,284.4852331714812,0.004813936407577481,90.45605896318634,3126,43.21597460430806,43.75
>>>>>>>> devP:features/2/15fa4abf-014c-4c1f-91fc-758b55a874bd-o1p2.csv
