RMS,MAV,IEMG,VAR,WL,WAMP,FMN,FMD
0.13683797940369738,0.12661351303698892,746.0068188139387,0.0029157773183741647,75.62018804688725,2885,50.52899907512295,50.06788866259334
