RMS,MAV,IEMG,VAR,WL,WAMP,FMN,FMD
0.2537462095493941,0.2110946429614746,1309.2089756470655,0.044162301237372706,290.3216999885583,4934,23.71532542482292,29.022895840051596
