RMS,MAV,IEMG,VAR,WL,WAMP,FMN,FMD
<<<<<<<< HEAD:features/2/b144de1d-5b5e-4952-8e44-8ceab078bd5b-o6p1.csv
0.22691903904549646,0.18227791763638865,1162.204002849614,0.03877630908944932,281.58068646260216,4889,46.892218023441835,44.38519447929736
========
0.22691903904549646,0.18227791763638865,1162.204002849614,0.03877630908944932,281.58068646260216,4889,28.31892782798992,33.563362609786694
>>>>>>>> devP:features/2/1d8a5b89-3d20-474a-b0a9-66b720d5c33f-o6p1.csv
