RMS,MAV,IEMG,VAR,WL,WAMP,FMN,FMD
0.08386440074138228,0.06967246593976195,416.9897086494753,0.0031067979852011933,92.72010931547538,3289,16.249493395900572,0.0
