RMS,MAV,IEMG,VAR,WL,WAMP,FMN,FMD
<<<<<<<< HEAD:features/2/486545c8-262e-45e7-849a-fbc043deadca-o2p2.csv
0.08386440074138228,0.06967246593976195,416.9897086494753,0.0031067979852011933,92.72010931547538,3289,57.32242875200715,54.13533834586466
========
0.08386440074138228,0.06967246593976195,416.9897086494753,0.0031067979852011933,92.72010931547538,3289,16.249493395900572,0.0
>>>>>>>> devP:features/2/1e3fc1cf-bbb1-4218-9014-4ee72753cf52-o2p2.csv
