RMS,MAV,IEMG,VAR,WL,WAMP,FMN,FMD
<<<<<<<< HEAD:features/2/8d335e00-ba52-47e6-a3dd-de3e9f7488d7-o8p3.csv
0.17559124930500525,0.14078259301520044,851.312339962917,0.025767518894052106,226.00158760648156,4620,47.324270639114815,42.33504216967091
========
0.17559124930500525,0.14078259301520044,851.312339962917,0.025767518894052106,226.00158760648156,4620,33.9701695758071,38.69687448321482
>>>>>>>> devP:features/2/1fb97d03-4cde-4ea2-a2ea-c337ec3d4150-o8p3.csv
