RMS,MAV,IEMG,VAR,WL,WAMP,FMN,FMD
0.10399964353113404,0.0769368093616649,469.54534753424093,0.010753895232448046,147.14818107320025,3985,51.706953432170444,36.37555300671801
