RMS,MAV,IEMG,VAR,WL,WAMP,FMN,FMD
0.16544994315064043,0.14298392230275989,896.0802410713962,0.01075013355138352,173.74487451470554,4494,13.059207051420032,0.0
