RMS,MAV,IEMG,VAR,WL,WAMP,FMN,FMD
<<<<<<<< HEAD:features/2/3be93e02-7444-476a-a47f-d760d57aa2ad-o4p2.csv
0.16544994315064043,0.14298392230275989,896.0802410713962,0.01075013355138352,173.74487451470554,4494,53.44761378762875,50.582415828945265
========
0.16544994315064043,0.14298392230275989,896.0802410713962,0.01075013355138352,173.74487451470554,4494,13.059207051420032,0.0
>>>>>>>> devP:features/2/27e34a40-0b34-4388-bcda-a15be434d46a-o4p2.csv
