RMS,MAV,IEMG,VAR,WL,WAMP,FMN,FMD
0.15320393492062678,0.11204824785512253,703.6629965301695,0.023045904931142717,213.34695737577061,4467,47.795892135661,43.63057324840764
