RMS,MAV,IEMG,VAR,WL,WAMP,FMN,FMD
0.0696409252088761,0.05218039317929529,543.9805988941534,0.004760257628735325,179.2356027692283,6230,34.419518023047104,45.08393285371702
