RMS,MAV,IEMG,VAR,WL,WAMP,FMN,FMD
0.09259003933392021,0.06997585274354028,390.46525830895473,0.008041419041584414,113.67828311182069,3433,-4.199555406672917,0.0
