RMS,MAV,IEMG,VAR,WL,WAMP,FMN,FMD
<<<<<<<< HEAD:features/2/2b83d4f0-46a8-42c0-a1e3-54e5cfb938a7-o8p2.csv
0.2537462095493941,0.2110946429614746,1309.2089756470655,0.044162301237372706,290.3216999885583,4934,45.43695639378483,41.27700741696227
========
0.2537462095493941,0.2110946429614746,1309.2089756470655,0.044162301237372706,290.3216999885583,4934,23.71532542482292,29.022895840051596
>>>>>>>> devP:features/2/1b96e7f2-74cd-42bc-ae9b-cf630a9e5156-o8p2.csv
