RMS,MAV,IEMG,VAR,WL,WAMP,FMN,FMD
0.2537462095493941,0.2110946429614746,1309.2089756470655,0.044162301237372706,290.3216999885583,4934,45.43695639378483,41.27700741696227
