RMS,MAV,IEMG,VAR,WL,WAMP,FMN,FMD
0.11746056961305619,0.10035872589929426,637.9804205418136,0.005994491245054791,129.86832956567412,4053,52.83403174319003,49.86628913009281
