RMS,MAV,IEMG,VAR,WL,WAMP,FMN,FMD
<<<<<<<< HEAD:features/2/2f9c4003-24a7-4c06-881a-6e23111922f2-o8p5.csv
0.10399964353113404,0.0769368093616649,469.54534753424093,0.010753895232448046,147.14818107320025,3985,48.39979378626697,45.223660494838605
========
0.10399964353113404,0.0769368093616649,469.54534753424093,0.010753895232448046,147.14818107320025,3985,47.847802366344325,45.059806652466
>>>>>>>> devP:features/2/2ebde37d-c7a3-4690-b0df-d088d174b0f2-o8p5.csv
