RMS,MAV,IEMG,VAR,WL,WAMP,FMN,FMD
0.10399964353113404,0.0769368093616649,469.54534753424093,0.010753895232448046,147.14818107320025,3985,47.847802366344325,45.059806652466
