RMS,MAV,IEMG,VAR,WL,WAMP,FMN,FMD
0.10399964353113404,0.0769368093616649,469.54534753424093,0.010753895232448046,147.14818107320025,3985,48.39979378626697,45.223660494838605
