RMS,MAV,IEMG,VAR,WL,WAMP,FMN,FMD
0.16220337560372408,0.1296377603559872,727.1381978367322,0.020616902769375833,206.9814469317232,4147,52.43791922855559,50.276341593866995
