RMS,MAV,IEMG,VAR,WL,WAMP,FMN,FMD
<<<<<<<< HEAD:features/2/4f40a752-f4c3-4457-a251-7126a8d04d4e-o4p3.csv
0.14153085927378198,0.11940451630893782,730.1586172291547,0.010119731038839407,162.47473907342342,4078,55.69540325407216,53.47506132461161
========
0.14153085927378198,0.11940451630893782,730.1586172291547,0.010119731038839407,162.47473907342342,4078,18.823660269246727,0.0
>>>>>>>> devP:features/2/3462d7d8-c61b-4197-a553-12d552e26c13-o4p3.csv
