RMS,MAV,IEMG,VAR,WL,WAMP,FMN,FMD
0.11157392602077511,0.0842760793426585,469.5020380179505,0.012419332816779606,146.1724816014297,3898,47.920500351692006,34.105187578531684
