RMS,MAV,IEMG,VAR,WL,WAMP,FMN,FMD
0.06994304148290341,0.05620916204003359,429.49420714789665,0.0038002608021737824,118.38265416876035,4349,51.18221136306024,47.76861667321031
