RMS,MAV,IEMG,VAR,WL,WAMP,FMN,FMD
0.0906283834879816,0.07566325862162317,445.20261372963074,0.004554558894486562,104.30863340567527,3504,52.582317849101216,48.43643779741672
