RMS,MAV,IEMG,VAR,WL,WAMP,FMN,FMD
<<<<<<<< HEAD:features/2/3af63d9b-2990-441e-b924-eb90fed04583-o5p4.csv
0.180445713115308,0.14760881602788953,872.2204939087992,0.01569471945464872,190.8625856475827,4402,52.117600471718625,49.75461160940938
========
0.180445713115308,0.14760881602788953,872.2204939087992,0.01569471945464872,190.8625856475827,4402,16.549211596319992,0.0
>>>>>>>> devP:features/2/225c8bae-6cf1-4997-b6e5-33125eb54b09-o5p4.csv
