RMS,MAV,IEMG,VAR,WL,WAMP,FMN,FMD
0.180445713115308,0.14760881602788953,872.2204939087992,0.01569471945464872,190.8625856475827,4402,52.117600471718625,49.75461160940938
