RMS,MAV,IEMG,VAR,WL,WAMP,FMN,FMD
0.16751354459362613,0.1609391130216637,954.8517575575306,0.0021683859111530967,60.75765192429451,2288,47.041618964719994,44.83397943704703
