RMS,MAV,IEMG,VAR,WL,WAMP,FMN,FMD
<<<<<<<< HEAD:features/2/3fdbe494-0f6d-476f-8c2c-c356b49d5b0a-o8p6.csv
0.11157392602077511,0.0842760793426585,469.5020380179505,0.012419332816779606,146.1724816014297,3898,47.85806984627464,45.772751750134624
========
0.11157392602077511,0.0842760793426585,469.5020380179505,0.012419332816779606,146.1724816014297,3898,47.63248874014843,45.593250762879194
>>>>>>>> devP:features/2/4612aa34-ca12-4f17-88c4-24e5416536e4-o8p6.csv
