RMS,MAV,IEMG,VAR,WL,WAMP,FMN,FMD
0.13696276869681925,0.09706365872844472,620.8191612271324,0.018755391121753916,201.25757528153946,4330,49.019050799819546,47.52970606629143
