RMS,MAV,IEMG,VAR,WL,WAMP,FMN,FMD
<<<<<<<< HEAD:features/2/74675282-c440-458a-bea1-c9a4a7f1951f-o10p3.csv
0.11533437827781097,0.10401811889934619,941.676030395781,0.0026031654117022822,110.77433619836144,4441,48.257144000439894,47.16668507677012
========
0.11533437827781097,0.10401811889934619,941.676030395781,0.0026031654117022822,110.77433619836144,4441,5.234031788956469,0.0
>>>>>>>> devP:features/2/40f3aebb-b062-4f47-a692-04b8e40670f4-o10p3.csv
