RMS,MAV,IEMG,VAR,WL,WAMP,FMN,FMD
0.12324673706355137,0.09288189744165372,594.3512617291422,0.014530954704887668,181.48500512897826,4359,48.51517469677049,45.944678856071256
