RMS,MAV,IEMG,VAR,WL,WAMP,FMN,FMD
<<<<<<<< HEAD:features/2/d110cc33-5fad-4e7e-b79c-c658b009bfad-o3p6.csv
0.04916172662370754,0.03224461528858825,35.21111989513837,0.0023874809060582024,11.304674613058417,377,48.270161189001804,46.7032967032967
========
0.04916172662370754,0.03224461528858825,35.21111989513837,0.0023874809060582024,11.304674613058417,377,47.110129694530464,44.87179487179487
>>>>>>>> devP:features/2/48447caf-0bdc-4d9c-a441-c36b7367db5d-o3p6.csv
