RMS,MAV,IEMG,VAR,WL,WAMP,FMN,FMD
0.13973677409317778,0.11956992030008153,686.6900522833682,0.008215166929621391,110.02898289752497,3500,11.57136020977054,0.0
