RMS,MAV,IEMG,VAR,WL,WAMP,FMN,FMD
<<<<<<<< HEAD:features/2/27ad5e66-8fef-4a51-b5ab-41d42478f097-o7p1.csv
0.13973677409317778,0.11956992030008153,686.6900522833682,0.008215166929621391,110.02898289752497,3500,43.43582756925689,39.87462998432875
========
0.13973677409317778,0.11956992030008153,686.6900522833682,0.008215166929621391,110.02898289752497,3500,11.57136020977054,0.0
>>>>>>>> devP:features/2/48c41c75-4192-411e-9a14-b14bd06b3716-o7p1.csv
