RMS,MAV,IEMG,VAR,WL,WAMP,FMN,FMD
0.11003884626181142,0.09567168203068138,569.3421797645849,0.003538277893471055,98.29826136150223,3426,0.189268371001844,0.0
