RMS,MAV,IEMG,VAR,WL,WAMP,FMN,FMD
0.062256124734711614,0.04538273943839121,272.2056711514705,0.003074167183886008,82.63862646862104,3035,52.381453711137866,49.51650550183394
