RMS,MAV,IEMG,VAR,WL,WAMP,FMN,FMD
<<<<<<<< HEAD:features/2/c1873870-241c-47f4-aca6-423125acff09-o11p5.csv
0.10331460877402512,0.07809154861896869,465.8160875121483,0.008996787514721336,130.02330296364084,3889,46.07769436065904,42.4140821458508
========
0.10331460877402512,0.07809154861896869,465.8160875121483,0.008996787514721336,130.02330296364084,3889,33.56410358093056,36.54652137468567
>>>>>>>> devP:features/2/4ba4450e-2bed-4364-962a-00cd4ed99284-o11p5.csv
