RMS,MAV,IEMG,VAR,WL,WAMP,FMN,FMD
0.10331460877402512,0.07809154861896869,465.8160875121483,0.008996787514721336,130.02330296364084,3889,33.56410358093056,36.54652137468567
