RMS,MAV,IEMG,VAR,WL,WAMP,FMN,FMD
0.14153085927378198,0.11940451630893782,730.1586172291547,0.010119731038839407,162.47473907342342,4078,55.69540325407216,53.47506132461161
