RMS,MAV,IEMG,VAR,WL,WAMP,FMN,FMD
<<<<<<<< HEAD:features/2/9a9acb6d-0862-4401-8794-ce8aa3f2362a-o7p6.csv
0.11793113277974768,0.09460291221174955,582.7539392243772,0.009568635794733887,168.3352884017434,4280,56.67926873359019,52.75974025974026
========
0.11793113277974768,0.09460291221174955,582.7539392243772,0.009568635794733887,168.3352884017434,4280,29.722540318874668,27.272727272727273
>>>>>>>> devP:features/2/5638ddef-ffb7-403e-846d-1d3b5335b0ac-o7p6.csv
