RMS,MAV,IEMG,VAR,WL,WAMP,FMN,FMD
<<<<<<<< HEAD:features/2/0303f838-114d-4f10-8ccf-80bcf39c2a8e-o5p2.csv
0.06865138757144497,0.05555848370427158,308.01623365648163,0.0026496501830122476,63.9141412965884,2518,46.72651917059993,46.71717171717171
========
0.06865138757144497,0.05555848370427158,308.01623365648163,0.0026496501830122476,63.9141412965884,2518,18.27067051814782,0.0
>>>>>>>> devP:features/2/57e0a8e3-972f-40af-91d5-85c1713e7707-o5p2.csv
