RMS,MAV,IEMG,VAR,WL,WAMP,FMN,FMD
0.06865138757144497,0.05555848370427158,308.01623365648163,0.0026496501830122476,63.9141412965884,2518,18.27067051814782,0.0
