RMS,MAV,IEMG,VAR,WL,WAMP,FMN,FMD
0.08146476264656898,0.0671648565269934,370.34701888984165,0.00395610551073704,84.90481096058389,3012,50.51601991209314,46.971345665578525
