RMS,MAV,IEMG,VAR,WL,WAMP,FMN,FMD
<<<<<<<< HEAD:features/2/5bb830fb-3340-4f9f-ba49-5452b5beba44-o1p3.csv
0.08146476264656898,0.0671648565269934,370.34701888984165,0.00395610551073704,84.90481096058389,3012,50.51601991209314,46.971345665578525
========
0.08146476264656898,0.0671648565269934,370.34701888984165,0.00395610551073704,84.90481096058389,3012,21.449892105873367,0.0
>>>>>>>> devP:features/2/bf7cdead-e72a-4e21-b6a3-c516ac5da0f8-o1p3.csv
