RMS,MAV,IEMG,VAR,WL,WAMP,FMN,FMD
<<<<<<<< HEAD:features/2/9fef4d8a-8526-4eb8-bb7d-81b1c0a5cf91-o7p3.csv
0.11093798489106563,0.08838835835053899,607.2280218682029,0.009104407891296278,134.85090686860894,3949,43.833766760375134,40.174672489082965
========
0.11093798489106563,0.08838835835053899,607.2280218682029,0.009104407891296278,134.85090686860894,3949,25.730420191998416,29.54876273653566
>>>>>>>> devP:features/2/5d9eb133-df2b-4879-8c32-ad555906cc5d-o7p3.csv
