RMS,MAV,IEMG,VAR,WL,WAMP,FMN,FMD
<<<<<<<< HEAD:features/2/5e70ff0b-4a38-4f18-a51b-bd4b5ce425cf-o10p2.csv
0.04521613879080665,0.03497116206706333,207.97350081282562,0.0013283722544591866,47.86590458705794,1790,47.17233702780979,44.05582646712629
========
0.04521613879080665,0.03497116206706333,207.97350081282562,0.0013283722544591866,47.86590458705794,1790,22.698627071394814,0.0
>>>>>>>> devP:features/2/9fd696a6-6178-41a1-a593-c96eab0de31e-o10p2.csv
