RMS,MAV,IEMG,VAR,WL,WAMP,FMN,FMD
<<<<<<<< HEAD:features/2/37f838c4-482b-48ba-8a7a-9eaf7d247f10-o10p6.csv
0.06994304148290341,0.05620916204003359,429.49420714789665,0.0038002608021737824,118.38265416876035,4349,51.18221136306024,47.76861667321031
========
0.06994304148290341,0.05620916204003359,429.49420714789665,0.0038002608021737824,118.38265416876035,4349,32.5054044795445,37.42965580421411
>>>>>>>> devP:features/2/5f48f335-6450-435b-9888-5820c98293e7-o10p6.csv
