RMS,MAV,IEMG,VAR,WL,WAMP,FMN,FMD
<<<<<<<< HEAD:features/2/8459c418-b7b7-40ab-8f34-202f748eeab4-o8p1.csv
0.04849670712963424,0.03565105224551302,225.56420755736087,0.0023453528909779674,75.36015838102298,2906,49.93163616302626,43.1484115694642
========
0.04849670712963424,0.03565105224551302,225.56420755736087,0.0023453528909779674,75.36015838102298,2906,49.65312462040817,43.1484115694642
>>>>>>>> devP:features/2/607b8772-9dfd-4761-936a-1f66395de6f9-o8p1.csv
