RMS,MAV,IEMG,VAR,WL,WAMP,FMN,FMD
<<<<<<<< HEAD:features/2/b35dd04f-c009-433f-bd23-d5799a83b73b-o3p5.csv
0.07283349618012758,0.05810744048811857,350.5621884648193,0.003288014705537176,83.59208667437377,3061,50.71677300071856,46.908668987236865
========
0.07283349618012758,0.05810744048811857,350.5621884648193,0.003288014705537176,83.59208667437377,3061,22.77665513063589,0.0
>>>>>>>> devP:features/2/61505a8d-5793-4d1f-b46e-c813b88c30a3-o3p5.csv
