RMS,MAV,IEMG,VAR,WL,WAMP,FMN,FMD
<<<<<<<< HEAD:features/2/4002fb00-44ab-4d50-9896-8389647870f5-o5p5.csv
0.13696276869681925,0.09706365872844472,620.8191612271324,0.018755391121753916,201.25757528153946,4330,49.019050799819546,47.52970606629143
========
0.13696276869681925,0.09706365872844472,620.8191612271324,0.018755391121753916,201.25757528153946,4330,49.001238353304494,47.373358348968104
>>>>>>>> devP:features/2/722c0407-0cb2-496f-850f-cfdd2e9de034-o5p5.csv
