RMS,MAV,IEMG,VAR,WL,WAMP,FMN,FMD
<<<<<<<< HEAD:features/2/e5e3ce39-2ec5-4093-a6c8-c8b22def34bd-o9p5.csv
0.10834629612530036,0.08189532128219427,463.77320442106617,0.011558996536782867,157.95701319130154,3969,52.744168716761955,49.796927423627054
========
0.10834629612530036,0.08189532128219427,463.77320442106617,0.011558996536782867,157.95701319130154,3969,51.15174784147175,49.090588027547234
>>>>>>>> devP:features/2/726e9ff2-a89d-4e15-8dec-595bd7de7f27-o9p5.csv
