RMS,MAV,IEMG,VAR,WL,WAMP,FMN,FMD
<<<<<<<< HEAD:features/2/73186890-feb2-4e0d-aaff-695aa9b72c68-o3p3.csv
0.07079838329487637,0.05088129294100589,294.8062113001881,0.004776683972585877,90.91133879602762,3189,48.57466537512061,45.56437694166379
========
0.07079838329487637,0.05088129294100589,294.8062113001881,0.004776683972585877,90.91133879602762,3189,44.21107401135121,45.04659993096306
>>>>>>>> devP:features/2/df3fe386-5a29-4d97-a3ad-922993df4078-o3p3.csv
