RMS,MAV,IEMG,VAR,WL,WAMP,FMN,FMD
0.11533437827781097,0.10401811889934619,941.676030395781,0.0026031654117022822,110.77433619836144,4441,48.257144000439894,47.16668507677012
