RMS,MAV,IEMG,VAR,WL,WAMP,FMN,FMD
0.07185460064263216,0.05229507962711051,284.4852331714812,0.004813936407577481,90.45605896318634,3126,49.484747702160504,46.507352941176464
