RMS,MAV,IEMG,VAR,WL,WAMP,FMN,FMD
<<<<<<<< HEAD:features/2/b72fcc35-4f54-4608-b5d8-39f21170e8bd-o11p6.csv
0.0696409252088761,0.05218039317929529,543.9805988941534,0.004760257628735325,179.2356027692283,6230,50.03206463360229,45.94724220623501
========
0.0696409252088761,0.05218039317929529,543.9805988941534,0.004760257628735325,179.2356027692283,6230,48.21692070505112,45.08393285371702
>>>>>>>> devP:features/2/79181203-62fc-4f07-872b-a43f02200272-o11p6.csv
