RMS,MAV,IEMG,VAR,WL,WAMP,FMN,FMD
<<<<<<<< HEAD:features/2/618840d5-ad66-418b-a741-3068f997f8aa-o11p2.csv
0.09604839963729433,0.0769325663791126,492.6761550918371,0.005390719459432363,109.02225026003487,3569,47.78741085958675,43.25421611492817
========
0.09604839963729433,0.0769325663791126,492.6761550918371,0.005390719459432363,109.02225026003487,3569,19.725197344852052,0.0
>>>>>>>> devP:features/2/83becbca-3198-4185-a057-a2c160c29eb5-o11p2.csv
