RMS,MAV,IEMG,VAR,WL,WAMP,FMN,FMD
<<<<<<<< HEAD:features/2/87e71835-4740-412d-b684-ee3331d1647e-o4p6.csv
0.08382989798769554,0.06286992509940832,343.0183113423718,0.005228059449403681,105.17889789458623,3373,56.31111501405824,53.1524926686217
========
0.08382989798769554,0.06286992509940832,343.0183113423718,0.005228059449403681,105.17889789458623,3373,33.3525609382381,40.13929618768328
>>>>>>>> devP:features/2/eb8350d0-e5e1-436d-b98a-663c90f3cfd2-o4p6.csv
