RMS,MAV,IEMG,VAR,WL,WAMP,FMN,FMD
<<<<<<<< HEAD:features/2/89acd679-0ddd-4bc0-9d01-c393712f87e7-o1p6.csv
0.09441083409623267,0.07629003946270889,448.66172208019094,0.006638224889869745,120.18626586273096,3753,50.695276858876746,47.100833191634074
========
0.09441083409623267,0.07629003946270889,448.66172208019094,0.006638224889869745,120.18626586273096,3753,30.077673767844352,32.81754803604829
>>>>>>>> devP:features/2/eceaf3e3-8fe6-4422-aca7-b7c984429e7d-o1p6.csv
