RMS,MAV,IEMG,VAR,WL,WAMP,FMN,FMD
0.07283349618012758,0.05810744048811857,350.5621884648193,0.003288014705537176,83.59208667437377,3061,0.5641986178952767,0.0
