RMS,MAV,IEMG,VAR,WL,WAMP,FMN,FMD
0.18571082085447105,0.15949006432214574,930.3055451910761,0.013396771958504647,158.90045947925123,4129,47.34935004338309,44.57397565575176
