RMS,MAV,IEMG,VAR,WL,WAMP,FMN,FMD
0.12720705231090262,0.09701958077451679,570.4751349541588,0.015609849709617112,166.4404627831392,4116,43.939771146463855,42.857142857142854
