RMS,MAV,IEMG,VAR,WL,WAMP,FMN,FMD
<<<<<<<< HEAD:features/2/d49c0278-714c-4f70-b674-4b0640463d4f-o8p4.csv
0.12720705231090262,0.09701958077451679,570.4751349541588,0.015609849709617112,166.4404627831392,4116,47.15877419545599,43.53741496598639
========
0.12720705231090262,0.09701958077451679,570.4751349541588,0.015609849709617112,166.4404627831392,4116,43.939771146463855,42.857142857142854
>>>>>>>> devP:features/2/8cf6df8b-ac31-4933-8bbb-7bf306ed0cf1-o8p4.csv
