RMS,MAV,IEMG,VAR,WL,WAMP,FMN,FMD
0.17559124930500525,0.14078259301520044,851.312339962917,0.025767518894052106,226.00158760648156,4620,47.324270639114815,42.33504216967091
