RMS,MAV,IEMG,VAR,WL,WAMP,FMN,FMD
0.20996184520698125,0.1641632965000312,1060.9873852797016,0.03871184961417479,290.9003341592099,4864,37.66421162585138,40.53844963639177
