RMS,MAV,IEMG,VAR,WL,WAMP,FMN,FMD
0.04641510226627114,0.036030691795686735,199.50194047271745,0.00202214856659421,74.4620927118391,2944,52.68830791605113,53.27794834748059
