RMS,MAV,IEMG,VAR,WL,WAMP,FMN,FMD
<<<<<<<< HEAD:features/2/43c14f69-5717-4db3-af9d-18b8f357fed4-o6p6.csv
0.04641510226627114,0.036030691795686735,199.50194047271745,0.00202214856659421,74.4620927118391,2944,59.578095706487176,56.52880621275059
========
0.04641510226627114,0.036030691795686735,199.50194047271745,0.00202214856659421,74.4620927118391,2944,52.68830791605113,53.27794834748059
>>>>>>>> devP:features/2/91f2811b-70b9-4c52-8ed3-479096a4590e-o6p6.csv
