RMS,MAV,IEMG,VAR,WL,WAMP,FMN,FMD
0.09531536360978003,0.07575201537541836,418.68138897993725,0.006883257530952311,128.22510928412743,3760,-0.9155606885660449,38.71901574090827
