RMS,MAV,IEMG,VAR,WL,WAMP,FMN,FMD
<<<<<<<< HEAD:features/2/9643fed1-0586-4c3a-b9e4-b70bb8e0f476-o10p4.csv
0.0899481406073794,0.07219136719823453,542.3737417603361,0.004269284435909209,113.49258188568925,4002,49.23666487297209,46.45281512045788
========
0.0899481406073794,0.07219136719823453,542.3737417603361,0.004269284435909209,113.49258188568925,4002,17.646442003065985,0.0
>>>>>>>> devP:features/2/818bcab2-5850-47e3-8f61-cfb47daf288e-o10p4.csv
