RMS,MAV,IEMG,VAR,WL,WAMP,FMN,FMD
<<<<<<<< HEAD:features/2/2a5403b2-35b2-4c61-b642-df1da2170cb6-o9p1.csv
0.15320393492062678,0.11204824785512253,703.6629965301695,0.023045904931142717,213.34695737577061,4467,47.795892135661,43.63057324840764
========
0.15320393492062678,0.11204824785512253,703.6629965301695,0.023045904931142717,213.34695737577061,4467,46.093660843012046,42.9936305732484
>>>>>>>> devP:features/2/971dad8d-228d-42c0-b588-6c23db3e08a9-o9p1.csv
