RMS,MAV,IEMG,VAR,WL,WAMP,FMN,FMD
0.15320393492062678,0.11204824785512253,703.6629965301695,0.023045904931142717,213.34695737577061,4467,46.093660843012046,42.9936305732484
