RMS,MAV,IEMG,VAR,WL,WAMP,FMN,FMD
0.06966760914645165,0.056073737185823584,271.2847405050145,0.0031001761618190005,75.37121688405911,2738,56.45405077484618,54.154609342703594
