RMS,MAV,IEMG,VAR,WL,WAMP,FMN,FMD
0.11793113277974768,0.09460291221174955,582.7539392243772,0.009568635794733887,168.3352884017434,4280,56.67926873359019,52.75974025974026
