RMS,MAV,IEMG,VAR,WL,WAMP,FMN,FMD
0.14664243997344598,0.12262054660196434,769.1986888341223,0.011954254023818995,148.80275998224636,3998,18.421454629287982,0.0
