RMS,MAV,IEMG,VAR,WL,WAMP,FMN,FMD
0.04916172662370754,0.03224461528858825,35.21111989513837,0.0023874809060582024,11.304674613058417,377,43.842631517572904,44.87179487179487
