RMS,MAV,IEMG,VAR,WL,WAMP,FMN,FMD
0.04521613879080665,0.03497116206706333,207.97350081282562,0.0013283722544591866,47.86590458705794,1790,22.698627071394814,0.0
