RMS,MAV,IEMG,VAR,WL,WAMP,FMN,FMD
0.06734761975115285,0.052956252227658505,335.1601203488507,0.0034591344209593767,78.05808805839271,2934,27.793906652234572,33.02259440669932
