RMS,MAV,IEMG,VAR,WL,WAMP,FMN,FMD
<<<<<<<< HEAD:features/2/119c7870-19b0-402f-8027-3a32264e1f4e-o5p1.csv
0.06734761975115285,0.052956252227658505,335.1601203488507,0.0034591344209593767,78.05808805839271,2934,45.094197413371006,43.92479064623163
========
0.06734761975115285,0.052956252227658505,335.1601203488507,0.0034591344209593767,78.05808805839271,2934,27.793906652234572,33.02259440669932
>>>>>>>> devP:features/2/a0d57e02-7047-4c10-b336-b81282b32bff-o5p1.csv
