RMS,MAV,IEMG,VAR,WL,WAMP,FMN,FMD
0.11768745754800371,0.0938750422971447,490.02772079109536,0.011734984751823307,142.61225365552258,3759,49.76135818331733,46.36015325670498
