RMS,MAV,IEMG,VAR,WL,WAMP,FMN,FMD
0.11093798489106563,0.08838835835053899,607.2280218682029,0.009104407891296278,134.85090686860894,3949,-0.985445506451302,29.54876273653566
