RMS,MAV,IEMG,VAR,WL,WAMP,FMN,FMD
0.08845760225846719,0.06742569297288713,405.2958404600245,0.006157754867458823,106.67063598977597,3481,46.97390793495658,42.5885875894194
