RMS,MAV,IEMG,VAR,WL,WAMP,FMN,FMD
0.14155245694266821,0.13219053719511492,819.052568460932,0.0029754812536915485,69.78544254945082,2602,43.311238292704594,37.76630083925113
