RMS,MAV,IEMG,VAR,WL,WAMP,FMN,FMD
<<<<<<<< HEAD:features/2/8be5348d-1ff5-4fdd-aaea-b262fa31778d-o6p2.csv
0.18571082085447105,0.15949006432214574,930.3055451910761,0.013396771958504647,158.90045947925123,4129,47.34935004338309,44.57397565575176
========
0.18571082085447105,0.15949006432214574,930.3055451910761,0.013396771958504647,158.90045947925123,4129,11.412839821576561,0.0
>>>>>>>> devP:features/2/b3066720-3298-4825-bf4c-7e84cc7f0735-o6p2.csv
