RMS,MAV,IEMG,VAR,WL,WAMP,FMN,FMD
0.07283349618012758,0.05810744048811857,350.5621884648193,0.003288014705537176,83.59208667437377,3061,50.71677300071856,46.908668987236865
