RMS,MAV,IEMG,VAR,WL,WAMP,FMN,FMD
<<<<<<<< HEAD:features/2/b5872c7a-5633-4a63-a645-e358d2cf13cf-o9p2.csv
0.20996184520698125,0.1641632965000312,1060.9873852797016,0.03871184961417479,290.9003341592099,4864,48.117699318527556,43.9424415905926
========
0.20996184520698125,0.1641632965000312,1060.9873852797016,0.03871184961417479,290.9003341592099,4864,37.66421162585138,40.53844963639177
>>>>>>>> devP:features/2/8e0a4121-baf0-429e-8c32-81b0f3d60111-o9p2.csv
