RMS,MAV,IEMG,VAR,WL,WAMP,FMN,FMD
0.08085375098515049,0.06921378175202221,362.12650612658024,0.002329053348584409,58.7801403083688,2255,-1.4873634527201627,0.0
