RMS,MAV,IEMG,VAR,WL,WAMP,FMN,FMD
<<<<<<<< HEAD:features/2/49a78027-7807-4930-b359-a012ef3f2902-o5p3.csv
0.09259003933392021,0.06997585274354028,390.46525830895473,0.008041419041584414,113.67828311182069,3433,47.25097772037537,45.878136200716845
========
0.09259003933392021,0.06997585274354028,390.46525830895473,0.008041419041584414,113.67828311182069,3433,41.734153015849806,43.54838709677419
>>>>>>>> devP:features/2/bbb00758-00bb-411d-8e55-1dc08aaa874f-o5p3.csv
