RMS,MAV,IEMG,VAR,WL,WAMP,FMN,FMD
0.22691903904549646,0.18227791763638865,1162.204002849614,0.03877630908944932,281.58068646260216,4889,-5.621601301115171,33.563362609786694
