RMS,MAV,IEMG,VAR,WL,WAMP,FMN,FMD
<<<<<<<< HEAD:features/2/0cbb007f-4875-439c-b110-8ce6bf57ad78-o10p5.csv
0.08085375098515049,0.06921378175202221,362.12650612658024,0.002329053348584409,58.7801403083688,2255,49.11728445979469,45.68042813455658
========
0.08085375098515049,0.06921378175202221,362.12650612658024,0.002329053348584409,58.7801403083688,2255,10.645913404819012,0.0
>>>>>>>> devP:features/2/beb7f098-2525-41ee-9d18-27f93212ecf7-o10p5.csv
