RMS,MAV,IEMG,VAR,WL,WAMP,FMN,FMD
0.10331460877402512,0.07809154861896869,465.8160875121483,0.008996787514721336,130.02330296364084,3889,46.07769436065904,42.4140821458508
