RMS,MAV,IEMG,VAR,WL,WAMP,FMN,FMD
<<<<<<<< HEAD:features/2/37edc6bc-90fa-4f72-b3d0-bf48289a5f88-o11p3.csv
0.0796391617952836,0.06210632275273888,370.89895947935656,0.00565199029620233,101.91468954892098,3492,45.44010052259475,42.53181513730743
========
0.0796391617952836,0.06210632275273888,370.89895947935656,0.00565199029620233,101.91468954892098,3492,36.51844762607295,39.01540522438044
>>>>>>>> devP:features/2/c1b6da7b-1f36-44fe-bada-90b1a501f8ba-o11p3.csv
