RMS,MAV,IEMG,VAR,WL,WAMP,FMN,FMD
0.0796391617952836,0.06210632275273888,370.89895947935656,0.00565199029620233,101.91468954892098,3492,36.51844762607295,39.01540522438044
