RMS,MAV,IEMG,VAR,WL,WAMP,FMN,FMD
0.11533437827781097,0.10401811889934619,941.676030395781,0.0026031654117022822,110.77433619836144,4441,0.22297857381817282,0.0
