RMS,MAV,IEMG,VAR,WL,WAMP,FMN,FMD
<<<<<<<< HEAD:features/2/ca87c634-a27d-4ac8-974c-b55fb7c6ae22-o1p1.csv
0.10630027178609197,0.07658432561029084,487.918738463163,0.011289103642404085,149.67494372294237,4121,46.362609014768736,43.32129963898917
========
0.10630027178609197,0.07658432561029084,487.918738463163,0.011289103642404085,149.67494372294237,4121,46.27534588959821,43.32129963898917
>>>>>>>> devP:features/2/c398f676-b3fc-42f8-bd3a-8e3c8daf5f67-o1p1.csv
