RMS,MAV,IEMG,VAR,WL,WAMP,FMN,FMD
<<<<<<<< HEAD:features/2/97dc6b9c-01de-41cb-8d28-b93ebc9b166c-o3p4.csv
0.06966760914645165,0.056073737185823584,271.2847405050145,0.0031001761618190005,75.37121688405911,2738,56.45405077484618,54.154609342703594
========
0.06966760914645165,0.056073737185823584,271.2847405050145,0.0031001761618190005,75.37121688405911,2738,26.48980820620641,0.0
>>>>>>>> devP:features/2/c6146063-51bc-4ab8-a6e8-73470372dbb8-o3p4.csv
