RMS,MAV,IEMG,VAR,WL,WAMP,FMN,FMD
<<<<<<<< HEAD:features/2/2cb12c8e-66ec-4198-a648-5099af780033-o4p1.csv
0.11746056961305619,0.10035872589929426,637.9804205418136,0.005994491245054791,129.86832956567412,4053,52.83403174319003,49.86628913009281
========
0.11746056961305619,0.10035872589929426,637.9804205418136,0.005994491245054791,129.86832956567412,4053,14.662998685428812,0.0
>>>>>>>> devP:features/2/c67198a9-de23-471d-b0b8-66e9532892b7-o4p1.csv
