RMS,MAV,IEMG,VAR,WL,WAMP,FMN,FMD
0.10630027178609197,0.07658432561029084,487.918738463163,0.011289103642404085,149.67494372294237,4121,46.362609014768736,43.32129963898917
