RMS,MAV,IEMG,VAR,WL,WAMP,FMN,FMD
<<<<<<<< HEAD:features/2/9875f448-ca95-4841-ba37-255f7ee42f17-o3p2.csv
0.0993743323099356,0.07089174301001629,386.9980250916789,0.009864907042224817,125.98862081254067,3589,48.57653704319485,45.24638212126762
========
0.0993743323099356,0.07089174301001629,386.9980250916789,0.009864907042224817,125.98862081254067,3589,48.4748114121048,45.24638212126762
>>>>>>>> devP:features/2/cd374b41-041f-47ce-8922-245df6b01c0f-o3p2.csv
