RMS,MAV,IEMG,VAR,WL,WAMP,FMN,FMD
0.04849670712963424,0.03565105224551302,225.56420755736087,0.0023453528909779674,75.36015838102298,2906,21.178749894551043,43.1484115694642
