RMS,MAV,IEMG,VAR,WL,WAMP,FMN,FMD
0.07079838329487637,0.05088129294100589,294.8062113001881,0.004776683972585877,90.91133879602762,3189,4.140644305333133,0.0
