RMS,MAV,IEMG,VAR,WL,WAMP,FMN,FMD
<<<<<<<< HEAD:features/2/a1c69fd0-30d3-4a04-82dc-b85947e38721-o6p5.csv
0.11862266811677515,0.0933527636502295,507.09221214804666,0.010950219334454218,161.64375879920752,3981,58.16825936081318,56.332842415316634
========
0.11862266811677515,0.0933527636502295,507.09221214804666,0.010950219334454218,161.64375879920752,3981,37.048530274963746,40.500736377025035
>>>>>>>> devP:features/2/d0686f52-95f7-47bc-b36d-57c85b94859e-o6p5.csv
