RMS,MAV,IEMG,VAR,WL,WAMP,FMN,FMD
0.11862266811677515,0.0933527636502295,507.09221214804666,0.010950219334454218,161.64375879920752,3981,37.048530274963746,40.500736377025035
