RMS,MAV,IEMG,VAR,WL,WAMP,FMN,FMD
0.04916172662370754,0.03224461528858825,35.21111989513837,0.0023874809060582024,11.304674613058417,377,48.270161189001804,46.7032967032967
