RMS,MAV,IEMG,VAR,WL,WAMP,FMN,FMD
<<<<<<<< HEAD:features/2/d251d027-9614-4085-9437-ba0c1f98be57-o2p1.csv
0.11003884626181142,0.09567168203068138,569.3421797645849,0.003538277893471055,98.29826136150223,3426,56.70839842882724,54.444631154427825
========
0.11003884626181142,0.09567168203068138,569.3421797645849,0.003538277893471055,98.29826136150223,3426,9.703169571034149,0.0
>>>>>>>> devP:features/2/d64e93ce-3da9-4267-8c23-37f55d3528a9-o2p1.csv
