RMS,MAV,IEMG,VAR,WL,WAMP,FMN,FMD
<<<<<<<< HEAD:features/2/e57cc35b-e49c-49d6-b890-4a2bd371983f-o7p5.csv
0.11852627385909557,0.09094716140978269,557.6879937647875,0.012877478526896047,178.0929029811519,4225,52.40602505629228,45.33594259621657
========
0.11852627385909557,0.09094716140978269,557.6879937647875,0.012877478526896047,178.0929029811519,4225,44.34169962883711,42.72667971298108
>>>>>>>> devP:features/2/d36255cf-9540-4815-b315-fab697448a13-o7p5.csv
