RMS,MAV,IEMG,VAR,WL,WAMP,FMN,FMD
<<<<<<<< HEAD:features/2/d4cb1635-5667-4475-befc-a0cf41163e64-o7p4.csv
0.08910886768935808,0.07389261281200703,444.8335291282823,0.004369433236141046,113.93398929243634,3709,57.49228380208001,55.64784053156146
========
0.08910886768935808,0.07389261281200703,444.8335291282823,0.004369433236141046,113.93398929243634,3709,21.822701398082792,0.0
>>>>>>>> devP:features/2/9fdd654a-1ea0-4e7b-bf18-a7656bdaea01-o7p4.csv
