RMS,MAV,IEMG,VAR,WL,WAMP,FMN,FMD
0.08910886768935808,0.07389261281200703,444.8335291282823,0.004369433236141046,113.93398929243634,3709,57.49228380208001,55.64784053156146
