RMS,MAV,IEMG,VAR,WL,WAMP,FMN,FMD
<<<<<<<< HEAD:features/2/a9e52321-24e6-42db-be6b-6493f1a07356-o6p3.csv
0.11768745754800371,0.0938750422971447,490.02772079109536,0.011734984751823307,142.61225365552258,3759,49.76135818331733,46.36015325670498
========
0.11768745754800371,0.0938750422971447,490.02772079109536,0.011734984751823307,142.61225365552258,3759,36.575228428253546,40.99616858237548
>>>>>>>> devP:features/2/d6daa45e-bbf0-4059-af33-2eaf1a21dede-o6p3.csv
