RMS,MAV,IEMG,VAR,WL,WAMP,FMN,FMD
<<<<<<<< HEAD:features/2/4483c088-f54a-4dfe-b2f7-439e97ccd0f2-o5p6.csv
0.12324673706355137,0.09288189744165372,594.3512617291422,0.014530954704887668,181.48500512897826,4359,48.51517469677049,45.944678856071256
========
0.12324673706355137,0.09288189744165372,594.3512617291422,0.014530954704887668,181.48500512897826,4359,44.48175297317341,43.91311142365994
>>>>>>>> devP:features/2/e2836b59-32df-4244-9dd6-085a48434c58-o5p6.csv
