RMS,MAV,IEMG,VAR,WL,WAMP,FMN,FMD
<<<<<<<< HEAD:features/2/341ba043-f306-488f-bfa8-a27a62880739-o9p4.csv
0.16220337560372408,0.1296377603559872,727.1381978367322,0.020616902769375833,206.9814469317232,4147,52.43791922855559,50.276341593866995
========
0.16220337560372408,0.1296377603559872,727.1381978367322,0.020616902769375833,206.9814469317232,4147,33.781476277033875,37.79639864503476
>>>>>>>> devP:features/2/e47ebce5-d2a1-4499-a412-da39656b3146-o9p4.csv
