RMS,MAV,IEMG,VAR,WL,WAMP,FMN,FMD
0.16220337560372408,0.1296377603559872,727.1381978367322,0.020616902769375833,206.9814469317232,4147,33.781476277033875,37.79639864503476
