RMS,MAV,IEMG,VAR,WL,WAMP,FMN,FMD
0.11852627385909557,0.09094716140978269,557.6879937647875,0.012877478526896047,178.0929029811519,4225,52.40602505629228,45.33594259621657
