RMS,MAV,IEMG,VAR,WL,WAMP,FMN,FMD
0.10834629612530036,0.08189532128219427,463.77320442106617,0.011558996536782867,157.95701319130154,3969,52.744168716761955,49.796927423627054
