RMS,MAV,IEMG,VAR,WL,WAMP,FMN,FMD
<<<<<<<< HEAD:features/2/aefa9a8a-205e-4bc2-91c3-a3797d3f936b-o1p4.csv
0.14155245694266821,0.13219053719511492,819.052568460932,0.0029754812536915485,69.78544254945082,2602,43.311238292704594,37.76630083925113
========
0.14155245694266821,0.13219053719511492,819.052568460932,0.0029754812536915485,69.78544254945082,2602,3.473753151571586,0.0
>>>>>>>> devP:features/2/e97fb35e-66b7-4c9e-a853-dd8924c89532-o1p4.csv
