RMS,MAV,IEMG,VAR,WL,WAMP,FMN,FMD
<<<<<<<< HEAD:features/2/49440936-d4ff-49c8-8ebf-36dd8234d8f6-o4p4.csv
0.062256124734711614,0.04538273943839121,272.2056711514705,0.003074167183886008,82.63862646862104,3035,52.381453711137866,49.51650550183394
========
0.062256124734711614,0.04538273943839121,272.2056711514705,0.003074167183886008,82.63862646862104,3035,34.42649556650415,37.84594864954985
>>>>>>>> devP:features/2/e9bb5998-aa39-4b14-8885-42aa795d68b7-o4p4.csv
