RMS,MAV,IEMG,VAR,WL,WAMP,FMN,FMD
<<<<<<<< HEAD:features/2/127fd6f9-7fc8-47f5-b722-2cd0ce4f888d-o7p2.csv
0.1055482779164771,0.08337642181914338,511.7644771259021,0.009096155523895129,129.85929854648097,3872,45.19324439050384,41.87031606386445
========
0.1055482779164771,0.08337642181914338,511.7644771259021,0.009096155523895129,129.85929854648097,3872,31.178873020616642,34.53893776474422
>>>>>>>> devP:features/2/ea08bf59-6242-48d9-ae6e-6e6ff077ac24-o7p2.csv
