RMS,MAV,IEMG,VAR,WL,WAMP,FMN,FMD
0.1055482779164771,0.08337642181914338,511.7644771259021,0.009096155523895129,129.85929854648097,3872,31.178873020616642,34.53893776474422
