RMS,MAV,IEMG,VAR,WL,WAMP,FMN,FMD
<<<<<<<< HEAD:features/2/44c08be3-ea50-40de-9c7a-a0130639eabd-o6p4.csv
0.09531536360978003,0.07575201537541836,418.68138897993725,0.006883257530952311,128.22510928412743,3760,56.392617498053596,51.74597430794283
========
0.09531536360978003,0.07575201537541836,418.68138897993725,0.006883257530952311,128.22510928412743,3760,34.39111284067737,38.71901574090827
>>>>>>>> devP:features/2/eb76080b-f493-4e5e-8c04-a3f339e670d2-o6p4.csv
