RMS,MAV,IEMG,VAR,WL,WAMP,FMN,FMD
0.08382989798769554,0.06286992509940832,343.0183113423718,0.005228059449403681,105.17889789458623,3373,33.3525609382381,40.13929618768328
