RMS,MAV,IEMG,VAR,WL,WAMP,FMN,FMD
0.17320918757590045,0.16672108095460042,972.3173441272297,0.0026796771284598358,72.06079621255886,2557,53.34623661464621,49.039780521262
