RMS,MAV,IEMG,VAR,WL,WAMP,FMN,FMD
<<<<<<<< HEAD:features/2/ec517d68-6002-4382-9a88-5c31a7a5d079-o4p5.csv
0.17320918757590045,0.16672108095460042,972.3173441272297,0.0026796771284598358,72.06079621255886,2557,53.34623661464621,49.039780521262
========
0.17320918757590045,0.16672108095460042,972.3173441272297,0.0026796771284598358,72.06079621255886,2557,2.4937681667446276,0.0
>>>>>>>> devP:features/2/84be4638-021c-459c-917e-871082c78d4f-o4p5.csv
