RMS,MAV,IEMG,VAR,WL,WAMP,FMN,FMD
0.09441083409623267,0.07629003946270889,448.66172208019094,0.006638224889869745,120.18626586273096,3753,30.077673767844352,32.81754803604829
