RMS,MAV,IEMG,VAR,WL,WAMP,FMN,FMD
<<<<<<<< HEAD:features/2/efa8278d-571e-465f-bbab-71dd9e6a2e7e-o3p1.csv
0.14664243997344598,0.12262054660196434,769.1986888341223,0.011954254023818995,148.80275998224636,3998,47.85370656029817,44.63574047505181
========
0.14664243997344598,0.12262054660196434,769.1986888341223,0.011954254023818995,148.80275998224636,3998,18.421454629287982,0.0
>>>>>>>> devP:features/2/9aa24923-df14-4801-8355-216068d39e5d-o3p1.csv
