RMS,MAV,IEMG,VAR,WL,WAMP,FMN,FMD
0.06734761975115285,0.052956252227658505,335.1601203488507,0.0034591344209593767,78.05808805839271,2934,0.511499079770167,0.0
