RMS,MAV,IEMG,VAR,WL,WAMP,FMN,FMD
<<<<<<<< HEAD:features/2/f4e90ab6-cd53-44f1-acda-332d376d74d3-o2p3.csv
0.07663060064930284,0.0615882870591099,358.99812526755164,0.003287502907701405,92.46980735589806,3152,58.197566626756604,54.72636815920398
========
0.07663060064930284,0.0615882870591099,358.99812526755164,0.003287502907701405,92.46980735589806,3152,22.623244948721123,0.0
>>>>>>>> devP:features/2/4063ffc9-4add-4f82-85d1-f73b8dc2f0a2-o2p3.csv
