RMS,MAV,IEMG,VAR,WL,WAMP,FMN,FMD
0.07663060064930284,0.0615882870591099,358.99812526755164,0.003287502907701405,92.46980735589806,3152,58.197566626756604,54.72636815920398
