RMS,MAV,IEMG,VAR,WL,WAMP,FMN,FMD
<<<<<<<< HEAD:features/2/ae77d2d0-ccc7-475d-b4f2-6640c22dccc5-o11p1.csv
0.08845760225846719,0.06742569297288713,405.2958404600245,0.006157754867458823,106.67063598977597,3481,46.97390793495658,42.5885875894194
========
0.08845760225846719,0.06742569297288713,405.2958404600245,0.006157754867458823,106.67063598977597,3481,30.474266304103725,34.27050407586092
>>>>>>>> devP:features/2/f9e34d01-1456-4da2-9ed9-2d7eafc1fd53-o11p1.csv
