RMS,MAV,IEMG,VAR,WL,WAMP,FMN,FMD
0.0899481406073794,0.07219136719823453,542.3737417603361,0.004269284435909209,113.49258188568925,4002,-0.4704745548673795,0.0
