{"window_size": 900, "threshold": 0.0038, "cutoff": 100, "segments": [[8.902, 14.613999999999999], [24.717000000000002, 29.554000000000002], [38.961, 46.263], [53.835, 61.246], [68.906, 75.397], [84.575, 90.718], [99.14500000000001, 106.268], [114.28500000000001, 120.74700000000001], [129.12300000000002, 136.076], [144.142, 150.293], [159.06900000000002, 164.87300000000002], [174.162, 180.281], [189.19400000000002, 195.452], [204.28900000000002, 210.22], [219.33100000000002, 226.01600000000002], [234.267, 240.816], [249.002, 255.443], [264.272, 270.75399999999996]]}