RMS,MAV,IEMG,VAR,WL,WAMP,FMN,FMD
<<<<<<<< HEAD:features/9/cf41768e-6028-4bb4-a6b5-8e5b2d9ebfbb-o1p4.csv
0.20715945695276994,0.16565260874144552,1121.9651190058105,0.025818497718191807,326.2515076806271,5005,66.68239653224606,68.35966336926029
========
0.20715945695276994,0.16565260874144552,1121.9651190058105,0.025818497718191807,326.2515076806271,5005,28.68844983815978,0.0
>>>>>>>> devP:features/9/00337ecf-518e-431f-bc5e-3e20eabb4e72-o1p4.csv
