RMS,MAV,IEMG,VAR,WL,WAMP,FMN,FMD
0.19497409686538505,0.1605976515487847,1182.962301308348,0.02117030530942443,297.069404900724,5363,61.63276912501298,59.3266358946511
