RMS,MAV,IEMG,VAR,WL,WAMP,FMN,FMD
<<<<<<<< HEAD:features/9/00e4b348-1719-4094-8407-52a7878fb405-o4p1.csv
0.179140467475733,0.13951986471218716,967.9888213731546,0.024268820959813045,336.0628635289502,5271,70.39806711817779,75.9584894782358
========
0.179140467475733,0.13951986471218716,967.9888213731546,0.024268820959813045,336.0628635289502,5271,42.80420252614594,47.27587200922456
>>>>>>>> devP:features/9/1632be46-bfe3-48ca-834b-89ef88fcd1d3-o4p1.csv
