RMS,MAV,IEMG,VAR,WL,WAMP,FMN,FMD
<<<<<<<< HEAD:features/9/8476d157-5b4e-461b-addb-5e58bfb2e703-o6p1.csv
0.2250754737223971,0.17977869516857067,1232.5627340757205,0.03792543514628004,401.36324469757966,5450,64.60221778996802,63.15635939323221
========
0.2250754737223971,0.17977869516857067,1232.5627340757205,0.03792543514628004,401.36324469757966,5450,38.64916390652249,45.070011668611436
>>>>>>>> devP:features/9/013d3dba-22b8-46d0-9186-e2605c6c0898-o6p1.csv
