RMS,MAV,IEMG,VAR,WL,WAMP,FMN,FMD
0.26352091960175705,0.21747243660639093,1517.9576075126088,0.04214891646187322,447.14745395367504,5456,-0.9736853285988291,0.0
