RMS,MAV,IEMG,VAR,WL,WAMP,FMN,FMD
<<<<<<<< HEAD:features/9/0599737b-1551-4653-9f3e-9db60ff1cd50-o8p6.csv
0.11994429336270558,0.0869824422471526,567.1255234514349,0.014356724443038305,249.21102820902615,4858,68.58136814131959,72.08588957055215
========
0.11994429336270558,0.0869824422471526,567.1255234514349,0.014356724443038305,249.21102820902615,4858,68.29680550046702,72.08588957055215
>>>>>>>> devP:features/9/95afb260-31ef-4105-9ba2-c4a3b94ae65c-o8p6.csv
