RMS,MAV,IEMG,VAR,WL,WAMP,FMN,FMD
0.10629497052754176,0.07670927295926422,492.6269509443948,0.011236817320697083,204.63384612262,4470,64.36158758801365,66.17876051074431
