RMS,MAV,IEMG,VAR,WL,WAMP,FMN,FMD
<<<<<<<< HEAD:features/9/6325574d-6a21-40fb-af43-65c006fe9b8f-o8p5.csv
0.10629497052754176,0.07670927295926422,492.6269509443948,0.011236817320697083,204.63384612262,4470,65.06957585866525,67.11304889442542
========
0.10629497052754176,0.07670927295926422,492.6269509443948,0.011236817320697083,204.63384612262,4470,64.36158758801365,66.17876051074431
>>>>>>>> devP:features/9/07f53242-2cc1-407c-9f4d-cb9279466df1-o8p5.csv
