RMS,MAV,IEMG,VAR,WL,WAMP,FMN,FMD
0.2216607863896709,0.15572939773578984,1038.7150828977183,0.047060467304437414,420.29955936572276,4871,68.2615988571881,70.01499250374813
