RMS,MAV,IEMG,VAR,WL,WAMP,FMN,FMD
<<<<<<<< HEAD:features/9/085ed43d-fd9f-4303-b4fe-ae302f41c165-o5p2.csv
0.2216607863896709,0.15572939773578984,1038.7150828977183,0.047060467304437414,420.29955936572276,4871,68.2615988571881,70.01499250374813
========
0.2216607863896709,0.15572939773578984,1038.7150828977183,0.047060467304437414,420.29955936572276,4871,62.734616900645456,67.01649175412294
>>>>>>>> devP:features/9/cb5c42bf-6b0f-488f-8989-1932f841bf14-o5p2.csv
