RMS,MAV,IEMG,VAR,WL,WAMP,FMN,FMD
<<<<<<<< HEAD:features/9/00c626ab-0bd2-4e68-9f4a-efe8e722a5b7-o5p4.csv
0.19497409686538505,0.1605976515487847,1182.962301308348,0.02117030530942443,297.069404900724,5363,61.63276912501298,59.3266358946511
========
0.19497409686538505,0.1605976515487847,1182.962301308348,0.02117030530942443,297.069404900724,5363,23.784116627883712,0.0
>>>>>>>> devP:features/9/09e448ff-a11b-4944-bfa9-f7c975b1b256-o5p4.csv
