RMS,MAV,IEMG,VAR,WL,WAMP,FMN,FMD
0.08499202543802556,0.06580750046435031,463.6796482718123,0.006134161473900721,171.8826139338135,4706,-5.489113078430118,51.66051660516605
