RMS,MAV,IEMG,VAR,WL,WAMP,FMN,FMD
0.11994429336270558,0.0869824422471526,567.1255234514349,0.014356724443038305,249.21102820902615,4858,83.26920832724488,0.0
