RMS,MAV,IEMG,VAR,WL,WAMP,FMN,FMD
0.1383432553690696,0.10485283382223226,734.5989537585592,0.017957632394066742,287.0135721968113,5476,63.402124556913336,62.80331144733086
