RMS,MAV,IEMG,VAR,WL,WAMP,FMN,FMD
<<<<<<<< HEAD:features/9/ff6c12d1-c591-4c0e-9496-19e475e83908-o6p4.csv
0.2384786281407794,0.17626041072831808,1107.0916397845658,0.05468351053450731,454.08537104724377,5181,67.49503565995555,67.3459640184684
========
0.2384786281407794,0.17626041072831808,1107.0916397845658,0.05468351053450731,454.08537104724377,5181,62.49285296742554,64.79859894921191
>>>>>>>> devP:features/9/107dc089-8cf0-4e0b-a90a-05318d7f1397-o6p4.csv
