RMS,MAV,IEMG,VAR,WL,WAMP,FMN,FMD
<<<<<<<< HEAD:features/9/cc839b4c-7b9c-4926-b323-ab5821c7184e-o9p5.csv
0.052522956469211464,0.0382824407666431,264.9144901051702,0.0025822501635945493,105.58360829991736,3708,64.23973193526797,64.59537572254335
========
0.052522956469211464,0.0382824407666431,264.9144901051702,0.0025822501635945493,105.58360829991736,3708,56.51754804465951,60.404624277456655
>>>>>>>> devP:features/9/1164a700-220d-49af-b604-affb0e5f1f70-o9p5.csv
