RMS,MAV,IEMG,VAR,WL,WAMP,FMN,FMD
0.052522956469211464,0.0382824407666431,264.9144901051702,0.0025822501635945493,105.58360829991736,3708,56.51754804465951,60.404624277456655
