RMS,MAV,IEMG,VAR,WL,WAMP,FMN,FMD
<<<<<<<< HEAD:features/9/1370888d-2b3c-4ffb-9cb1-d760b041d6d5-o9p4.csv
0.09830204631944012,0.0832953216095498,518.430081697838,0.003953785820721664,115.32161318929967,3845,59.90458820741879,58.001285347043705
========
0.09830204631944012,0.0832953216095498,518.430081697838,0.003953785820721664,115.32161318929967,3845,15.407078411017409,0.0
>>>>>>>> devP:features/9/1e89e5f2-5751-4bee-b582-4eef5c6d1700-o9p4.csv
