RMS,MAV,IEMG,VAR,WL,WAMP,FMN,FMD
<<<<<<<< HEAD:features/9/03dd75a7-7738-459e-b66c-8e7d97f1d344-o1p3.csv
0.20239523445254082,0.15268526892828585,954.2829308017865,0.03826232362359256,394.6612420486505,5016,68.4962692027515,71.36
========
0.20239523445254082,0.15268526892828585,954.2829308017865,0.03826232362359256,394.6612420486505,5016,60.02075160680665,66.08
>>>>>>>> devP:features/9/1542b0d0-9a12-4702-a963-5f845b0c3723-o1p3.csv
