RMS,MAV,IEMG,VAR,WL,WAMP,FMN,FMD
0.179140467475733,0.13951986471218716,967.9888213731546,0.024268820959813045,336.0628635289502,5271,42.80420252614594,47.27587200922456
