RMS,MAV,IEMG,VAR,WL,WAMP,FMN,FMD
0.10562756013055528,0.08315060096244475,640.4259286127495,0.006947271158047651,179.38713210282617,4580,31.225995779140668,0.0
