RMS,MAV,IEMG,VAR,WL,WAMP,FMN,FMD
0.09830204631944012,0.0832953216095498,518.430081697838,0.003953785820721664,115.32161318929967,3845,15.407078411017409,0.0
