RMS,MAV,IEMG,VAR,WL,WAMP,FMN,FMD
0.20085462216894198,0.156521564608504,1030.8510245116074,0.030798124536375083,342.1750663188111,5097,64.70110464837612,68.93410264196781
