RMS,MAV,IEMG,VAR,WL,WAMP,FMN,FMD
0.08827730020953216,0.0684992067133282,474.1515088696578,0.005771743884673899,152.72741870595866,4631,58.7210685010613,59.809303669459695
