RMS,MAV,IEMG,VAR,WL,WAMP,FMN,FMD
<<<<<<<< HEAD:features/9/250bd0ac-39a9-4329-8724-a1f0fb670ea7-o3p5.csv
0.08827730020953216,0.0684992067133282,474.1515088696578,0.005771743884673899,152.72741870595866,4631,58.7210685010613,59.809303669459695
========
0.08827730020953216,0.0684992067133282,474.1515088696578,0.005771743884673899,152.72741870595866,4631,34.53457233957053,33.08292401040162
>>>>>>>> devP:features/9/be78212d-a368-44c8-aa8b-fe167fa72a21-o3p5.csv
