RMS,MAV,IEMG,VAR,WL,WAMP,FMN,FMD
<<<<<<<< HEAD:features/9/503ec820-4d9e-491e-8084-149918efd964-o11p1.csv
0.0894284035422456,0.06850489326703542,508.4433178279369,0.006331446699225987,168.36944853750302,4688,60.2772405930467,58.87900835354351
========
0.0894284035422456,0.06850489326703542,508.4433178279369,0.006331446699225987,168.36944853750302,4688,39.493436607781845,40.28563729452977
>>>>>>>> devP:features/9/26a6c561-9350-4886-80a3-826900d5a5b8-o11p1.csv
