RMS,MAV,IEMG,VAR,WL,WAMP,FMN,FMD
<<<<<<<< HEAD:features/9/83ee4368-e913-4f94-b9ff-dde9ae82f4df-o1p6.csv
0.208725495282261,0.14730260749058904,969.5457625030572,0.041288780659247355,402.14410171999583,5167,70.87989827792401,76.26861136432696
========
0.208725495282261,0.14730260749058904,969.5457625030572,0.041288780659247355,402.14410171999583,5167,63.837186373668054,70.6472196900638
>>>>>>>> devP:features/9/26eac9ec-999f-4576-8ec3-1186334f1fdf-o1p6.csv
