RMS,MAV,IEMG,VAR,WL,WAMP,FMN,FMD
0.208725495282261,0.14730260749058904,969.5457625030572,0.041288780659247355,402.14410171999583,5167,63.837186373668054,70.6472196900638
