RMS,MAV,IEMG,VAR,WL,WAMP,FMN,FMD
0.1403118664796214,0.1098780188479673,755.741013636319,0.01462494461002223,234.78344399647608,5022,35.036392169437754,36.49316661820296
