RMS,MAV,IEMG,VAR,WL,WAMP,FMN,FMD
<<<<<<<< HEAD:features/9/8e6141ce-3e3c-42e6-9c9b-f0daa053e720-o3p4.csv
0.07124189465807011,0.05646612235740841,392.66541487341806,0.003319071793343412,107.52180286804011,3703,56.168758715219916,53.78199597354042
========
0.07124189465807011,0.05646612235740841,392.66541487341806,0.003319071793343412,107.52180286804011,3703,27.28851870263887,0.0
>>>>>>>> devP:features/9/34b85c4f-7b6a-4cb3-bdd7-8911bf83e290-o3p4.csv
