RMS,MAV,IEMG,VAR,WL,WAMP,FMN,FMD
0.11098267779336084,0.08725449888309665,616.5402891079609,0.008502503567655039,185.49804900117158,4740,60.253503385482055,59.86413812623833
