RMS,MAV,IEMG,VAR,WL,WAMP,FMN,FMD
0.1690405443278624,0.12401842640355257,782.9283258856274,0.02834107619888389,314.38367557845385,4983,23.775480416826355,63.678124504989704
