RMS,MAV,IEMG,VAR,WL,WAMP,FMN,FMD
<<<<<<<< HEAD:features/9/d9cefbf4-bfca-460a-96f0-4124c4c1c52f-o8p1.csv
0.09684445927567596,0.06875272332796296,522.4519445691906,0.009371884803744688,212.36529546123498,4866,64.15269303228214,64.87695749440715
========
0.09684445927567596,0.06875272332796296,522.4519445691906,0.009371884803744688,212.36529546123498,4866,64.05748749909574,64.87695749440715
>>>>>>>> devP:features/9/3d6af525-4d46-4543-8f31-023f04d20bf6-o8p1.csv
