RMS,MAV,IEMG,VAR,WL,WAMP,FMN,FMD
<<<<<<<< HEAD:features/9/0f75b3b5-fa90-4b39-ae6a-24c1728ee5ec-o4p5.csv
0.26352091960175705,0.21747243660639093,1517.9576075126088,0.04214891646187322,447.14745395367504,5456,68.06761615033656,68.76790830945558
========
0.26352091960175705,0.21747243660639093,1517.9576075126088,0.04214891646187322,447.14745395367504,5456,29.657292199117066,0.0
>>>>>>>> devP:features/9/3f0ab231-b306-4098-b422-bdf6552499d7-o4p5.csv
