RMS,MAV,IEMG,VAR,WL,WAMP,FMN,FMD
0.18035604328483373,0.1197474605850477,843.9801022034162,0.029915408569515637,308.00513192614835,4672,-13.633714061572771,0.0
