RMS,MAV,IEMG,VAR,WL,WAMP,FMN,FMD
<<<<<<<< HEAD:features/9/44ceb242-0458-4858-a32a-8e140598eea3-o1p1.csv
0.19514055371446065,0.13173458930925333,940.1897639001411,0.03806887847237174,421.8211159985771,5516,69.59960116281461,71.45859604875997
========
0.19514055371446065,0.13173458930925333,940.1897639001411,0.03806887847237174,421.8211159985771,5516,69.55955899559007,71.45859604875997
>>>>>>>> devP:features/9/e6ea4d74-ce00-4d92-8215-78547a54d2fa-o1p1.csv
