RMS,MAV,IEMG,VAR,WL,WAMP,FMN,FMD
0.052492393136951865,0.040362564839146506,200.844122639593,0.0026654457989779704,82.38840111439595,2967,64.4358007543892,66.72025723472669
