RMS,MAV,IEMG,VAR,WL,WAMP,FMN,FMD
0.12089135333516143,0.10749362739749503,723.539606012539,0.003923740916877584,128.8984409455478,3976,0.1435441576181792,0.0
