RMS,MAV,IEMG,VAR,WL,WAMP,FMN,FMD
0.24643087870892633,0.1876924953101211,1215.121214637724,0.058919876233142106,506.28104635316026,5499,28.8187815720651,66.88291628050665
