RMS,MAV,IEMG,VAR,WL,WAMP,FMN,FMD
0.13482801804063646,0.10065340586416582,664.0105184859019,0.01761239975822468,273.55351477364707,4997,35.27906195623546,35.01591632560254
