RMS,MAV,IEMG,VAR,WL,WAMP,FMN,FMD
<<<<<<<< HEAD:features/9/8429871f-e7fb-4872-96f5-d420f3e0fc5d-o9p6.csv
0.12778437643857113,0.12569224258744946,723.7359328185339,0.0005303070151322124,40.7891707959994,1463,62.77016472955055,61.82702327196943
========
0.12778437643857113,0.12569224258744946,723.7359328185339,0.0005303070151322124,40.7891707959994,1463,1.0361085551898068,0.0
>>>>>>>> devP:features/9/4f3b1a54-f750-4db7-85a3-95821689b8bc-o9p6.csv
