RMS,MAV,IEMG,VAR,WL,WAMP,FMN,FMD
<<<<<<<< HEAD:features/9/54397b9b-64ad-4530-8779-c2f7ccd0b7e1-o6p5.csv
0.23440548406672074,0.17668045955712958,1170.1546836468692,0.051810834333810916,483.4068680072938,5520,68.83219549976646,71.87075343499924
========
0.23440548406672074,0.17668045955712958,1170.1546836468692,0.051810834333810916,483.4068680072938,5520,61.401349563086974,68.09602898988373
>>>>>>>> devP:features/9/33a08b87-4dbe-4a3f-a615-8ce62c18cd6c-o6p5.csv
