RMS,MAV,IEMG,VAR,WL,WAMP,FMN,FMD
0.23440548406672074,0.17668045955712958,1170.1546836468692,0.051810834333810916,483.4068680072938,5520,68.83219549976646,71.87075343499924
