RMS,MAV,IEMG,VAR,WL,WAMP,FMN,FMD
0.07615267914615512,0.055794371759764115,363.44453764310344,0.0057708472883673595,145.32205769154646,4272,54.907001132470995,60.63862450107461
