RMS,MAV,IEMG,VAR,WL,WAMP,FMN,FMD
<<<<<<<< HEAD:features/9/6286bc21-45de-4fee-b76c-879bd1cf5513-o11p3.csv
0.10618335038460193,0.07624637231315357,534.5633162875197,0.010585089847968283,200.49813866369786,4705,61.93854818801005,61.04692625873628
========
0.10618335038460193,0.07624637231315357,534.5633162875197,0.010585089847968283,200.49813866369786,4705,54.79653597953096,56.4826700898588
>>>>>>>> devP:features/9/5700858c-d413-4ae8-a71c-23314d038a8f-o11p3.csv
