RMS,MAV,IEMG,VAR,WL,WAMP,FMN,FMD
0.11887206384923266,0.09232230161885209,640.9014178380712,0.012084499672707001,231.09922084719565,4991,-24.413017754842667,54.739268222414296
