RMS,MAV,IEMG,VAR,WL,WAMP,FMN,FMD
<<<<<<<< HEAD:features/9/f4bb4191-7ec5-43e2-bd76-423951008845-o3p3.csv
0.1690405443278624,0.12401842640355257,782.9283258856274,0.02834107619888389,314.38367557845385,4983,63.397508000747536,63.83652779977824
========
0.1690405443278624,0.12401842640355257,782.9283258856274,0.02834107619888389,314.38367557845385,4983,62.36922757505413,63.678124504989704
>>>>>>>> devP:features/9/5bae4eea-8646-4c11-8ad3-5d1fd4d8549c-o3p3.csv
