RMS,MAV,IEMG,VAR,WL,WAMP,FMN,FMD
<<<<<<<< HEAD:features/9/6a6f86f2-768d-4cdf-b60c-7479087127bd-o2p1.csv
0.22299445753735828,0.1636846510190176,1025.3206539831262,0.041152508808664834,341.5647165047087,4508,66.35202719571997,64.17624521072797
========
0.22299445753735828,0.1636846510190176,1025.3206539831262,0.041152508808664834,341.5647165047087,4508,46.8357933419213,55.87484035759898
>>>>>>>> devP:features/9/5cb10d88-df3b-4f79-b836-38c2f6508c4d-o2p1.csv
