RMS,MAV,IEMG,VAR,WL,WAMP,FMN,FMD
<<<<<<<< HEAD:features/9/0db070c4-63c0-4f8c-99da-fdf12ccc3c48-o7p5.csv
0.1383432553690696,0.10485283382223226,734.5989537585592,0.017957632394066742,287.0135721968113,5476,63.402124556913336,62.80331144733086
========
0.1383432553690696,0.10485283382223226,734.5989537585592,0.017957632394066742,287.0135721968113,5476,56.030883671970166,57.95032829003711
>>>>>>>> devP:features/9/5e2cb31f-49a7-4e5f-96eb-8fd28be69125-o7p5.csv
