RMS,MAV,IEMG,VAR,WL,WAMP,FMN,FMD
0.24329529463190924,0.17163996901617187,1119.9507978305214,0.05905545633304236,493.10614660815236,5447,69.38731960301884,72.79693486590038
