RMS,MAV,IEMG,VAR,WL,WAMP,FMN,FMD
<<<<<<<< HEAD:features/9/70b9829c-ba67-40b2-91eb-702d9eee93ce-o6p6.csv
0.24329529463190924,0.17163996901617187,1119.9507978305214,0.05905545633304236,493.10614660815236,5447,69.70959493893426,72.79693486590038
========
0.24329529463190924,0.17163996901617187,1119.9507978305214,0.05905545633304236,493.10614660815236,5447,69.38731960301884,72.79693486590038
>>>>>>>> devP:features/9/5fb73d13-dea2-4a11-b3da-1ed033c63b0a-o6p6.csv
