RMS,MAV,IEMG,VAR,WL,WAMP,FMN,FMD
0.2384786281407794,0.17626041072831808,1107.0916397845658,0.05468351053450731,454.08537104724377,5181,12.279501167896552,0.0
