RMS,MAV,IEMG,VAR,WL,WAMP,FMN,FMD
0.17414917891748471,0.15144344534437407,1034.6616185927637,0.010130680991769203,201.9452780802514,4907,-0.8000898646068415,0.0
