RMS,MAV,IEMG,VAR,WL,WAMP,FMN,FMD
<<<<<<<< HEAD:features/9/c35c371b-3c2b-4c7c-8095-caa7dbf7bb48-o8p4.csv
0.13482801804063646,0.10065340586416582,664.0105184859019,0.01761239975822468,273.55351477364707,4997,65.86524694985987,67.30331969076852
========
0.13482801804063646,0.10065340586416582,664.0105184859019,0.01761239975822468,273.55351477364707,4997,61.886268809634856,64.57480673033196
>>>>>>>> devP:features/9/6209a0ef-2edb-4194-a59d-b2e4aebd955c-o8p4.csv
