RMS,MAV,IEMG,VAR,WL,WAMP,FMN,FMD
0.10618335038460193,0.07624637231315357,534.5633162875197,0.010585089847968283,200.49813866369786,4705,61.93854818801005,61.04692625873628
