RMS,MAV,IEMG,VAR,WL,WAMP,FMN,FMD
0.10629497052754176,0.07670927295926422,492.6269509443948,0.011236817320697083,204.63384612262,4470,65.06957585866525,67.11304889442542
