RMS,MAV,IEMG,VAR,WL,WAMP,FMN,FMD
<<<<<<<< HEAD:features/9/650bc2d1-8fd6-4c62-a1fa-06dc9be48370-o4p2.csv
0.1841113616443428,0.15388554035064148,973.1721571774567,0.017302137585640538,275.4697255826773,4915,69.46583837101566,73.84566729917775
========
0.1841113616443428,0.15388554035064148,973.1721571774567,0.017302137585640538,275.4697255826773,4915,23.80399035754981,0.0
>>>>>>>> devP:features/9/bf361cb5-5e16-4952-bc64-2c4ce6080291-o4p2.csv
