RMS,MAV,IEMG,VAR,WL,WAMP,FMN,FMD
<<<<<<<< HEAD:features/9/171fe15d-3d7a-4a59-8ebc-3b6cd1906547-o6p3.csv
0.20925459050313483,0.15769020086632707,1296.6865217238076,0.04166045014942948,535.4227707043331,6740,67.62410495395808,67.61522558676882
========
0.20925459050313483,0.15769020086632707,1296.6865217238076,0.04166045014942948,535.4227707043331,6740,61.35860352202654,65.18302322753253
>>>>>>>> devP:features/9/656e79f0-ac59-40e7-a10c-81645f3ef912-o6p3.csv
