RMS,MAV,IEMG,VAR,WL,WAMP,FMN,FMD
0.20925459050313483,0.15769020086632707,1296.6865217238076,0.04166045014942948,535.4227707043331,6740,61.35860352202654,65.18302322753253
