RMS,MAV,IEMG,VAR,WL,WAMP,FMN,FMD
0.0894284035422456,0.06850489326703542,508.4433178279369,0.006331446699225987,168.36944853750302,4688,10.126832225206819,40.28563729452977
