RMS,MAV,IEMG,VAR,WL,WAMP,FMN,FMD
0.22299445753735828,0.1636846510190176,1025.3206539831262,0.041152508808664834,341.5647165047087,4508,66.35202719571997,64.17624521072797
