RMS,MAV,IEMG,VAR,WL,WAMP,FMN,FMD
0.2250754737223971,0.17977869516857067,1232.5627340757205,0.03792543514628004,401.36324469757966,5450,3.192054258510716,0.0
