RMS,MAV,IEMG,VAR,WL,WAMP,FMN,FMD
0.20925459050313483,0.15769020086632707,1296.6865217238076,0.04166045014942948,535.4227707043331,6740,27.394647828001016,0.0
