RMS,MAV,IEMG,VAR,WL,WAMP,FMN,FMD
0.11887206384923266,0.09232230161885209,640.9014178380712,0.012084499672707001,231.09922084719565,4991,62.933091793621536,62.51800633823106
