RMS,MAV,IEMG,VAR,WL,WAMP,FMN,FMD
<<<<<<<< HEAD:features/9/a373f65f-0e0d-4412-b489-980a1f40692a-o4p4.csv
0.23992276661663384,0.17540716713251814,1165.0544040941854,0.05676010466856853,487.36835170773384,5603,65.78524952308912,66.84733514001807
========
0.23992276661663384,0.17540716713251814,1165.0544040941854,0.05676010466856853,487.36835170773384,5603,63.975478828784034,66.39566395663957
>>>>>>>> devP:features/9/7832a127-2d4e-4e4c-a795-27bdbb001bee-o4p4.csv
