RMS,MAV,IEMG,VAR,WL,WAMP,FMN,FMD
0.1862507997070004,0.13195003380348472,831.4171629957573,0.03361492801620953,335.45733715109327,4547,18.84154929902716,63.64069195365814
