RMS,MAV,IEMG,VAR,WL,WAMP,FMN,FMD
<<<<<<<< HEAD:features/9/772503b3-7061-4aff-a079-9581ba479c77-o7p2.csv
0.11887206384923266,0.09232230161885209,640.9014178380712,0.012084499672707001,231.09922084719565,4991,62.933091793621536,62.51800633823106
========
0.11887206384923266,0.09232230161885209,640.9014178380712,0.012084499672707001,231.09922084719565,4991,47.013171044268674,54.739268222414296
>>>>>>>> devP:features/9/7a42f166-f199-4b96-b675-4ed2cd1f410d-o7p2.csv
