RMS,MAV,IEMG,VAR,WL,WAMP,FMN,FMD
0.05109955515154168,0.03975505677118057,261.2304780434275,0.0021843246248705434,97.05808875018153,3633,7.774747534264785,0.0
