RMS,MAV,IEMG,VAR,WL,WAMP,FMN,FMD
0.208725495282261,0.14730260749058904,969.5457625030572,0.041288780659247355,402.14410171999583,5167,70.87989827792401,76.26861136432696
