RMS,MAV,IEMG,VAR,WL,WAMP,FMN,FMD
0.12778437643857113,0.12569224258744946,723.7359328185339,0.0005303070151322124,40.7891707959994,1463,62.77016472955055,61.82702327196943
