RMS,MAV,IEMG,VAR,WL,WAMP,FMN,FMD
0.18272985965545369,0.13683952261868434,983.1919700152471,0.029732772980580056,376.27859644210037,5539,67.95038732675519,71.81628392484342
