RMS,MAV,IEMG,VAR,WL,WAMP,FMN,FMD
0.21739889337937998,0.1796333487427388,1152.8868322308977,0.026220937511320444,314.09766475824085,4966,25.38451275294943,0.0
