RMS,MAV,IEMG,VAR,WL,WAMP,FMN,FMD
<<<<<<<< HEAD:features/9/9aa076d3-6330-419c-bcd2-00883dcde136-o6p2.csv
0.21739889337937998,0.1796333487427388,1152.8868322308977,0.026220937511320444,314.09766475824085,4966,66.12479495392876,66.06419445310065
========
0.21739889337937998,0.1796333487427388,1152.8868322308977,0.026220937511320444,314.09766475824085,4966,25.38451275294943,0.0
>>>>>>>> devP:features/9/87d9ddde-e20e-4f66-a284-f46947f8bbd7-o6p2.csv
