RMS,MAV,IEMG,VAR,WL,WAMP,FMN,FMD
<<<<<<<< HEAD:features/9/5054192b-aa64-45dc-8ce9-6bbf64faaa72-o3p2.csv
0.21070428090125376,0.1548089739630895,1039.387451188183,0.04438630932821222,432.2825424191173,5535,64.88167423920716,66.13047363717604
========
0.21070428090125376,0.1548089739630895,1039.387451188183,0.04438630932821222,432.2825424191173,5535,64.85249721310961,66.13047363717604
>>>>>>>> devP:features/9/888a7c5f-dfc1-4b6d-a569-c6a8ae553e6f-o3p2.csv
