RMS,MAV,IEMG,VAR,WL,WAMP,FMN,FMD
<<<<<<<< HEAD:features/9/8b6514e2-33d4-4b92-ad07-7a7d323940ae-o7p4.csv
0.1298921577410115,0.10166756642969185,741.0548917060239,0.01331014595169677,259.24733445447873,5519,64.00990937165477,64.61791740979558
========
0.1298921577410115,0.10166756642969185,741.0548917060239,0.01331014595169677,259.24733445447873,5519,41.69470504163081,47.605981616133896
>>>>>>>> devP:features/9/26f6ddf2-7133-4919-8ac2-1b7732326fa3-o7p4.csv
