RMS,MAV,IEMG,VAR,WL,WAMP,FMN,FMD
0.05974708900393197,0.04457728877650353,308.96518850994596,0.002856050249914833,106.87573343483392,3562,41.60596418978555,44.14947338046458
