RMS,MAV,IEMG,VAR,WL,WAMP,FMN,FMD
<<<<<<<< HEAD:features/9/8a7f9a1e-bee6-4c6f-8c8b-2af829a0d748-o10p2.csv
0.05974708900393197,0.04457728877650353,308.96518850994596,0.002856050249914833,106.87573343483392,3562,62.39880230121675,62.90578560092339
========
0.05974708900393197,0.04457728877650353,308.96518850994596,0.002856050249914833,106.87573343483392,3562,41.60596418978555,44.14947338046458
>>>>>>>> devP:features/9/8e36548b-195d-414b-8a97-ac8d24fa27ba-o10p2.csv
