RMS,MAV,IEMG,VAR,WL,WAMP,FMN,FMD
<<<<<<<< HEAD:features/9/461b0092-d89a-4dc6-a4eb-ed794a476ca4-o11p6.csv
0.052492393136951865,0.040362564839146506,200.844122639593,0.0026654457989779704,82.38840111439595,2967,64.4358007543892,66.72025723472669
========
0.052492393136951865,0.040362564839146506,200.844122639593,0.0026654457989779704,82.38840111439595,2967,60.35942302114571,63.70578778135048
>>>>>>>> devP:features/9/8f311130-395d-4a60-8d9f-505d28fd5e32-o11p6.csv
