RMS,MAV,IEMG,VAR,WL,WAMP,FMN,FMD
<<<<<<<< HEAD:features/9/ddf2c894-6d82-4abb-843c-3dae9cd11c2a-o9p2.csv
0.09178391782798209,0.07848790206960954,495.33714996130584,0.0030423201002214456,102.88002818428612,3583,62.416874537665564,60.84614165742355
========
0.09178391782798209,0.07848790206960954,495.33714996130584,0.0030423201002214456,102.88002818428612,3583,13.754063748701551,0.0
>>>>>>>> devP:features/9/920b225e-17bc-45cc-8cd9-d696336b7932-o9p2.csv
