RMS,MAV,IEMG,VAR,WL,WAMP,FMN,FMD
0.09178391782798209,0.07848790206960954,495.33714996130584,0.0030423201002214456,102.88002818428612,3583,13.754063748701551,0.0
