RMS,MAV,IEMG,VAR,WL,WAMP,FMN,FMD
<<<<<<<< HEAD:features/9/b5f7a93d-11e2-4453-8991-54e832583c83-o8p2.csv
0.17414917891748471,0.15144344534437407,1034.6616185927637,0.010130680991769203,201.9452780802514,4907,60.21712378136417,61.47540983606557
========
0.17414917891748471,0.15144344534437407,1034.6616185927637,0.010130680991769203,201.9452780802514,4907,12.073986200288005,0.0
>>>>>>>> devP:features/9/930bf862-cf75-4c99-b02f-e2c0096052a3-o8p2.csv
