RMS,MAV,IEMG,VAR,WL,WAMP,FMN,FMD
<<<<<<<< HEAD:features/9/9b1a0d21-2d5d-4964-864b-2595f985e056-o10p3.csv
0.12089135333516143,0.10749362739749503,723.539606012539,0.003923740916877584,128.8984409455478,3976,66.64314800881188,70.71757539741495
========
0.12089135333516143,0.10749362739749503,723.539606012539,0.003923740916877584,128.8984409455478,3976,10.33326366711865,0.0
>>>>>>>> devP:features/9/9948a164-a4eb-4e53-95e4-eb9a020aa2e6-o10p3.csv
