RMS,MAV,IEMG,VAR,WL,WAMP,FMN,FMD
0.21070428090125376,0.1548089739630895,1039.387451188183,0.04438630932821222,432.2825424191173,5535,70.20211401975494,66.13047363717604
