RMS,MAV,IEMG,VAR,WL,WAMP,FMN,FMD
<<<<<<<< HEAD:features/9/9d49ddf4-98a4-45b6-991f-67d65400184a-o10p4.csv
0.0952749917564806,0.07674802598440604,776.3830308582515,0.005246882721577326,207.9037655347795,6020,61.4528654732589,60.10280743376829
========
0.0952749917564806,0.07674802598440604,776.3830308582515,0.005246882721577326,207.9037655347795,6020,24.979999897765254,0.0
>>>>>>>> devP:features/9/b3221837-4449-4575-956f-3546f4be5e17-o10p4.csv
