RMS,MAV,IEMG,VAR,WL,WAMP,FMN,FMD
<<<<<<<< HEAD:features/9/2b9d2793-2777-4bfe-9497-90cf7c8b9117-o5p3.csv
0.2890638708604531,0.2063128935055272,1324.5287763054846,0.0830285484197956,536.8348890280696,4979,64.49905916532371,62.616822429906534
========
0.2890638708604531,0.2063128935055272,1324.5287763054846,0.0830285484197956,536.8348890280696,4979,63.68694927969218,62.14953271028037
>>>>>>>> devP:features/9/a20e6579-e6a3-4164-b003-9df17d4fe767-o5p3.csv
