RMS,MAV,IEMG,VAR,WL,WAMP,FMN,FMD
0.2216607863896709,0.15572939773578984,1038.7150828977183,0.047060467304437414,420.29955936572276,4871,-12.874721147036686,67.01649175412294
