RMS,MAV,IEMG,VAR,WL,WAMP,FMN,FMD
<<<<<<<< HEAD:features/9/a3ba0f16-3867-45bb-a6a0-4c92aff96047-o11p5.csv
0.08323253258167486,0.06645077011125802,530.3435962579503,0.00524898800638329,185.51529663737824,5522,64.27652778169382,65.28004009522617
========
0.08323253258167486,0.06645077011125802,530.3435962579503,0.00524898800638329,185.51529663737824,5522,39.20220094504614,42.85177296078186
>>>>>>>> devP:features/9/a59e658c-48f7-4882-a431-c372a468f193-o11p5.csv
