RMS,MAV,IEMG,VAR,WL,WAMP,FMN,FMD
0.08323253258167486,0.06645077011125802,530.3435962579503,0.00524898800638329,185.51529663737824,5522,39.20220094504614,42.85177296078186
