RMS,MAV,IEMG,VAR,WL,WAMP,FMN,FMD
0.18028217131751692,0.1315786872357509,892.8929715818055,0.028586855444921237,323.22367088949045,4749,1.1001693469720684,0.0
