RMS,MAV,IEMG,VAR,WL,WAMP,FMN,FMD
<<<<<<<< HEAD:features/9/b3db28c9-58bc-4cae-98fb-ee8ab47e6ff6-o3p6.csv
0.07615267914615512,0.055794371759764115,363.44453764310344,0.0057708472883673595,145.32205769154646,4272,60.117500222436036,61.25268652133865
========
0.07615267914615512,0.055794371759764115,363.44453764310344,0.0057708472883673595,145.32205769154646,4272,59.531898551048094,60.63862450107461
>>>>>>>> devP:features/9/942d4b3c-6727-489e-ab33-4978e1e11d1a-o3p6.csv
