RMS,MAV,IEMG,VAR,WL,WAMP,FMN,FMD
<<<<<<<< HEAD:features/9/8ec9143e-5e08-42a3-971a-091cf7ddb0df-o7p3.csv
0.11304431696848606,0.0879039905555416,634.2272918582327,0.009567919411148889,202.25288330844407,4893,59.239346135389354,58.9050589050589
========
0.11304431696848606,0.0879039905555416,634.2272918582327,0.009567919411148889,202.25288330844407,4893,35.446728301226656,35.8974358974359
>>>>>>>> devP:features/9/b530c3fc-dd41-4586-b193-0de9506c313f-o7p3.csv
