RMS,MAV,IEMG,VAR,WL,WAMP,FMN,FMD
0.11304431696848606,0.0879039905555416,634.2272918582327,0.009567919411148889,202.25288330844407,4893,35.446728301226656,35.8974358974359
