RMS,MAV,IEMG,VAR,WL,WAMP,FMN,FMD
<<<<<<<< HEAD:features/9/0596a47f-6930-4fa0-8378-00066468d01f-o9p3.csv
0.04563370365092079,0.032337079242964965,259.3110384493361,0.0020019087918445896,97.82915169274492,3644,57.52554606095636,54.99438832772166
========
0.04563370365092079,0.032337079242964965,259.3110384493361,0.0020019087918445896,97.82915169274492,3644,53.24224294065345,52.62501558797855
>>>>>>>> devP:features/9/b652c977-a002-4b11-90da-78c3371b8d5d-o9p3.csv
