RMS,MAV,IEMG,VAR,WL,WAMP,FMN,FMD
<<<<<<<< HEAD:features/9/4c1a848f-3d14-4904-9bad-128211ccdd17-o9p1.csv
0.05109955515154168,0.03975505677118057,261.2304780434275,0.0021843246248705434,97.05808875018153,3633,64.41289908122218,65.8956018870796
========
0.05109955515154168,0.03975505677118057,261.2304780434275,0.0021843246248705434,97.05808875018153,3633,46.31286227769272,51.285953431745554
>>>>>>>> devP:features/9/b73fe3ea-1e73-4258-89ff-d6ba78adfa7d-o9p1.csv
