RMS,MAV,IEMG,VAR,WL,WAMP,FMN,FMD
0.07124189465807011,0.05646612235740841,392.66541487341806,0.003319071793343412,107.52180286804011,3703,-4.48327315914938,0.0
