RMS,MAV,IEMG,VAR,WL,WAMP,FMN,FMD
0.10562756013055528,0.08315060096244475,640.4259286127495,0.006947271158047651,179.38713210282617,4580,69.07067991027284,71.28018696442483
