RMS,MAV,IEMG,VAR,WL,WAMP,FMN,FMD
<<<<<<<< HEAD:features/9/bd3287a1-50c7-45a1-884c-a673a2b3eeeb-o10p5.csv
0.10562756013055528,0.08315060096244475,640.4259286127495,0.006947271158047651,179.38713210282617,4580,69.07067991027284,71.28018696442483
========
0.10562756013055528,0.08315060096244475,640.4259286127495,0.006947271158047651,179.38713210282617,4580,31.225995779140668,0.0
>>>>>>>> devP:features/9/1bbac4a0-ba99-4d59-ab2d-b150e19283a6-o10p5.csv
