RMS,MAV,IEMG,VAR,WL,WAMP,FMN,FMD
<<<<<<<< HEAD:features/9/bda194d7-732a-4565-9b82-b2c035944657-o7p6.csv
0.1450271554569565,0.11368023558468801,709.3646700484531,0.016700423103732397,236.93235930282162,4753,60.20652696639505,58.49358974358974
========
0.1450271554569565,0.11368023558468801,709.3646700484531,0.016700423103732397,236.93235930282162,4753,39.639718182301706,44.87179487179487
>>>>>>>> devP:features/9/e28980e3-8611-4c74-a4be-ea1ed619767e-o7p6.csv
