RMS,MAV,IEMG,VAR,WL,WAMP,FMN,FMD
0.1450271554569565,0.11368023558468801,709.3646700484531,0.016700423103732397,236.93235930282162,4753,60.20652696639505,58.49358974358974
