RMS,MAV,IEMG,VAR,WL,WAMP,FMN,FMD
0.15036000283237513,0.12531177092237888,847.4835067480484,0.011299563126639739,230.4669433297324,5091,66.64406013978066,67.7214254029277
