RMS,MAV,IEMG,VAR,WL,WAMP,FMN,FMD
0.16719776766585245,0.16106204068014082,1023.3882064816147,0.0020753400516530457,83.94288194351911,2955,2.383905607784369,0.0
