RMS,MAV,IEMG,VAR,WL,WAMP,FMN,FMD
<<<<<<<< HEAD:features/9/8aa4eee8-29ce-4005-9ae7-97cb56324f49-o10p1.csv
0.16719776766585245,0.16106204068014082,1023.3882064816147,0.0020753400516530457,83.94288194351911,2955,61.83911567762418,62.32294617563739
========
0.16719776766585245,0.16106204068014082,1023.3882064816147,0.0020753400516530457,83.94288194351911,2955,2.383905607784369,0.0
>>>>>>>> devP:features/9/c4acb2d0-f07c-40db-88c1-7420aad5ba5b-o10p1.csv
