RMS,MAV,IEMG,VAR,WL,WAMP,FMN,FMD
<<<<<<<< HEAD:features/9/1f5f9634-538d-4e13-b07f-8d505b1c2318-o3p1.csv
0.20085462216894198,0.156521564608504,1030.8510245116074,0.030798124536375083,342.1750663188111,5097,64.70110464837612,68.93410264196781
========
0.20085462216894198,0.156521564608504,1030.8510245116074,0.030798124536375083,342.1750663188111,5097,39.943699206597586,44.336471302763435
>>>>>>>> devP:features/9/cc263c4e-2ad7-4ae0-a830-f4ffa94d029b-o3p1.csv
