RMS,MAV,IEMG,VAR,WL,WAMP,FMN,FMD
0.23992276661663384,0.17540716713251814,1165.0544040941854,0.05676010466856853,487.36835170773384,5603,62.32596968756177,66.39566395663957
