RMS,MAV,IEMG,VAR,WL,WAMP,FMN,FMD
0.20715945695276994,0.16565260874144552,1121.9651190058105,0.025818497718191807,326.2515076806271,5005,66.68239653224606,68.35966336926029
