RMS,MAV,IEMG,VAR,WL,WAMP,FMN,FMD
0.0952749917564806,0.07674802598440604,776.3830308582515,0.005246882721577326,207.9037655347795,6020,-0.07605280829579418,0.0
