RMS,MAV,IEMG,VAR,WL,WAMP,FMN,FMD
0.20085462216894198,0.156521564608504,1030.8510245116074,0.030798124536375083,342.1750663188111,5097,0.07877801443733194,44.336471302763435
