RMS,MAV,IEMG,VAR,WL,WAMP,FMN,FMD
<<<<<<<< HEAD:features/9/849b43e1-1b44-46ca-9d1d-32e246588bf3-o1p5.csv
0.18272985965545369,0.13683952261868434,983.1919700152471,0.029732772980580056,376.27859644210037,5539,67.95038732675519,71.81628392484342
========
0.18272985965545369,0.13683952261868434,983.1919700152471,0.029732772980580056,376.27859644210037,5539,54.53394528354189,62.76965901183019
>>>>>>>> devP:features/9/d67b62b4-6f55-445c-866f-9f43caec0710-o1p5.csv
