RMS,MAV,IEMG,VAR,WL,WAMP,FMN,FMD
0.09684445927567596,0.06875272332796296,522.4519445691906,0.009371884803744688,212.36529546123498,4866,64.15269303228214,64.87695749440715
