RMS,MAV,IEMG,VAR,WL,WAMP,FMN,FMD
<<<<<<<< HEAD:features/9/21ebb734-be94-4d45-82b9-9370f2be03a3-o11p4.csv
0.08487036100884883,0.07455476007746398,523.523525263952,0.0020989461928331093,98.57005048035333,3555,63.74081409631968,64.22671603531758
========
0.08487036100884883,0.07455476007746398,523.523525263952,0.0020989461928331093,98.57005048035333,3555,10.870921727059145,0.0
>>>>>>>> devP:features/9/dc34e30d-d5ec-414d-8c3f-a87ee053fbc7-o11p4.csv
