RMS,MAV,IEMG,VAR,WL,WAMP,FMN,FMD
0.08487036100884883,0.07455476007746398,523.523525263952,0.0020989461928331093,98.57005048035333,3555,10.870921727059145,0.0
