RMS,MAV,IEMG,VAR,WL,WAMP,FMN,FMD
0.21643239724761673,0.14784091404687116,1013.0059430491613,0.046497236865011955,443.7491846408725,5377,68.70447737357681,72.67950963222417
