RMS,MAV,IEMG,VAR,WL,WAMP,FMN,FMD
<<<<<<<< HEAD:features/9/a0993f0b-dc99-443e-90c6-21f87dcdc325-o2p3.csv
0.18035604328483373,0.1197474605850477,843.9801022034162,0.029915408569515637,308.00513192614835,4672,66.90954780643163,68.95573212258796
========
0.18035604328483373,0.1197474605850477,843.9801022034162,0.029915408569515637,308.00513192614835,4672,56.959542931886936,62.99659477866061
>>>>>>>> devP:features/9/e175e6af-9064-42b5-a79f-c65ae5dc6a4d-o2p3.csv
