RMS,MAV,IEMG,VAR,WL,WAMP,FMN,FMD
0.2890638708604531,0.2063128935055272,1324.5287763054846,0.0830285484197956,536.8348890280696,4979,34.99225849633229,62.14953271028037
