RMS,MAV,IEMG,VAR,WL,WAMP,FMN,FMD
<<<<<<<< HEAD:features/9/38c831df-c189-4caa-9036-05ad45055903-o11p2.csv
0.11098267779336084,0.08725449888309665,616.5402891079609,0.008502503567655039,185.49804900117158,4740,60.253503385482055,59.86413812623833
========
0.11098267779336084,0.08725449888309665,616.5402891079609,0.008502503567655039,185.49804900117158,4740,31.757487655662157,26.323238041324657
>>>>>>>> devP:features/9/e1db9b2a-adc0-48ca-8ea4-923abad61ee3-o11p2.csv
