RMS,MAV,IEMG,VAR,WL,WAMP,FMN,FMD
<<<<<<<< HEAD:features/9/e4f1d90d-50a1-4dbe-baa3-785b16485165-o5p6.csv
0.170498685173473,0.11907847546782445,833.1920928483677,0.028415586983023097,321.70912437886847,5158,62.94433014677755,64.17035872516793
========
0.170498685173473,0.11907847546782445,833.1920928483677,0.028415586983023097,321.70912437886847,5158,60.17356705082218,63.74160354437616
>>>>>>>> devP:features/9/eac01b54-451f-4815-bd98-8f0ced4b9885-o5p6.csv
