RMS,MAV,IEMG,VAR,WL,WAMP,FMN,FMD
0.170498685173473,0.11907847546782445,833.1920928483677,0.028415586983023097,321.70912437886847,5158,62.94433014677755,64.17035872516793
