RMS,MAV,IEMG,VAR,WL,WAMP,FMN,FMD
0.19514055371446065,0.13173458930925333,940.1897639001411,0.03806887847237174,421.8211159985771,5516,69.55955899559007,71.45859604875997
