RMS,MAV,IEMG,VAR,WL,WAMP,FMN,FMD
<<<<<<<< HEAD:features/9/7a439342-f653-4375-841c-6e5a46e00e16-o4p6.csv
0.24643087870892633,0.1876924953101211,1215.121214637724,0.058919876233142106,506.28104635316026,5499,67.5397299126332,68.73648439913501
========
0.24643087870892633,0.1876924953101211,1215.121214637724,0.058919876233142106,506.28104635316026,5499,63.63377896194843,66.88291628050665
>>>>>>>> devP:features/9/e7c526c4-49b6-4f0e-98a4-a6caebd2bc5c-o4p6.csv
