RMS,MAV,IEMG,VAR,WL,WAMP,FMN,FMD
0.1841113616443428,0.15388554035064148,973.1721571774567,0.017302137585640538,275.4697255826773,4915,-2.193836702408789,0.0
