RMS,MAV,IEMG,VAR,WL,WAMP,FMN,FMD
0.170498685173473,0.11907847546782445,833.1920928483677,0.028415586983023097,321.70912437886847,5158,60.17356705082218,63.74160354437616
