RMS,MAV,IEMG,VAR,WL,WAMP,FMN,FMD
0.04563370365092079,0.032337079242964965,259.3110384493361,0.0020019087918445896,97.82915169274492,3644,8.250116392813926,52.62501558797855
