RMS,MAV,IEMG,VAR,WL,WAMP,FMN,FMD
<<<<<<<< HEAD:features/9/ecec7507-8762-45bd-a7ab-6d205970fe30-o8p3.csv
0.1403118664796214,0.1098780188479673,755.741013636319,0.01462494461002223,234.78344399647608,5022,59.29232920457831,58.592614132015115
========
0.1403118664796214,0.1098780188479673,755.741013636319,0.01462494461002223,234.78344399647608,5022,35.036392169437754,36.49316661820296
>>>>>>>> devP:features/9/274340c3-67ad-4ff4-980f-edafa272350a-o8p3.csv
