RMS,MAV,IEMG,VAR,WL,WAMP,FMN,FMD
<<<<<<<< HEAD:features/9/29c5570b-3c88-45b9-8bfe-483f7332dcb9-o5p1.csv
0.1862507997070004,0.13195003380348472,831.4171629957573,0.03361492801620953,335.45733715109327,4547,66.27309226702197,65.54515156324392
========
0.1862507997070004,0.13195003380348472,831.4171629957573,0.03361492801620953,335.45733715109327,4547,62.29107859154592,63.64069195365814
>>>>>>>> devP:features/9/ef6d8063-78a7-434a-9dee-a29646432e2a-o5p1.csv
