RMS,MAV,IEMG,VAR,WL,WAMP,FMN,FMD
0.15981028031610528,0.11277832779555053,723.3601944806611,0.025536027973525045,286.6469803145149,4873,60.9288496874048,57.68631119426256
