RMS,MAV,IEMG,VAR,WL,WAMP,FMN,FMD
<<<<<<<< HEAD:features/9/17c6df10-1e30-4f32-aedb-03013e018dea-o5p5.csv
0.15981028031610528,0.11277832779555053,723.3601944806611,0.025536027973525045,286.6469803145149,4873,60.94458638365091,57.68631119426256
========
0.15981028031610528,0.11277832779555053,723.3601944806611,0.025536027973525045,286.6469803145149,4873,60.9288496874048,57.68631119426256
>>>>>>>> devP:features/9/f0c5c034-b32f-448a-b1d7-65230078be54-o5p5.csv
