RMS,MAV,IEMG,VAR,WL,WAMP,FMN,FMD
0.1298921577410115,0.10166756642969185,741.0548917060239,0.01331014595169677,259.24733445447873,5519,3.869391628804276,47.605981616133896
