RMS,MAV,IEMG,VAR,WL,WAMP,FMN,FMD
<<<<<<<< HEAD:features/9/0306b113-1638-49b7-9244-fc8a1c29c387-o4p3.csv
0.14805273918558004,0.12321060293231283,836.7232045133364,0.012005299048671484,228.7100880581509,4654,68.09394955684341,70.53453099690766
========
0.14805273918558004,0.12321060293231283,836.7232045133364,0.012005299048671484,228.7100880581509,4654,25.679778661245145,0.0
>>>>>>>> devP:features/9/f6b50d11-edb7-4f0e-9f11-671d7b2d9774-o4p3.csv
