RMS,MAV,IEMG,VAR,WL,WAMP,FMN,FMD
0.14805273918558004,0.12321060293231283,836.7232045133364,0.012005299048671484,228.7100880581509,4654,25.679778661245145,0.0
