RMS,MAV,IEMG,VAR,WL,WAMP,FMN,FMD
0.20239523445254082,0.15268526892828585,954.2829308017865,0.03826232362359256,394.6612420486505,5016,5.633710382306434,66.08
