RMS,MAV,IEMG,VAR,WL,WAMP,FMN,FMD
<<<<<<<< HEAD:features/9/5cdec7d9-212c-451e-b58f-c94831d4b339-o10p6.csv
0.08499202543802556,0.06580750046435031,463.6796482718123,0.006134161473900721,171.8826139338135,4706,64.61398380701199,65.28526823729776
========
0.08499202543802556,0.06580750046435031,463.6796482718123,0.006134161473900721,171.8826139338135,4706,47.677919101070145,51.66051660516605
>>>>>>>> devP:features/9/fd7e113b-4987-4cbd-bde9-f0baadbb29a6-o10p6.csv
