RMS,MAV,IEMG,VAR,WL,WAMP,FMN,FMD
<<<<<<<< HEAD:features/9/00b9470a-bc31-40b2-9d8b-d28191b02a7b-o2p2.csv
0.18028217131751692,0.1315786872357509,892.8929715818055,0.028586855444921237,323.22367088949045,4749,67.01564637497832,66.7550839964633
========
0.18028217131751692,0.1315786872357509,892.8929715818055,0.028586855444921237,323.22367088949045,4749,52.60715129852583,58.79752431476569
>>>>>>>> devP:features/9/fe39971f-d0b3-4d37-aa9f-79dc44f19b92-o2p2.csv
