RMS,MAV,IEMG,VAR,WL,WAMP,FMN,FMD
<<<<<<<< HEAD:features/9/ffb92d0c-0d4a-4789-a03d-2e5e5fc88700-o1p2.csv
0.21643239724761673,0.14784091404687116,1013.0059430491613,0.046497236865011955,443.7491846408725,5377,69.72622747777802,72.82545242265032
========
0.21643239724761673,0.14784091404687116,1013.0059430491613,0.046497236865011955,443.7491846408725,5377,68.70447737357681,72.67950963222417
>>>>>>>> devP:features/9/dc91a93c-dd14-48ec-a2b4-95ec1914caef-o1p2.csv
