{"window_size": 800, "threshold": 0.003, "cutoff": 100, "segments": [[10.91, 15.2], [25.406000000000002, 31.238000000000003], [40.596, 46.589], [55.653999999999996, 61.329], [70.631, 77.01400000000001], [86.058, 92.268], [101.03200000000001, 109.787], [115.96100000000001, 121.986], [131.037, 137.454], [146.213, 151.65300000000002], [161.20700000000002, 166.84300000000002], [176.30700000000002, 181.787], [191.386, 196.71800000000002], [206.34300000000002, 211.95100000000002], [221.59, 226.983], [236.59900000000002, 242.121], [251.55800000000002, 257.027], [266.72299999999996, 272.349]]}