{"window_size": 600, "threshold": 0.002, "cutoff": 100, "segments": [[11.718, 17.331000000000003], [28.139000000000003, 33.967], [43.721, 50.033], [59.838, 66.29], [75.477, 81.80300000000001], [91.38000000000001, 98.903], [107.905, 114.47200000000001], [123.474, 128.69400000000002], [138.37900000000002, 145.42600000000002], [154.428, 159.62800000000001], [169.756, 175.66400000000002], [185.625, 191.434], [201.233, 206.727], [217.144, 222.621], [233.126, 238.47], [248.5, 254.417], [264.33599999999996, 269.99399999999997], [279.873, 286.676]]}