RMS,MAV,IEMG,VAR,WL,WAMP,FMN,FMD
0.1668810749309974,0.16524548666569164,411.79175277090354,0.0005432223067439013,18.818490439780863,627,0.685897850519784,0.0
