RMS,MAV,IEMG,VAR,WL,WAMP,FMN,FMD
<<<<<<<< HEAD:features/13/6ec9dedf-7b00-475d-87ac-248e55b3d3a9-o4p5.csv
0.1668810749309974,0.16524548666569164,411.79175277090354,0.0005432223067439013,18.818490439780863,627,69.6417248978928,69.82343499197432
========
0.1668810749309974,0.16524548666569164,411.79175277090354,0.0005432223067439013,18.818490439780863,627,0.685897850519784,0.0
>>>>>>>> devP:features/13/004af775-2bd2-4b9f-a112-aab7f0a76d7e-o4p5.csv
