RMS,MAV,IEMG,VAR,WL,WAMP,FMN,FMD
0.0715601832206726,0.0532167485596512,289.92484615297974,0.005110190446403849,127.82789379724963,3589,68.42800864427255,71.0352422907489
