RMS,MAV,IEMG,VAR,WL,WAMP,FMN,FMD
<<<<<<<< HEAD:features/13/52fd7810-eab2-4a82-aeca-26a2a59ae79d-o1p1.csv
0.0715601832206726,0.0532167485596512,289.92484615297974,0.005110190446403849,127.82789379724963,3589,68.71374521975089,71.58590308370043
========
0.0715601832206726,0.0532167485596512,289.92484615297974,0.005110190446403849,127.82789379724963,3589,68.42800864427255,71.0352422907489
>>>>>>>> devP:features/13/02b514dc-fe18-46ee-a145-50207109c9a7-o1p1.csv
