RMS,MAV,IEMG,VAR,WL,WAMP,FMN,FMD
0.0715601832206726,0.0532167485596512,289.92484615297974,0.005110190446403849,127.82789379724963,3589,81.91705310006826,26.982378854625548
