RMS,MAV,IEMG,VAR,WL,WAMP,FMN,FMD
0.02053115879347953,0.014952219978694345,18.107138394198852,0.0003915415150218779,7.780635910436152,247,-201.4623869952547,0.0
