RMS,MAV,IEMG,VAR,WL,WAMP,FMN,FMD
0.02965591322311964,0.02633667800339543,11.087741439429475,0.00021169837059165122,2.010478341388332,30,62.18505063024953,59.38242280285036
