RMS,MAV,IEMG,VAR,WL,WAMP,FMN,FMD
<<<<<<<< HEAD:features/13/0603b221-012f-4fda-8419-08f6492848d1-o5p6.csv
0.02965591322311964,0.02633667800339543,11.087741439429475,0.00021169837059165122,2.010478341388332,30,62.18505063024953,59.38242280285036
========
0.02965591322311964,0.02633667800339543,11.087741439429475,0.00021169837059165122,2.010478341388332,30,8.508315298450247,0.0
>>>>>>>> devP:features/13/f6cd37d1-e38b-480b-8eaf-1b880d282d14-o5p6.csv
