RMS,MAV,IEMG,VAR,WL,WAMP,FMN,FMD
0.06337761932812419,0.06189470310345473,296.10425964692746,0.00019084056740873754,19.142501797714083,327,1.4598490407528584,0.0
