RMS,MAV,IEMG,VAR,WL,WAMP,FMN,FMD
0.08553664281505483,0.06759959234466663,373.7581460736618,0.0050457418647113115,128.4002432610555,3749,67.17234616811888,68.72852233676976
