RMS,MAV,IEMG,VAR,WL,WAMP,FMN,FMD
<<<<<<<< HEAD:features/13/0a8b7426-8d00-4694-b394-0822be738acd-o2p1.csv
0.13801505683374968,0.11087998906984248,615.7165793048352,0.010464503121855958,165.74384090587543,3705,65.14374366322808,63.028993336934995
========
0.13801505683374968,0.11087998906984248,615.7165793048352,0.010464503121855958,165.74384090587543,3705,24.67073061488458,0.0
>>>>>>>> devP:features/13/4ce236ff-c798-40cc-8683-aa9e71ffbe49-o2p1.csv
