RMS,MAV,IEMG,VAR,WL,WAMP,FMN,FMD
0.13801505683374968,0.11087998906984248,615.7165793048352,0.010464503121855958,165.74384090587543,3705,65.14374366322808,63.028993336934995
