RMS,MAV,IEMG,VAR,WL,WAMP,FMN,FMD
0.13973003736965942,0.12001861430240626,679.185338337317,0.0067733270882653325,146.55097115422592,3987,0.24695200429629563,0.0
