RMS,MAV,IEMG,VAR,WL,WAMP,FMN,FMD
0.07512556946202674,0.04850441127763323,281.8106295230491,0.005564128275911996,117.22106168548979,3331,33.58143305998463,0.0
