RMS,MAV,IEMG,VAR,WL,WAMP,FMN,FMD
0.10476098370110014,0.1034180216858817,323.6984078768097,0.0002795764966006724,16.339911000213654,417,-0.08778381064737444,0.0
