RMS,MAV,IEMG,VAR,WL,WAMP,FMN,FMD
<<<<<<<< HEAD:features/13/d3b7b3ec-60f1-4337-9275-a46c52f912e6-o10p6.csv
0.041285276095498875,0.03498459061382975,83.57818697643927,0.0006087962610328148,18.255823789447163,673,61.6449395500672,63.206362494767674
========
0.041285276095498875,0.03498459061382975,83.57818697643927,0.0006087962610328148,18.255823789447163,673,13.402562293376606,0.0
>>>>>>>> devP:features/13/11ed52aa-ba6b-4a10-981f-2cb7d12c3385-o10p6.csv
