RMS,MAV,IEMG,VAR,WL,WAMP,FMN,FMD
0.06313134889665302,0.05255357808638361,299.92327013899126,0.0019567282619026303,82.87109405419538,3148,67.4540276990642,69.21324688978447
