RMS,MAV,IEMG,VAR,WL,WAMP,FMN,FMD
0.14880692751731095,0.11039143506188018,606.6009356650316,0.019544839287501493,233.7159116025111,4171,-11.237410024787982,0.0
