RMS,MAV,IEMG,VAR,WL,WAMP,FMN,FMD
0.07274388976039868,0.055500035990348875,305.1946979109285,0.00412497733118981,108.88331977396398,3383,-0.6983198866669098,0.0
