RMS,MAV,IEMG,VAR,WL,WAMP,FMN,FMD
0.06622928605079292,0.049293857957070454,287.53107346359195,0.00369749056903343,112.65197459173973,3595,67.56946972743187,69.08966226641522
