RMS,MAV,IEMG,VAR,WL,WAMP,FMN,FMD
<<<<<<<< HEAD:features/13/ae7dd17e-d21c-47f8-9a57-f5d0b782c478-o4p4.csv
0.03702454849136796,0.03125274312691743,113.8849959544871,0.0005647530960977333,26.90899705262587,901,63.977981091404345,63.66630076838638
========
0.03702454849136796,0.03125274312691743,113.8849959544871,0.0005647530960977333,26.90899705262587,901,16.5979483225249,0.0
>>>>>>>> devP:features/13/1e1761af-561b-4306-93b0-d84b07f0e039-o4p4.csv
