RMS,MAV,IEMG,VAR,WL,WAMP,FMN,FMD
0.10934561493084709,0.08784371724392445,499.0401576627348,0.006579603661122216,133.59739799792578,3683,62.478857150356106,60.72874493927126
