RMS,MAV,IEMG,VAR,WL,WAMP,FMN,FMD
<<<<<<<< HEAD:features/13/d76a4e14-495d-4de3-8f14-9551e3507734-o3p4.csv
0.05818158788979468,0.04763447590357717,298.1441846804895,0.0016408527175423196,73.64272495893486,2857,63.76946471816346,64.3872823134686
========
0.05818158788979468,0.04763447590357717,298.1441846804895,0.0016408527175423196,73.64272495893486,2857,20.399557527280287,0.0
>>>>>>>> devP:features/13/1fc7ee1e-6feb-4d8d-aa3b-3b5f4addebdf-o3p4.csv
