RMS,MAV,IEMG,VAR,WL,WAMP,FMN,FMD
<<<<<<<< HEAD:features/13/1ff379fc-f25d-4dec-8fee-9c89cb011c21-o6p6.csv
0.10951869122405551,0.07969970269378228,457.8747919757792,0.011858766988965291,191.7574356040007,4209,65.27340625779354,65.10008703220191
========
0.10951869122405551,0.07969970269378228,457.8747919757792,0.011858766988965291,191.7574356040007,4209,63.81427788942601,64.9260226283725
>>>>>>>> devP:features/13/c1d079fc-2182-4ebd-8c93-e5c660da2d8e-o6p6.csv
