RMS,MAV,IEMG,VAR,WL,WAMP,FMN,FMD
0.02847798575647833,0.02672468673624082,60.852111698420345,0.00010125824843830516,7.434417850882132,44,0.15157827602487425,0.0
