RMS,MAV,IEMG,VAR,WL,WAMP,FMN,FMD
0.1079523991313614,0.10622765889308108,27.088053017735675,0.00036940496431197466,1.5612083082055173,49,-0.0572980887017467,0.0
