RMS,MAV,IEMG,VAR,WL,WAMP,FMN,FMD
<<<<<<<< HEAD:features/13/1e7406f6-6b43-4cc6-9ede-5ea96111be6c-o9p2.csv
0.10934561493084709,0.08784371724392445,499.0401576627348,0.006579603661122216,133.59739799792578,3683,62.478857150356106,60.72874493927126
========
0.10934561493084709,0.08784371724392445,499.0401576627348,0.006579603661122216,133.59739799792578,3683,23.716520426797548,0.0
>>>>>>>> devP:features/13/243c3f26-0ed9-4f6a-9be0-9f9174c17833-o9p2.csv
