RMS,MAV,IEMG,VAR,WL,WAMP,FMN,FMD
0.11405166306758129,0.1020166698977437,565.3763845732956,0.003457947713497854,101.91751456734514,3429,66.54820376747851,67.66510285095633
