RMS,MAV,IEMG,VAR,WL,WAMP,FMN,FMD
0.05379334558349148,0.04670902965737965,72.58583208756798,0.0008572954009066936,14.248797705901993,572,61.81357629965504,56.628056628056626
