RMS,MAV,IEMG,VAR,WL,WAMP,FMN,FMD
<<<<<<<< HEAD:features/13/bbd27cf2-2300-4e09-86f3-cbca2912d2bd-o6p5.csv
0.13902020834746698,0.10549964533018705,564.7396014524912,0.016224548324005432,213.57644067018595,4112,65.57929182526496,67.0651970857463
========
0.13902020834746698,0.10549964533018705,564.7396014524912,0.016224548324005432,213.57644067018595,4112,47.43899301783723,53.80160657575191
>>>>>>>> devP:features/13/2db1067c-ae8f-47ec-ac05-469e0896ff83-o6p5.csv
