RMS,MAV,IEMG,VAR,WL,WAMP,FMN,FMD
0.13902020834746698,0.10549964533018705,564.7396014524912,0.016224548324005432,213.57644067018595,4112,47.43899301783723,53.80160657575191
