RMS,MAV,IEMG,VAR,WL,WAMP,FMN,FMD
0.09153795812677705,0.09010795116567225,4.775721411780629,0.0002597549147444164,0.23178951651111562,8,58.37598650781737,56.60377358490567
