RMS,MAV,IEMG,VAR,WL,WAMP,FMN,FMD
<<<<<<<< HEAD:features/13/fa5a7d3e-40f4-4888-b7e4-1ea99c9ce3a3-o10p1.csv
0.16144075804326594,0.16094394841958282,771.7262326718995,0.00016016382469900668,19.84275717717623,312,65.3106999614456,66.11053180396246
========
0.16144075804326594,0.16094394841958282,771.7262326718995,0.00016016382469900668,19.84275717717623,312,0.20129309216115096,0.0
>>>>>>>> devP:features/13/3103c709-699b-4fdb-ba44-e64a3dd7a583-o10p1.csv
