RMS,MAV,IEMG,VAR,WL,WAMP,FMN,FMD
0.16144075804326594,0.16094394841958282,771.7262326718995,0.00016016382469900668,19.84275717717623,312,0.20129309216115096,0.0
