RMS,MAV,IEMG,VAR,WL,WAMP,FMN,FMD
<<<<<<<< HEAD:features/13/ef9afd06-3941-4c03-be47-63ffcf4a41c6-o7p4.csv
0.07534170220110781,0.06392363147371591,357.9084126213354,0.0021122227134630074,77.92282692637514,2842,64.81272784822275,64.11859260582247
========
0.07534170220110781,0.06392363147371591,357.9084126213354,0.0021122227134630074,77.92282692637514,2842,14.815063885914226,0.0
>>>>>>>> devP:features/13/32b4cdaf-a5ab-4bf3-ac66-f0d05202ddad-o7p4.csv
