RMS,MAV,IEMG,VAR,WL,WAMP,FMN,FMD
<<<<<<<< HEAD:features/13/f48c9308-2cab-4863-8c09-8cd4146eaafb-o10p3.csv
0.10476098370110014,0.1034180216858817,323.6984078768097,0.0002795764966006724,16.339911000213654,417,61.385579428648086,60.383386581469644
========
0.10476098370110014,0.1034180216858817,323.6984078768097,0.0002795764966006724,16.339911000213654,417,0.791963358028302,0.0
>>>>>>>> devP:features/13/35214187-f664-40f2-95ad-c4b95fc28fbd-o10p3.csv
