RMS,MAV,IEMG,VAR,WL,WAMP,FMN,FMD
0.10008235378403706,0.09954454441097162,515.1430173267781,0.00010736121696525886,16.394757746418257,114,-0.0012638447684931334,0.0
