RMS,MAV,IEMG,VAR,WL,WAMP,FMN,FMD
0.12830046445071353,0.12734911628894496,18.847669210763854,0.00024321175869357974,0.6770064976543635,8,0.030775907679437848,0.0
