RMS,MAV,IEMG,VAR,WL,WAMP,FMN,FMD
0.13395155859833444,0.09992769617531516,560.594375543518,0.017597380819654816,251.8191794290454,4403,70.97105905649866,74.33155080213903
