RMS,MAV,IEMG,VAR,WL,WAMP,FMN,FMD
<<<<<<<< HEAD:features/13/390af965-8ced-4cf4-a05e-7cbefdbb4aab-o1p2.csv
0.13395155859833444,0.09992769617531516,560.594375543518,0.017597380819654816,251.8191794290454,4403,70.97105905649866,74.33155080213903
========
0.13395155859833444,0.09992769617531516,560.594375543518,0.017597380819654816,251.8191794290454,4403,68.28848053601612,73.44028520499108
>>>>>>>> devP:features/13/3c903b9a-8e71-4aff-920c-a490c3b9487a-o1p2.csv
