RMS,MAV,IEMG,VAR,WL,WAMP,FMN,FMD
<<<<<<<< HEAD:features/13/ff9b6269-99aa-4c59-8098-a90e898427b4-o7p1.csv
0.1079523991313614,0.10622765889308108,27.088053017735675,0.00036940496431197466,1.5612083082055173,49,61.710165931593174,62.745098039215684
========
0.1079523991313614,0.10622765889308108,27.088053017735675,0.00036940496431197466,1.5612083082055173,49,0.9938096553460769,0.0
>>>>>>>> devP:features/13/3c53e508-7b62-46d0-8efb-0aec738c4184-o7p1.csv
