RMS,MAV,IEMG,VAR,WL,WAMP,FMN,FMD
<<<<<<<< HEAD:features/13/54aabc29-ed85-45c3-80dc-89fdeb432ea4-o3p6.csv
0.05250017093493439,0.03893079240265764,226.65507336827278,0.002726811672543781,95.0066861818081,3499,64.09581507760397,64.58261765716249
========
0.05250017093493439,0.03893079240265764,226.65507336827278,0.002726811672543781,95.0066861818081,3499,62.74031555711496,64.2390930951563
>>>>>>>> devP:features/13/3cdd4a27-d662-4724-b54a-1813e44975b4-o3p6.csv
