RMS,MAV,SSI,IEMG,VAR,WL,WAMP
0.0035649399322545254,0.0027789674386906565,0.001906319508087435,0.41684511580359845,1.2527039320313993e-05,0.1798665341581272,81
0.0028659470159245136,0.0021170308772216367,0.0012320478447129936,0.3175546315832455,8.025123317760756e-06,0.1288439350162301,73
0.0027452875606750757,0.0020876547879354686,0.0011304905686195961,0.3131482181903203,7.359486835107542e-06,0.143872631611848,78
0.0027741359290474102,0.0021780454672772815,0.001154374522924761,0.32670682009159224,7.507477270379366e-06,0.1424377615731172,75
0.0026010689326257633,0.001839426541562132,0.001014833938840639,0.2759139812343198,6.5222827610862955e-06,0.10456032501941988,73
0.0031810226353044353,0.0023731347100144824,0.001517835750947876,0.35597020650217237,9.798871577929773e-06,0.1257385120424942,79
0.0028618775558708646,0.002177160457622072,0.001228551471719609,0.32657406864331084,7.901960594710837e-06,0.1185896977828925,66
0.0024820022409093394,0.0020072827900925396,0.0009240502685818476,0.30109241851388097,6.0244299422965385e-06,0.10726728339063771,72
