RMS,MAV,IEMG,VAR,WL,WAMP,FMN,FMD
<<<<<<<< HEAD:features/13/7f01b5e2-1995-4158-adb3-b43775123bee-o11p6.csv
0.07906118357137927,0.05444605185174612,300.86888253274907,0.0061608081796871205,122.28960785224932,3539,63.66198769669033,61.165399927614914
========
0.07906118357137927,0.05444605185174612,300.86888253274907,0.0061608081796871205,122.28960785224932,3539,61.85746135611361,60.44154904089758
>>>>>>>> devP:features/13/436629d6-1827-41c5-a9af-0f410c48c69b-o11p6.csv
