RMS,MAV,IEMG,VAR,WL,WAMP,FMN,FMD
0.13282481514403616,0.12990630631176103,718.9014991292855,0.0007667830984822896,45.640157711372524,1669,61.10285827942219,59.63136971449223
