RMS,MAV,IEMG,VAR,WL,WAMP,FMN,FMD
<<<<<<<< HEAD:features/13/6e2f4fd4-6773-481f-83e4-8108e3703ed0-o11p2.csv
0.07990833856452534,0.06909906670258274,381.7032444650671,0.0025635642488063995,89.69980433987135,3120,68.34042022946181,68.60970311368573
========
0.07990833856452534,0.06909906670258274,381.7032444650671,0.0025635642488063995,89.69980433987135,3120,17.164003947431873,0.0
>>>>>>>> devP:features/13/4b7e7d63-dc68-470a-8f4c-002118934acc-o11p2.csv
