RMS,MAV,IEMG,VAR,WL,WAMP,FMN,FMD
<<<<<<<< HEAD:features/13/2a08065f-cac7-440c-bf99-d701f70ab809-o3p1.csv
0.11405166306758129,0.1020166698977437,565.3763845732956,0.003457947713497854,101.91751456734514,3429,66.54820376747851,67.66510285095633
========
0.11405166306758129,0.1020166698977437,565.3763845732956,0.003457947713497854,101.91751456734514,3429,10.20144199208016,0.0
>>>>>>>> devP:features/13/4cffd63c-823d-4375-bce3-b83e6cce2b75-o3p1.csv
