RMS,MAV,IEMG,VAR,WL,WAMP,FMN,FMD
<<<<<<<< HEAD:features/13/2d560c27-2a3d-4059-8aae-15613fd34838-o7p2.csv
0.05379334558349148,0.04670902965737965,72.58583208756798,0.0008572954009066936,14.248797705901993,572,61.81357629965504,56.628056628056626
========
0.05379334558349148,0.04670902965737965,72.58583208756798,0.0008572954009066936,14.248797705901993,572,10.74865477549313,0.0
>>>>>>>> devP:features/13/4f595d1a-207b-4759-838d-a8434b06c0d4-o7p2.csv
