RMS,MAV,IEMG,VAR,WL,WAMP,FMN,FMD
<<<<<<<< HEAD:features/13/6a64cfae-097f-48f6-8e87-9fac5e377c55-o10p2.csv
0.02847798575647833,0.02672468673624082,60.852111698420345,0.00010125824843830516,7.434417850882132,44,63.04880100328964,62.80193236714975
========
0.02847798575647833,0.02672468673624082,60.852111698420345,0.00010125824843830516,7.434417850882132,44,4.198114164869402,0.0
>>>>>>>> devP:features/13/53a7af70-85ff-4cd7-aa85-3bf2cd82d4c7-o10p2.csv
