RMS,MAV,IEMG,VAR,WL,WAMP,FMN,FMD
0.0357183407228033,0.0230912770059858,129.19569484849055,0.0012724374757465472,44.813982331514985,1581,53.00146973352837,49.68722073279714
