RMS,MAV,IEMG,VAR,WL,WAMP,FMN,FMD
<<<<<<<< HEAD:features/13/d7906e21-09f3-45cd-8e35-9dc79813ee80-o5p5.csv
0.0357183407228033,0.0230912770059858,129.19569484849055,0.0012724374757465472,44.813982331514985,1581,53.281580186307025,50.044682752457554
========
0.0357183407228033,0.0230912770059858,129.19569484849055,0.0012724374757465472,44.813982331514985,1581,53.00146973352837,49.68722073279714
>>>>>>>> devP:features/13/53f6cc15-a01e-48db-803f-118c1b70c696-o5p5.csv
