RMS,MAV,IEMG,VAR,WL,WAMP,FMN,FMD
0.05250017093493439,0.03893079240265764,226.65507336827278,0.002726811672543781,95.0066861818081,3499,64.09581507760397,64.58261765716249
