RMS,MAV,IEMG,VAR,WL,WAMP,FMN,FMD
<<<<<<<< HEAD:features/13/56bfa07f-b2f2-4024-bacd-4631dbdc05c6-o8p4.csv
0.03595810542249575,0.028675846270251704,107.07560997311987,0.0007264531799946192,33.20760038278096,1272,67.68315345711491,70.43385109801821
========
0.03595810542249575,0.028675846270251704,107.07560997311987,0.0007264531799946192,33.20760038278096,1272,26.44161313918727,0.0
>>>>>>>> devP:features/13/d7e2deb4-06bc-4191-8ff7-4a8fd524ba8c-o8p4.csv
