RMS,MAV,IEMG,VAR,WL,WAMP,FMN,FMD
0.025263353521373454,0.02322585687738354,44.38461249267995,0.00010596534446053618,6.466305381038538,44,63.704999781680655,65.93406593406593
