RMS,MAV,IEMG,VAR,WL,WAMP,FMN,FMD
<<<<<<<< HEAD:features/13/c82df2d3-83dd-47ef-b0d7-4cbe86b00950-o1p4.csv
0.13817253838410676,0.13103626873539675,800.3695294358033,0.002024791362327991,92.36564015830437,3354,69.31222987981076,71.2180746561886
========
0.13817253838410676,0.13103626873539675,800.3695294358033,0.002024791362327991,92.36564015830437,3354,3.8813218130954694,0.0
>>>>>>>> devP:features/13/5965a756-9b4e-4771-9fef-cc3a5658de4b-o1p4.csv
