RMS,MAV,IEMG,VAR,WL,WAMP,FMN,FMD
<<<<<<<< HEAD:features/13/2d26a3e3-c1b9-44ea-a0e6-08b6e2ad8af7-o7p6.csv
0.1105059564349396,0.08572807596940493,478.6198481371877,0.007844515588032744,148.0729395393243,3842,65.13652640085571,67.34730431667562
========
0.1105059564349396,0.08572807596940493,478.6198481371877,0.007844515588032744,148.0729395393243,3842,30.820694494620337,0.0
>>>>>>>> devP:features/13/5a61fd64-2007-4791-99a6-23540164a56a-o7p6.csv
