RMS,MAV,IEMG,VAR,WL,WAMP,FMN,FMD
<<<<<<<< HEAD:features/13/af91e5c8-51cd-48cc-8d8e-8be93548a821-o6p2.csv
0.15806912809582183,0.1458890446200404,778.0262749586755,0.003949091960919628,103.37713787160438,3322,63.90203702612577,63.753984624039
========
0.15806912809582183,0.1458890446200404,778.0262749586755,0.003949091960919628,103.37713787160438,3322,5.4832839686187596,0.0
>>>>>>>> devP:features/13/5a639cd2-972d-461a-83f9-1143fbc9436c-o6p2.csv
