RMS,MAV,IEMG,VAR,WL,WAMP,FMN,FMD
<<<<<<<< HEAD:features/13/14cf26f1-efd3-44e7-a284-53adcff61094-o3p5.csv
0.06313134889665302,0.05255357808638361,299.92327013899126,0.0019567282619026303,82.87109405419538,3148,67.4540276990642,69.21324688978447
========
0.06313134889665302,0.05255357808638361,299.92327013899126,0.0019567282619026303,82.87109405419538,3148,21.945508626171282,0.0
>>>>>>>> devP:features/13/5cf9a6f8-3075-4c24-a69b-a5cd8b6bc5ee-o3p5.csv
