RMS,MAV,IEMG,VAR,WL,WAMP,FMN,FMD
0.0334049529223626,0.032810349279118065,153.58524497555166,3.937185992753796e-05,9.589503931696447,1,63.23073989779769,63.447981200598164
