RMS,MAV,IEMG,VAR,WL,WAMP,FMN,FMD
0.10951869122405551,0.07969970269378228,457.8747919757792,0.011858766988965291,191.7574356040007,4209,102.78602451107378,35.50913838120104
