RMS,MAV,SSI,IEMG,VAR,WL,WAMP
0.0020485695585030564,0.0016238196147317216,0.0006294955854038112,0.24357294220975823,3.9635926769321705e-06,0.08724789586551959,68
0.0021531453969626632,0.001660513135123528,0.0006954052650692258,0.2490769702685292,4.440462328007427e-06,0.11115009503367923,67
