RMS,MAV,IEMG,VAR,WL,WAMP,FMN,FMD
0.09119895104377082,0.07252948181362734,388.9030814846698,0.0066409741855277555,135.76585497274803,3563,-4.219538186236635,0.0
