RMS,MAV,IEMG,VAR,WL,WAMP,FMN,FMD
0.050944586831608386,0.03848121927738424,217.14952038227926,0.0025857163471905346,92.0477625062655,3334,65.0391523160462,65.03632819422293
