RMS,MAV,IEMG,VAR,WL,WAMP,FMN,FMD
<<<<<<<< HEAD:features/13/a664b60e-ea2c-4865-8fe8-51fe242389d5-o7p5.csv
0.07274388976039868,0.055500035990348875,305.1946979109285,0.00412497733118981,108.88331977396398,3383,64.97487107910362,64.01163847972357
========
0.07274388976039868,0.055500035990348875,305.1946979109285,0.00412497733118981,108.88331977396398,3383,41.49961743478145,47.28132387706855
>>>>>>>> devP:features/13/6a0ffdf0-bba8-4028-9f97-7cd30440eed2-o7p5.csv
