RMS,MAV,IEMG,VAR,WL,WAMP,FMN,FMD
0.14880692751731095,0.11039143506188018,606.6009356650316,0.019544839287501493,233.7159116025111,4171,66.57693757321128,68.06187443130118
