RMS,MAV,IEMG,VAR,WL,WAMP,FMN,FMD
0.06643350239973889,0.06488300282493815,341.6090098732994,0.0002056083708462915,22.159018014501953,422,60.81694359341139,59.44919278252612
