RMS,MAV,IEMG,VAR,WL,WAMP,FMN,FMD
<<<<<<<< HEAD:features/13/6d7fd477-6e1c-470b-ac6d-f84049569183-o6p3.csv
0.06578460723695369,0.05413706767496042,214.92415866959286,0.002204471203865266,59.31108340706482,2322,62.33131518822164,58.94206549118388
========
0.06578460723695369,0.05413706767496042,214.92415866959286,0.002204471203865266,59.31108340706482,2322,21.30100001612657,0.0
>>>>>>>> devP:features/13/e0e3a254-c70c-4f08-bfa0-30084fe6eaa2-o6p3.csv
