RMS,MAV,IEMG,VAR,WL,WAMP,FMN,FMD
0.13817253838410676,0.13103626873539675,800.3695294358033,0.002024791362327991,92.36564015830437,3354,0.18701593690121016,0.0
