RMS,MAV,IEMG,VAR,WL,WAMP,FMN,FMD
<<<<<<<< HEAD:features/13/093a8ae7-0937-457c-8435-ccb3df3e2c1d-o1p6.csv
0.08553664281505483,0.06759959234466663,373.7581460736618,0.0050457418647113115,128.4002432610555,3749,67.17234616811888,68.72852233676976
========
0.08553664281505483,0.06759959234466663,373.7581460736618,0.0050457418647113115,128.4002432610555,3749,35.35245361855116,35.44944836317598
>>>>>>>> devP:features/13/6ebcc0cc-079f-45bc-8418-d7b6d1d83a32-o1p6.csv
