RMS,MAV,IEMG,VAR,WL,WAMP,FMN,FMD
<<<<<<<< HEAD:features/13/e3eea8d5-c4ab-4134-8a1b-38ddae522520-o3p3.csv
0.061247444824771125,0.04700865666544776,253.09460748677077,0.003516243909196825,99.04733667009596,3375,63.1080079638672,63.15007429420505
========
0.061247444824771125,0.04700865666544776,253.09460748677077,0.003516243909196825,99.04733667009596,3375,55.66707220832998,58.692421991084686
>>>>>>>> devP:features/13/7271f069-375e-4697-b55f-4de57e2cedd7-o3p3.csv
