RMS,MAV,IEMG,VAR,WL,WAMP,FMN,FMD
0.02240577873355185,0.015573404100188029,14.514412621375243,0.0004437880435873515,5.792905234847555,182,73.30183998125142,78.32618025751073
