RMS,MAV,IEMG,VAR,WL,WAMP,FMN,FMD
<<<<<<<< HEAD:features/13/6b3af175-00ee-4bf2-b668-2457f406526b-o10p5.csv
0.06643350239973889,0.06488300282493815,341.6090098732994,0.0002056083708462915,22.159018014501953,422,60.81694359341139,59.44919278252612
========
0.06643350239973889,0.06488300282493815,341.6090098732994,0.0002056083708462915,22.159018014501953,422,1.4504309290378818,0.0
>>>>>>>> devP:features/13/765452e4-c5f1-45c4-abab-49ca5b115b01-o10p5.csv
