RMS,MAV,IEMG,VAR,WL,WAMP,FMN,FMD
0.14880692751731095,0.11039143506188018,606.6009356650316,0.019544839287501493,233.7159116025111,4171,52.59182428869987,62.42038216560509
