RMS,MAV,IEMG,VAR,WL,WAMP,FMN,FMD
<<<<<<<< HEAD:features/13/6a8587d7-b875-4c33-accd-54b9c586e936-o2p3.csv
0.14880692751731095,0.11039143506188018,606.6009356650316,0.019544839287501493,233.7159116025111,4171,66.57693757321128,68.06187443130118
========
0.14880692751731095,0.11039143506188018,606.6009356650316,0.019544839287501493,233.7159116025111,4171,52.59182428869987,62.42038216560509
>>>>>>>> devP:features/13/76a1c295-476f-4bfa-acac-22b5a6648d8a-o2p3.csv
