RMS,MAV,IEMG,VAR,WL,WAMP,FMN,FMD
<<<<<<<< HEAD:features/13/efe7f5fc-7807-41d2-a6e7-782c80ad6510-o6p4.csv
0.14407290552813193,0.10938537867494792,613.5425889877829,0.018568427790914957,243.76594108955337,4402,65.30572098441104,64.00427883758245
========
0.14407290552813193,0.10938537867494792,613.5425889877829,0.018568427790914957,243.76594108955337,4402,52.84785799406055,56.15974326974505
>>>>>>>> devP:features/13/793f5f9a-fb94-465d-81be-334a769ea731-o6p4.csv
