RMS,MAV,IEMG,VAR,WL,WAMP,FMN,FMD
<<<<<<<< HEAD:features/13/677ad1e7-9703-41cd-9033-d3109dc14353-o3p2.csv
0.050944586831608386,0.03848121927738424,217.14952038227926,0.0025857163471905346,92.0477625062655,3334,65.0391523160462,65.03632819422293
========
0.050944586831608386,0.03848121927738424,217.14952038227926,0.0025857163471905346,92.0477625062655,3334,64.55805564145155,64.32748538011697
>>>>>>>> devP:features/13/7d42b434-6a56-436a-97d4-03e119409bc8-o3p2.csv
