RMS,MAV,IEMG,VAR,WL,WAMP,FMN,FMD
0.11710340124639304,0.09255201478973497,515.3296183492444,0.011032756591236339,191.24974130279577,4044,68.98494888058974,71.83908045977012
