RMS,MAV,IEMG,VAR,WL,WAMP,FMN,FMD
0.07906118357137927,0.05444605185174612,300.86888253274907,0.0061608081796871205,122.28960785224932,3539,63.66198769669033,61.165399927614914
