RMS,MAV,SSI,IEMG,VAR,WL,WAMP
0.009784447204895791,0.007706984937593582,0.01436031106580896,1.1560477406390373,9.563606652896816e-05,0.5863525648518042,73
0.006683666521863437,0.005144155741636635,0.006700709726321712,0.7716233612454952,4.4295346994243284e-05,0.3221909772210032,78
0.0057085447615404334,0.0046093358946871325,0.004888122494176609,0.6914003842030698,3.248677826639366e-05,0.3110881999120968,73
0.004702669989649076,0.0037783669988503375,0.0033172657547319065,0.5667550498275506,2.1921366038464227e-05,0.2552773491216169,73
0.0031803453309164733,0.002429155737824851,0.0015171894635823318,0.3643733606737276,1.0008448092210624e-05,0.1548448451497322,68
0.002161119419879099,0.00147364225272048,0.000700565572046786,0.221046337908072,4.447538886972106e-06,0.0921589945034868,75
0.0014538113474010248,0.0011796380622500512,0.00031703511507479747,0.1769457093375077,1.8590265209213486e-06,0.06871034968121667,68
0.0014542414075881043,0.0011334105769941702,0.0003172227107315746,0.17001158654912552,1.8735346319844048e-06,0.0687176556471813,75
