RMS,MAV,IEMG,VAR,WL,WAMP,FMN,FMD
<<<<<<<< HEAD:features/13/c1c12701-37bd-4c79-83fa-54371477152a-o4p3.csv
0.10008235378403706,0.09954454441097162,515.1430173267781,0.00010736121696525886,16.394757746418257,114,59.182290759872444,57.77777777777778
========
0.10008235378403706,0.09954454441097162,515.1430173267781,0.00010736121696525886,16.394757746418257,114,0.31888047117264784,0.0
>>>>>>>> devP:features/13/82ed8896-6d32-4fbd-a09c-c96d2c3cd4d7-o4p3.csv
