RMS,MAV,IEMG,VAR,WL,WAMP,FMN,FMD
0.05735297180000355,0.04212048734961529,109.21842369755245,0.0031106755454396217,45.322096830164924,1516,61.032012699083204,66.33243347473969
