RMS,MAV,IEMG,VAR,WL,WAMP,FMN,FMD
<<<<<<<< HEAD:features/13/8b88bb39-74aa-461e-8191-366af088cb9e-o9p4.csv
0.1010437899761531,0.0841663453765971,446.5866285682242,0.00450536689010436,103.10043992663728,3275,64.05070484667313,62.57067470787788
========
0.1010437899761531,0.0841663453765971,446.5866285682242,0.00450536689010436,103.10043992663728,3275,18.132838387182495,0.0
>>>>>>>> devP:features/13/cf83fbeb-bb46-4ab4-a983-b2fa4ae5baa3-o9p4.csv
