RMS,MAV,IEMG,VAR,WL,WAMP,FMN,FMD
0.06089894425232318,0.056720024499092546,320.2979783463756,0.0005064304731522968,40.263835216316224,1404,62.72228402173158,59.5006197981229
