RMS,MAV,IEMG,VAR,WL,WAMP,FMN,FMD
0.03595810542249575,0.028675846270251704,107.07560997311987,0.0007264531799946192,33.20760038278096,1272,-2.3050762197448678,0.0
