RMS,MAV,IEMG,VAR,WL,WAMP,FMN,FMD
0.04606010682189563,0.045454416640943004,40.772611726925874,5.54294482760005e-05,2.0461529462705856,0,0.014556952420774087,0.0
