RMS,MAV,IEMG,VAR,WL,WAMP,FMN,FMD
0.06313134889665302,0.05255357808638361,299.92327013899126,0.0019567282619026303,82.87109405419538,3148,0.37305547892452984,0.0
