RMS,MAV,IEMG,VAR,WL,WAMP,FMN,FMD
0.1010437899761531,0.0841663453765971,446.5866285682242,0.00450536689010436,103.10043992663728,3275,-0.5824769773077586,0.0
