RMS,MAV,IEMG,VAR,WL,WAMP,FMN,FMD
0.07508080130221094,0.07129107192217998,109.07534004093537,0.0005715563687835343,9.58733598439746,307,2.8335466948472674,0.0
