RMS,MAV,IEMG,VAR,WL,WAMP,FMN,FMD
<<<<<<<< HEAD:features/13/ab51d908-88ef-4e82-a72c-797e08cb544d-o8p3.csv
0.07508080130221094,0.07129107192217998,109.07534004093537,0.0005715563687835343,9.58733598439746,307,53.05966906995184,46.40522875816993
========
0.07508080130221094,0.07129107192217998,109.07534004093537,0.0005715563687835343,9.58733598439746,307,2.8335466948472674,0.0
>>>>>>>> devP:features/13/964c3c3d-66ae-4065-be54-4178d9b9a5cb-o8p3.csv
