RMS,MAV,IEMG,VAR,WL,WAMP,FMN,FMD
<<<<<<<< HEAD:features/13/5766c6f2-b703-4969-b421-eb5c664af444-o5p3.csv
0.025263353521373454,0.02322585687738354,44.38461249267995,0.00010596534446053618,6.466305381038538,44,63.704999781680655,65.93406593406593
========
0.025263353521373454,0.02322585687738354,44.38461249267995,0.00010596534446053618,6.466305381038538,44,5.767169558746842,0.0
>>>>>>>> devP:features/13/9e876e41-d71a-4c35-aa21-ce6a9994d558-o5p3.csv
