RMS,MAV,IEMG,VAR,WL,WAMP,FMN,FMD
0.08553664281505483,0.06759959234466663,373.7581460736618,0.0050457418647113115,128.4002432610555,3749,0.6601703413961775,0.0
