RMS,MAV,IEMG,VAR,WL,WAMP,FMN,FMD
<<<<<<<< HEAD:features/13/fa379941-3f37-4bff-8005-7d1fd6c9d2e4-o2p2.csv
0.0731924829232005,0.06544543812450856,366.2326717447499,0.0014174614968103761,49.02496935651372,1420,60.70590748676674,55.21801286633309
========
0.0731924829232005,0.06544543812450856,366.2326717447499,0.0014174614968103761,49.02496935651372,1420,9.255672136257571,0.0
>>>>>>>> devP:features/13/a7801017-f577-4215-9aca-ffabd3442314-o2p2.csv
