RMS,MAV,IEMG,VAR,WL,WAMP,FMN,FMD
0.0731924829232005,0.06544543812450856,366.2326717447499,0.0014174614968103761,49.02496935651372,1420,9.255672136257571,0.0
