RMS,MAV,IEMG,VAR,WL,WAMP,FMN,FMD
<<<<<<<< HEAD:features/13/abf52b53-f905-4b47-9ac9-4843ec7fb574-o9p5.csv
0.05735297180000355,0.04212048734961529,109.21842369755245,0.0031106755454396217,45.322096830164924,1516,68.0437872672655,69.41766293868108
========
0.05735297180000355,0.04212048734961529,109.21842369755245,0.0031106755454396217,45.322096830164924,1516,61.032012699083204,66.33243347473969
>>>>>>>> devP:features/13/83d26050-92d6-4063-89f8-654b563b7270-o9p5.csv
