RMS,MAV,IEMG,VAR,WL,WAMP,FMN,FMD
0.05735297180000355,0.04212048734961529,109.21842369755245,0.0031106755454396217,45.322096830164924,1516,68.0437872672655,69.41766293868108
