RMS,MAV,IEMG,VAR,WL,WAMP,FMN,FMD
0.11595510388174432,0.08228914560123851,464.028492045384,0.01301792236206964,188.78698083625216,4163,62.87564241016761,61.00372406455045
