RMS,MAV,IEMG,VAR,WL,WAMP,FMN,FMD
<<<<<<<< HEAD:features/13/ac9d6ac0-e8e0-43b5-9339-dd2cfbb7d89e-o9p1.csv
0.11595510388174432,0.08228914560123851,464.028492045384,0.01301792236206964,188.78698083625216,4163,62.87564241016761,61.00372406455045
========
0.11595510388174432,0.08228914560123851,464.028492045384,0.01301792236206964,188.78698083625216,4163,58.999170274314544,58.69835077141337
>>>>>>>> devP:features/13/59da187b-8ce7-4e08-aa37-de8de1e36de8-o9p1.csv
