RMS,MAV,IEMG,VAR,WL,WAMP,FMN,FMD
<<<<<<<< HEAD:features/13/5f492fc7-3f87-432b-8279-75e3b5537cc2-o5p1.csv
0.0334049529223626,0.032810349279118065,153.58524497555166,3.937185992753796e-05,9.589503931696447,1,63.23073989779769,63.447981200598164
========
0.0334049529223626,0.032810349279118065,153.58524497555166,3.937185992753796e-05,9.589503931696447,1,1.135513863017547,0.0
>>>>>>>> devP:features/13/adacc21d-b972-45af-8112-bbb706b13617-o5p1.csv
