RMS,MAV,IEMG,VAR,WL,WAMP,FMN,FMD
0.03702454849136796,0.03125274312691743,113.8849959544871,0.0005647530960977333,26.90899705262587,901,63.977981091404345,63.66630076838638
