RMS,MAV,IEMG,VAR,WL,WAMP,FMN,FMD
0.018325857698433534,0.013324897044965789,23.34521962278006,0.00032856175179899464,8.7939154716524,217,19.02385330653806,38.81278538812786
