RMS,MAV,IEMG,VAR,WL,WAMP,FMN,FMD
0.15806912809582183,0.1458890446200404,778.0262749586755,0.003949091960919628,103.37713787160438,3322,63.90203702612577,63.753984624039
