RMS,MAV,IEMG,VAR,WL,WAMP,FMN,FMD
<<<<<<<< HEAD:features/13/1a59d1fb-7859-41c9-adde-b030db698816-o11p3.csv
0.06622928605079292,0.049293857957070454,287.53107346359195,0.00369749056903343,112.65197459173973,3595,67.56946972743187,69.08966226641522
========
0.06622928605079292,0.049293857957070454,287.53107346359195,0.00369749056903343,112.65197459173973,3595,49.22764241957894,55.888907937596436
>>>>>>>> devP:features/13/afa013ca-d3d8-4442-bab2-7b2c8c514880-o11p3.csv
