RMS,MAV,IEMG,VAR,WL,WAMP,FMN,FMD
0.06622928605079292,0.049293857957070454,287.53107346359195,0.00369749056903343,112.65197459173973,3595,49.22764241957894,55.888907937596436
