RMS,MAV,IEMG,VAR,WL,WAMP,FMN,FMD
<<<<<<<< HEAD:features/13/8c3647c2-a2c2-4c10-a37c-ae9c7bc86de7-o7p3.csv
0.06089894425232318,0.056720024499092546,320.2979783463756,0.0005064304731522968,40.263835216316224,1404,62.72228402173158,59.5006197981229
========
0.06089894425232318,0.056720024499092546,320.2979783463756,0.0005064304731522968,40.263835216316224,1404,4.596264927868565,0.0
>>>>>>>> devP:features/13/b1e2496d-80f8-4bd3-a1b4-c8561ba5b470-o7p3.csv
