RMS,MAV,IEMG,VAR,WL,WAMP,FMN,FMD
0.06089894425232318,0.056720024499092546,320.2979783463756,0.0005064304731522968,40.263835216316224,1404,4.596264927868565,0.0
