RMS,MAV,IEMG,VAR,WL,WAMP,FMN,FMD
0.1448031491854193,0.1421787371373034,150.14074641699239,0.0007531587200563874,7.795440516091401,265,59.32536771503947,57.76515151515151
