RMS,MAV,IEMG,VAR,WL,WAMP,FMN,FMD
0.07990833856452534,0.06909906670258274,381.7032444650671,0.0025635642488063995,89.69980433987135,3120,2.940474581090715,0.0
