RMS,MAV,IEMG,VAR,WL,WAMP,FMN,FMD
<<<<<<<< HEAD:features/13/8e2595b7-a2c3-4fd7-8a54-237f4ae1fa7b-o6p1.csv
0.13973003736965942,0.12001861430240626,679.185338337317,0.0067733270882653325,146.55097115422592,3987,64.6225914580753,65.73599575896802
========
0.13973003736965942,0.12001861430240626,679.185338337317,0.0067733270882653325,146.55097115422592,3987,13.561619682317724,0.0
>>>>>>>> devP:features/13/ba9b19c5-0dd4-404a-abc5-9ecc6f62165b-o6p1.csv
