RMS,MAV,IEMG,VAR,WL,WAMP,FMN,FMD
<<<<<<<< HEAD:features/13/0599dff8-3dff-4f03-9acd-2ca3661f13c4-o5p2.csv
0.04606010682189563,0.045454416640943004,40.772611726925874,5.54294482760005e-05,2.0461529462705856,0,60.79499510224084,59.08584169453734
========
0.04606010682189563,0.045454416640943004,40.772611726925874,5.54294482760005e-05,2.0461529462705856,0,0.8047098371543495,0.0
>>>>>>>> devP:features/13/bad9d0d1-b9e5-4653-b51d-ede95905abe9-o5p2.csv
