RMS,MAV,IEMG,VAR,WL,WAMP,FMN,FMD
0.06910297745264914,0.05528409200031621,306.5502901417534,0.0031081748280611084,96.73078286648843,3235,66.33841433009323,67.44815148782688
