RMS,MAV,IEMG,VAR,WL,WAMP,FMN,FMD
<<<<<<<< HEAD:features/13/bb9ecf98-d263-4c50-aca4-f1b3ef981411-o11p1.csv
0.06910297745264914,0.05528409200031621,306.5502901417534,0.0031081748280611084,96.73078286648843,3235,66.33841433009323,67.44815148782688
========
0.06910297745264914,0.05528409200031621,306.5502901417534,0.0031081748280611084,96.73078286648843,3235,32.00602404475023,0.0
>>>>>>>> devP:features/13/d49a3601-ce61-4a23-9dae-018722586598-o11p1.csv
