RMS,MAV,IEMG,VAR,WL,WAMP,FMN,FMD
0.13902020834746698,0.10549964533018705,564.7396014524912,0.016224548324005432,213.57644067018595,4112,65.57929182526496,67.0651970857463
