RMS,MAV,IEMG,VAR,WL,WAMP,FMN,FMD
<<<<<<<< HEAD:features/13/c12eeece-2100-4a26-a0f3-1aa1c3c22c47-o10p4.csv
0.06337761932812419,0.06189470310345473,296.10425964692746,0.00019084056740873754,19.142501797714083,327,59.99258436050545,58.73745819397993
========
0.16659816411030479,0.12091384886941903,694.5291479059429,0.026087987267375913,295.3759350487794,4410,62.283222931337555,69.28969359331477
>>>>>>>> devP:features/12/c3c0ceb6-c3ed-4164-910f-20c1c9126812-o11p1.csv
