RMS,MAV,IEMG,VAR,WL,WAMP,FMN,FMD
0.10008235378403706,0.09954454441097162,515.1430173267781,0.00010736121696525886,16.394757746418257,114,59.182290759872444,57.77777777777778
