RMS,MAV,IEMG,VAR,WL,WAMP,FMN,FMD
<<<<<<<< HEAD:features/13/c49648b8-43ca-485a-aef2-1e9458bbe3de-o4p6.csv
0.05099461416909459,0.04357178145956382,61.436211857984986,0.000806100899237078,12.91045373916398,514,64.65883280370005,66.66666666666667
========
0.05099461416909459,0.04357178145956382,61.436211857984986,0.000806100899237078,12.91045373916398,514,11.859828621904468,0.0
>>>>>>>> devP:features/13/c5ac703e-8bec-4872-88f7-3873075c0879-o4p6.csv
