RMS,MAV,IEMG,VAR,WL,WAMP,FMN,FMD
0.05099461416909459,0.04357178145956382,61.436211857984986,0.000806100899237078,12.91045373916398,514,64.65883280370005,66.66666666666667
