RMS,MAV,IEMG,VAR,WL,WAMP,FMN,FMD
0.10934561493084709,0.08784371724392445,499.0401576627348,0.006579603661122216,133.59739799792578,3683,-1.167198229377543,0.0
