RMS,MAV,IEMG,VAR,WL,WAMP,FMN,FMD
0.041285276095498875,0.03498459061382975,83.57818697643927,0.0006087962610328148,18.255823789447163,673,0.8868645984599899,0.0
