RMS,MAV,IEMG,VAR,WL,WAMP,FMN,FMD
0.08087406221050263,0.06759924147391848,364.49511002736847,0.002880964941731299,97.67184289866287,3297,19.57727916691438,0.0
