RMS,MAV,IEMG,VAR,WL,WAMP,FMN,FMD
<<<<<<<< HEAD:features/13/caba5018-53b1-48ce-9352-4e6b452a3f73-o1p5.csv
0.08087406221050263,0.06759924147391848,364.49511002736847,0.002880964941731299,97.67184289866287,3297,69.31475977465885,71.95845697329376
========
0.08087406221050263,0.06759924147391848,364.49511002736847,0.002880964941731299,97.67184289866287,3297,19.57727916691438,0.0
>>>>>>>> devP:features/13/c97ebc3e-937f-4fb5-8fcc-fe5406cf5397-o1p5.csv
