RMS,MAV,IEMG,VAR,WL,WAMP,FMN,FMD
<<<<<<<< HEAD:features/13/66dd7c89-b3a9-426f-ac51-688a77691151-o11p4.csv
0.09336894085827165,0.07966463503543803,444.9269866729214,0.0036166295324650635,104.37442040026731,3412,65.7772423139182,65.89077887197851
========
0.09336894085827165,0.07966463503543803,444.9269866729214,0.0036166295324650635,104.37442040026731,3412,17.214981772764453,0.0
>>>>>>>> devP:features/13/c9fd17d8-08c6-4dfe-985a-f7dd13db2a7e-o11p4.csv
