RMS,MAV,IEMG,VAR,WL,WAMP,FMN,FMD
0.09336894085827165,0.07966463503543803,444.9269866729214,0.0036166295324650635,104.37442040026731,3412,17.214981772764453,0.0
