RMS,MAV,IEMG,VAR,WL,WAMP,FMN,FMD
<<<<<<<< HEAD:features/13/b4f59e8b-aa27-4b06-b4ca-109287f6b2e2-o8p2.csv
0.1448031491854193,0.1421787371373034,150.14074641699239,0.0007531587200563874,7.795440516091401,265,59.32536771503947,57.76515151515151
========
0.1448031491854193,0.1421787371373034,150.14074641699239,0.0007531587200563874,7.795440516091401,265,1.0849572422881022,0.0
>>>>>>>> devP:features/13/ccee7a39-1372-4995-9675-27e555f6dd0c-o8p2.csv
