RMS,MAV,IEMG,VAR,WL,WAMP,FMN,FMD
<<<<<<<< HEAD:features/13/2e94d85a-de27-4e19-ba1b-275f33b55ef6-o4p1.csv
0.09153795812677705,0.09010795116567225,4.775721411780629,0.0002597549147444164,0.23178951651111562,8,58.37598650781737,56.60377358490567
========
0.09153795812677705,0.09010795116567225,4.775721411780629,0.0002597549147444164,0.23178951651111562,8,0.9190726513859832,0.0
>>>>>>>> devP:features/13/ceba31d5-4602-4d13-823b-87dc156acbe1-o4p1.csv
