RMS,MAV,IEMG,VAR,WL,WAMP,FMN,FMD
0.041285276095498875,0.03498459061382975,83.57818697643927,0.0006087962610328148,18.255823789447163,673,61.6449395500672,63.206362494767674
