RMS,MAV,IEMG,VAR,WL,WAMP,FMN,FMD
<<<<<<<< HEAD:features/13/ebf81e82-b2f5-4dc0-8746-65991a3e785d-o11p5.csv
0.09119895104377082,0.07252948181362734,388.9030814846698,0.0066409741855277555,135.76585497274803,3563,65.29787073107566,65.27415143603133
========
0.09119895104377082,0.07252948181362734,388.9030814846698,0.0066409741855277555,135.76585497274803,3563,43.39225191767317,50.35434539350988
>>>>>>>> devP:features/13/d5ed91c2-18b5-4364-99b6-6a58c38ddb5a-o11p5.csv
