RMS,MAV,IEMG,VAR,WL,WAMP,FMN,FMD
<<<<<<<< HEAD:features/13/d751115f-128a-45d2-a44f-1ce81b4b6089-o8p6.csv
0.02053115879347953,0.014952219978694345,18.107138394198852,0.0003915415150218779,7.780635910436152,247,66.95994228874737,68.5383980181668
========
0.02053115879347953,0.014952219978694345,18.107138394198852,0.0003915415150218779,7.780635910436152,247,58.06578131085435,61.93228736581337
>>>>>>>> devP:features/13/d89fb7f0-3648-4312-9417-b20b6d183fcd-o8p6.csv
