RMS,MAV,IEMG,VAR,WL,WAMP,FMN,FMD
0.05818158788979468,0.04763447590357717,298.1441846804895,0.0016408527175423196,73.64272495893486,2857,63.76946471816346,64.3872823134686
