RMS,MAV,IEMG,VAR,WL,WAMP,FMN,FMD
0.03595810542249575,0.028675846270251704,107.07560997311987,0.0007264531799946192,33.20760038278096,1272,26.44161313918727,0.0
