RMS,MAV,IEMG,VAR,WL,WAMP,FMN,FMD
<<<<<<<< HEAD:features/13/5c1c947a-f949-4eb4-8702-81b482313ed1-o4p2.csv
0.12830046445071353,0.12734911628894496,18.847669210763854,0.00024321175869357974,0.6770064976543635,8,68.95137247423035,54.054054054054056
========
0.12830046445071353,0.12734911628894496,18.847669210763854,0.00024321175869357974,0.6770064976543635,8,0.5132782196863119,0.0
>>>>>>>> devP:features/13/d88ec7b8-dfbd-48ce-8fc1-f6fcac069bdb-o4p2.csv
