RMS,MAV,IEMG,VAR,WL,WAMP,FMN,FMD
<<<<<<<< HEAD:features/13/b3f027bb-9560-43e3-98b8-88b591090e5f-o8p1.csv
0.018325857698433534,0.013324897044965789,23.34521962278006,0.00032856175179899464,8.7939154716524,217,56.434063426716676,50.79908675799087
========
0.018325857698433534,0.013324897044965789,23.34521962278006,0.00032856175179899464,8.7939154716524,217,54.04082283066783,50.22831050228311
>>>>>>>> devP:features/13/daa40035-b19b-4908-ba8e-aab21028192e-o8p1.csv
