RMS,MAV,IEMG,VAR,WL,WAMP,FMN,FMD
<<<<<<<< HEAD:features/18/4e9c37b6-50f7-41a5-b80d-90a6632f587e-o1p4.csv
0.189322192243639,0.15918831458108568,1066.7208960078551,0.01878359261945112,253.3523897388847,4630,62.75208211824605,62.22951798239069
========
0.12776525924233634,0.12568524207898574,691.2688314344216,0.0005271813928081659,37.788244927229144,1237,1.0975758873207655,0.0
>>>>>>>> devP:features/13/dafa12ca-cf60-4c45-a491-949aaeec87cd-o9p6.csv
