RMS,MAV,IEMG,VAR,WL,WAMP,FMN,FMD
0.12776525924233634,0.12568524207898574,691.2688314344216,0.0005271813928081659,37.788244927229144,1237,1.0975758873207655,0.0
