RMS,MAV,IEMG,VAR,WL,WAMP,FMN,FMD
0.06578460723695369,0.05413706767496042,214.92415866959286,0.002204471203865266,59.31108340706482,2322,21.30100001612657,0.0
