RMS,MAV,IEMG,VAR,WL,WAMP,FMN,FMD
0.061247444824771125,0.04700865666544776,253.09460748677077,0.003516243909196825,99.04733667009596,3375,63.1080079638672,63.15007429420505
