RMS,MAV,IEMG,VAR,WL,WAMP,FMN,FMD
<<<<<<<< HEAD:features/13/22f0ec23-f2b1-4656-b6a7-907fcd2325a1-o9p3.csv
0.07512556946202674,0.04850441127763323,281.8106295230491,0.005564128275911996,117.22106168548979,3331,64.69533777599517,66.43717728055077
========
0.07512556946202674,0.04850441127763323,281.8106295230491,0.005564128275911996,117.22106168548979,3331,62.89307211235166,66.26506024096385
>>>>>>>> devP:features/13/e70ad390-5347-44ec-adde-834b6ea31f1d-o9p3.csv
