RMS,MAV,IEMG,VAR,WL,WAMP,FMN,FMD
0.1105059564349396,0.08572807596940493,478.6198481371877,0.007844515588032744,148.0729395393243,3842,0.240108878158028,0.0
