RMS,MAV,IEMG,VAR,WL,WAMP,FMN,FMD
0.07534170220110781,0.06392363147371591,357.9084126213354,0.0021122227134630074,77.92282692637514,2842,64.81272784822275,64.11859260582247
