RMS,MAV,IEMG,VAR,WL,WAMP,FMN,FMD
0.14407290552813193,0.10938537867494792,613.5425889877829,0.018568427790914957,243.76594108955337,4402,65.30572098441104,64.00427883758245
