RMS,MAV,IEMG,VAR,WL,WAMP,FMN,FMD
0.02240577873355185,0.015573404100188029,14.514412621375243,0.0004437880435873515,5.792905234847555,182,58.0642738306857,63.30472103004291
