RMS,MAV,IEMG,VAR,WL,WAMP,FMN,FMD
<<<<<<<< HEAD:features/13/74564a29-f04a-4fde-b8e0-ee228cc62ee5-o8p5.csv
0.02240577873355185,0.015573404100188029,14.514412621375243,0.0004437880435873515,5.792905234847555,182,73.30183998125142,78.32618025751073
========
0.02240577873355185,0.015573404100188029,14.514412621375243,0.0004437880435873515,5.792905234847555,182,58.0642738306857,63.30472103004291
>>>>>>>> devP:features/13/f16f3536-ec69-44e8-8dfc-e016bc583454-o8p5.csv
