RMS,MAV,SSI,IEMG,VAR,WL,WAMP
0.003019019268117496,0.0023465271059202315,0.0013671716011897051,0.35197906588803474,8.76633817369956e-06,0.1604724825732742,72
0.0034186944119031617,0.0026114358852218768,0.0017531207222966855,0.3917153827832815,1.1504472948657781e-05,0.1543511518914092,70
0.0035518032184165965,0.0028493772438061018,0.001892295915353174,0.42740658657091524,1.2370023209983804e-05,0.1616031000602502,67
