RMS,MAV,IEMG,VAR,WL,WAMP,FMN,FMD
0.02965591322311964,0.02633667800339543,11.087741439429475,0.00021169837059165122,2.010478341388332,30,8.508315298450247,0.0
