RMS,MAV,IEMG,VAR,WL,WAMP,FMN,FMD
<<<<<<<< HEAD:features/13/7e660f57-831f-4993-9ad1-d7aff5797b7c-o1p3.csv
0.11710340124639304,0.09255201478973497,515.3296183492444,0.011032756591236339,191.24974130279577,4044,68.98494888058974,71.83908045977012
========
0.11710340124639304,0.09255201478973497,515.3296183492444,0.011032756591236339,191.24974130279577,4044,46.42613811378289,55.13649425287356
>>>>>>>> devP:features/13/f8593e8f-9b4c-4ff2-a360-0bf8a6d1e722-o1p3.csv
