RMS,MAV,IEMG,VAR,WL,WAMP,FMN,FMD
<<<<<<<< HEAD:features/13/43b691f2-c76e-4c92-b43e-62eb83bcd44c-o5p4.csv
0.13282481514403616,0.12990630631176103,718.9014991292855,0.0007667830984822896,45.640157711372524,1669,61.10285827942219,59.63136971449223
========
0.13282481514403616,0.12990630631176103,718.9014991292855,0.0007667830984822896,45.640157711372524,1669,1.3573362651491334,0.0
>>>>>>>> devP:features/13/f99b2a4a-3e4c-43eb-84be-20bdf7407f21-o5p4.csv
