RMS,MAV,IEMG,VAR,WL,WAMP,FMN,FMD
0.13282481514403616,0.12990630631176103,718.9014991292855,0.0007667830984822896,45.640157711372524,1669,1.3573362651491334,0.0
