RMS,MAV,IEMG,VAR,WL,WAMP,FMN,FMD
0.11710340124639304,0.09255201478973497,515.3296183492444,0.011032756591236339,191.24974130279577,4044,0.1279961764433432,55.13649425287356
