{"window_size": 500, "threshold": 0.003, "cutoff": 100, "segments": [[11.542, 17.233], [26.531000000000002, 32.324], [41.489, 47.881], [56.608, 62.411], [71.613, 78.019], [86.724, 92.626], [101.905, 108.54], [122.17, 123.48200000000001], [131.72, 138.032], [146.70600000000002, 152.118], [161.80800000000002, 167.31900000000002], [176.975, 182.42700000000002], [191.94, 197.323], [206.95100000000002, 212.57600000000002], [221.947, 227.85600000000002], [237.089, 242.651], [252.013, 257.53], [267.06899999999996, 273.121]]}