{"window_size": 1000, "threshold": 0.0035, "cutoff": 100, "segments": [[10.889, 15.885], [25.704, 32.166], [40.666, 47.278999999999996], [55.657, 62.063], [70.80900000000001, 77.25200000000001], [86.691, 91.94000000000001], [101.52900000000001, 107.09200000000001], [116.18700000000001, 121.959], [131.30700000000002, 137.61700000000002], [146.227, 151.83700000000002], [161.031, 166.943], [176.358, 182.318], [191.199, 196.87900000000002], [206.303, 211.997], [221.25900000000001, 225.351], [236.371, 242.572], [251.651, 257.65299999999996], [264.655, 268.246]]}