{"window_size": 600, "threshold": 0.0035, "cutoff": 100, "segments": [[11.049, 15.456], [25.687, 30.906000000000002], [40.641999999999996, 45.971], [55.647, 60.969], [70.60000000000001, 76.857], [85.99000000000001, 91.745], [100.86800000000001, 107.459], [115.86800000000001, 121.763], [131.232, 139.454], [146.45600000000002, 151.315], [161.112, 166.39000000000001], [176.05700000000002, 181.654], [191.41500000000002, 195.38400000000001], [206.196, 211.613], [221.54600000000002, 227.095], [236.418, 242.15300000000002], [251.484, 256.794], [266.23699999999997, 272.817]]}