{"window_size": 1000, "threshold": 0.0025, "cutoff": 100, "segments": [[11.273, 16.558], [26.240000000000002, 33.879999999999995], [40.882, 47.723], [56.256, 62.704], [71.55300000000001, 80.125], [87.12700000000001, 93.22800000000001], [101.58900000000001, 110.0], [117.00200000000001, 122.91000000000001], [131.852, 138.89700000000002], [147.092, 152.299], [161.9, 167.934], [177.21, 182.762], [192.237, 194.625], [207.267, 212.76500000000001], [222.36800000000002, 227.87800000000001], [237.092, 243.14000000000001], [252.36800000000002, 258.301], [267.209, 274.567]]}