RMS,MAV,IEMG,VAR,WL,WAMP,FMN,FMD
<<<<<<<< HEAD:features/11/d29d7c68-8d6d-4c74-938f-3ba2cd35fcdd-o7p5.csv
0.18697295623420276,0.13755962342546169,814.0778514318822,0.03379481385095222,361.83188324281383,4811,70.92941488405154,73.504562352146
========
0.18697295623420276,0.13755962342546169,814.0778514318822,0.03379481385095222,361.83188324281383,4811,66.35797434645504,70.29401824940858
>>>>>>>> devP:features/11/02b62392-6ba6-474b-a12b-cb21915eb83c-o7p5.csv
