RMS,MAV,IEMG,VAR,WL,WAMP,FMN,FMD
<<<<<<<< HEAD:features/11/0841a008-841e-44ea-847e-cf5ef8850b63-o9p5.csv
0.1382862931198988,0.09538452424716778,568.3009954646257,0.018951558449041065,249.44781222669417,4420,69.3714903674811,70.82913729439409
========
0.1382862931198988,0.09538452424716778,568.3009954646257,0.018951558449041065,249.44781222669417,4420,68.13798569065288,70.32561262168512
>>>>>>>> devP:features/11/0de5d217-b61d-4d66-bfd9-9562379f333a-o9p5.csv
