RMS,MAV,IEMG,VAR,WL,WAMP,FMN,FMD
<<<<<<<< HEAD:features/11/8fcaf414-71fe-4c4f-af67-e1a8cac75105-o1p3.csv
0.17763635454918011,0.13466934570442976,770.4433267750427,0.028874560842662805,324.33846123297167,4608,71.06713753696403,71.31620346093341
========
0.17763635454918011,0.13466934570442976,770.4433267750427,0.028874560842662805,324.33846123297167,4608,59.939976330112636,68.34469498339452
>>>>>>>> devP:features/11/1504046e-a57e-42a2-aaf4-c13dfd8268a0-o1p3.csv
