RMS,MAV,IEMG,VAR,WL,WAMP,FMN,FMD
0.17763635454918011,0.13466934570442976,770.4433267750427,0.028874560842662805,324.33846123297167,4608,59.939976330112636,68.34469498339452
