RMS,MAV,IEMG,VAR,WL,WAMP,FMN,FMD
0.10742220374676292,0.07953895479483802,514.0602648390382,0.009747040747562927,200.6104800629356,4707,68.27054213442001,67.77038526999846
