RMS,MAV,IEMG,VAR,WL,WAMP,FMN,FMD
0.1533001389195751,0.11262889634900493,625.4282614260244,0.020379054013959265,253.69142086985974,4362,55.14899683317706,66.09040158472898
