RMS,MAV,IEMG,VAR,WL,WAMP,FMN,FMD
0.1633685473575752,0.1133027012910244,855.3220920459432,0.026343488313462532,379.103597589928,5558,31.81991603430795,71.79758908464696
