RMS,MAV,IEMG,VAR,WL,WAMP,FMN,FMD
<<<<<<<< HEAD:features/11/dee60d06-4c50-4d34-9f86-d8e59ffce06d-o11p2.csv
0.1321235616586762,0.10137906166928258,536.3966152921741,0.01362370517322627,196.2153835444044,3832,72.13512557683327,74.0880740880741
========
0.1321235616586762,0.10137906166928258,536.3966152921741,0.01362370517322627,196.2153835444044,3832,46.16100146427167,54.999054999055
>>>>>>>> devP:features/11/1fc1a2b5-d3e8-4650-96fa-91dfe7678f11-o11p2.csv
