RMS,MAV,IEMG,VAR,WL,WAMP,FMN,FMD
<<<<<<<< HEAD:features/11/231a3e2f-f79b-4831-9a61-03895062acbf-o5p4.csv
0.1928900817900356,0.15668082899461677,943.5319522055822,0.020324562473259207,254.6294384894306,4501,68.62560520575316,69.08003985386914
========
0.1928900817900356,0.15668082899461677,943.5319522055822,0.020324562473259207,254.6294384894306,4501,25.787047193528686,0.0
>>>>>>>> devP:features/11/94de54e2-01cc-442f-ba08-f615e80150a9-o5p4.csv
