RMS,MAV,IEMG,VAR,WL,WAMP,FMN,FMD
0.17322416076926317,0.16208949810561477,1165.5855808774759,0.004104637869808243,138.00091076387218,3949,5.007207266969462,0.0
