RMS,MAV,IEMG,VAR,WL,WAMP,FMN,FMD
0.06224257703529265,0.04675186555473144,331.4707267830459,0.003161269294075468,121.42408820990822,3966,-13.287752617197658,0.0
