RMS,MAV,IEMG,VAR,WL,WAMP,FMN,FMD
<<<<<<<< HEAD:features/11/1e6b6f55-134f-4d6f-a788-3d945a3e91d5-o7p1.csv
0.15822443578971554,0.12959194237884486,710.5526200632064,0.013701047016340328,212.45697928318657,4225,69.64296126941987,71.12894400875433
========
0.15822443578971554,0.12959194237884486,710.5526200632064,0.013701047016340328,212.45697928318657,4225,26.23619525467898,0.0
>>>>>>>> devP:features/11/2a7b8f3d-3b13-4002-8574-fb772daeb54a-o7p1.csv
