RMS,MAV,IEMG,VAR,WL,WAMP,FMN,FMD
0.15822443578971554,0.12959194237884486,710.5526200632064,0.013701047016340328,212.45697928318657,4225,26.23619525467898,0.0
