RMS,MAV,IEMG,VAR,WL,WAMP,FMN,FMD
<<<<<<<< HEAD:features/11/fc66c271-04e9-4beb-8145-f22c90348f7e-o3p2.csv
0.13737367002450457,0.09491996942951496,518.0731931462926,0.01886140052113595,231.69523609193757,4171,69.31981468700727,71.63796262367167
========
0.13737367002450457,0.09491996942951496,518.0731931462926,0.01886140052113595,231.69523609193757,4171,69.24547351749239,71.63796262367167
>>>>>>>> devP:features/11/2d491937-8c71-4082-a23c-868fa0afe81e-o3p2.csv
