RMS,MAV,IEMG,VAR,WL,WAMP,FMN,FMD
<<<<<<<< HEAD:features/11/2df0ca28-e743-4cd8-8467-5ef61506245a-o1p1.csv
0.1783971098794488,0.1265517600716604,772.3453917173435,0.03181469168930792,353.7620075798338,4843,72.23450750530581,74.22579059478944
========
0.1783971098794488,0.1265517600716604,772.3453917173435,0.03181469168930792,353.7620075798338,4843,72.18533013884509,74.22579059478944
>>>>>>>> devP:features/11/46a56a20-a92a-430f-9158-b070b66faa50-o1p1.csv
