RMS,MAV,IEMG,VAR,WL,WAMP,FMN,FMD
0.3010889818390763,0.22216338677511813,1289.6584602295607,0.08889163121233516,542.9260313727003,4781,80.64675265872302,67.18346253229974
