RMS,MAV,IEMG,VAR,WL,WAMP,FMN,FMD
0.2326999913366216,0.17247028582337312,1094.8413744067725,0.05034120650762349,463.16248457372205,4808,73.4070752872083,76.71707624448645
