RMS,MAV,IEMG,VAR,WL,WAMP,FMN,FMD
0.172260503724161,0.12622286643542519,729.3157222638868,0.026103863163124165,297.0442812551279,4416,-12.501449389969391,0.0
