RMS,MAV,IEMG,VAR,WL,WAMP,FMN,FMD
0.16336699957442705,0.12029234796741099,811.612471736122,0.021001108288026326,291.6682570043972,5155,68.39992604908724,68.47487772343264
