RMS,MAV,IEMG,VAR,WL,WAMP,FMN,FMD
<<<<<<<< HEAD:features/11/f39622b9-8bb1-4bcf-8296-c6a687547978-o1p5.csv
0.09884141349392699,0.07817786750687729,415.5935436665597,0.006114002708864026,133.75588125916866,3572,70.86176090133316,70.54176072234763
========
0.09884141349392699,0.07817786750687729,415.5935436665597,0.006114002708864026,133.75588125916866,3572,32.27121228331313,0.0
>>>>>>>> devP:features/11/3576bc22-0b34-4aa1-bfef-bf24a5da4682-o1p5.csv
