RMS,MAV,IEMG,VAR,WL,WAMP,FMN,FMD
0.09884141349392699,0.07817786750687729,415.5935436665597,0.006114002708864026,133.75588125916866,3572,32.27121228331313,0.0
