RMS,MAV,IEMG,VAR,WL,WAMP,FMN,FMD
0.1349234068431081,0.09036814995933545,500.91065522459644,0.01820072287113906,226.51673002478063,4098,74.40328737403117,49.070900234530036
