RMS,MAV,IEMG,VAR,WL,WAMP,FMN,FMD
<<<<<<<< HEAD:features/11/bf28e5b3-808a-4409-a3fa-7ee60cb1ded8-o6p3.csv
0.11020163122697281,0.08515916205321664,449.5552164789306,0.010020280477773013,175.42392557103443,3970,69.50842045405616,74.25648797120667
========
0.11020163122697281,0.08515916205321664,449.5552164789306,0.010020280477773013,175.42392557103443,3970,48.813327395034776,56.63951505967039
>>>>>>>> devP:features/11/384c34be-2773-4765-b026-0b9441541eae-o6p3.csv
