RMS,MAV,IEMG,VAR,WL,WAMP,FMN,FMD
<<<<<<<< HEAD:features/11/439e22a5-48b1-4152-b51d-549433e20f63-o7p4.csv
0.172260503724161,0.12622286643542519,729.3157222638868,0.026103863163124165,297.0442812551279,4416,72.49517942122328,75.45863620629976
========
0.172260503724161,0.12622286643542519,729.3157222638868,0.026103863163124165,297.0442812551279,4416,56.92554352612421,65.93977154724818
>>>>>>>> devP:features/11/387920bf-41a4-4155-8bb9-05d2ea43beb4-o7p4.csv
