RMS,MAV,IEMG,VAR,WL,WAMP,FMN,FMD
<<<<<<<< HEAD:features/11/79ae7236-e84d-49b5-a718-5147e707e827-o5p2.csv
0.07399496942041293,0.05858810907044136,323.46495017790676,0.0034109830296336976,99.87647434793547,3036,71.7944072878534,71.5450099619634
========
0.07399496942041293,0.05858810907044136,323.46495017790676,0.0034109830296336976,99.87647434793547,3036,32.48074758455361,0.0
>>>>>>>> devP:features/11/3a2e54f3-42bb-42c7-8c43-1a77eec3f1f9-o5p2.csv
