RMS,MAV,IEMG,VAR,WL,WAMP,FMN,FMD
0.11968573366934485,0.1071938605497611,620.545258722567,0.0036364497189346717,109.2999955605249,3398,69.97632757021373,71.34220072551392
