RMS,MAV,IEMG,VAR,WL,WAMP,FMN,FMD
0.19071979734609928,0.16055091317056996,629.3595796286343,0.0192929492727259,171.2739231062483,2725,70.65899974283911,71.68367346938776
