RMS,MAV,IEMG,VAR,WL,WAMP,FMN,FMD
<<<<<<<< HEAD:features/11/d65c0627-94ee-44ab-b503-ad164a19db61-o8p4.csv
0.18528084785476318,0.12381600266758018,595.6787888337283,0.03376161772102616,257.53383647027323,3390,69.77587634772401,72.33423404697568
========
0.18528084785476318,0.12381600266758018,595.6787888337283,0.03376161772102616,257.53383647027323,3390,67.50692510562382,71.08709208064852
>>>>>>>> devP:features/11/40bfde8a-1c5b-4576-b70c-6b3d0d29c9a7-o8p4.csv
