RMS,MAV,IEMG,VAR,WL,WAMP,FMN,FMD
0.18528084785476318,0.12381600266758018,595.6787888337283,0.03376161772102616,257.53383647027323,3390,67.50692510562382,71.08709208064852
