RMS,MAV,IEMG,VAR,WL,WAMP,FMN,FMD
0.06663524339071426,0.04941102948578848,279.5676048305912,0.00390920208930724,112.09773487080236,3428,69.12953022294266,69.63591375044184
