RMS,MAV,IEMG,VAR,WL,WAMP,FMN,FMD
<<<<<<<< HEAD:features/11/41606cd1-924f-4a81-8c27-033c20a5156a-o5p3.csv
0.06663524339071426,0.04941102948578848,279.5676048305912,0.00390920208930724,112.09773487080236,3428,69.12953022294266,69.63591375044184
========
0.06663524339071426,0.04941102948578848,279.5676048305912,0.00390920208930724,112.09773487080236,3428,54.3601882175202,62.03605514316013
>>>>>>>> devP:features/11/7507148a-1346-454f-bd7d-1bff1a971252-o5p3.csv
