RMS,MAV,IEMG,VAR,WL,WAMP,FMN,FMD
<<<<<<<< HEAD:features/11/42461486-4d2b-4655-bf04-a6605036c5ea-o3p5.csv
0.3002811890025712,0.224386808256189,1288.6534398152935,0.08814132195962894,546.5105189048365,4955,68.43868593946314,69.1276336409542
========
0.3002811890025712,0.224386808256189,1288.6534398152935,0.08814132195962894,546.5105189048365,4955,65.42864165032101,67.2122584015323
>>>>>>>> devP:features/11/d537e8eb-d69b-48ff-89ad-288534e2ea2f-o3p5.csv
