RMS,MAV,IEMG,VAR,WL,WAMP,FMN,FMD
0.08627384029534649,0.059982478148630905,348.67814547799145,0.0073597410257016495,156.45750943528023,3914,70.10969690529595,72.59590572853949
