RMS,MAV,IEMG,VAR,WL,WAMP,FMN,FMD
<<<<<<<< HEAD:features/11/5908b730-fa57-427e-baf0-380b065463af-o9p3.csv
0.08627384029534649,0.059982478148630905,348.67814547799145,0.0073597410257016495,156.45750943528023,3914,71.69930910433574,73.28401857904697
========
0.08627384029534649,0.059982478148630905,348.67814547799145,0.0073597410257016495,156.45750943528023,3914,70.10969690529595,72.59590572853949
>>>>>>>> devP:features/11/44ebc7fa-3bd2-4508-901d-cba68b0eed7f-o9p3.csv
