RMS,MAV,IEMG,VAR,WL,WAMP,FMN,FMD
0.11925094568885318,0.09032217022406507,497.85580227504664,0.013984552617126203,223.32309074644047,4388,69.58500838514159,71.11756168359942
