RMS,MAV,IEMG,VAR,WL,WAMP,FMN,FMD
0.12905118109695043,0.09824256162587859,558.8036905279974,0.012732619507788442,208.07350841680153,4134,-5.810544295139327,0.0
