RMS,MAV,IEMG,VAR,WL,WAMP,FMN,FMD
0.18913177550469654,0.1387005972419518,721.2431056581494,0.03069271982254304,271.21443274762316,4098,68.2882602955141,69.42307692307692
