RMS,MAV,IEMG,VAR,WL,WAMP,FMN,FMD
<<<<<<<< HEAD:features/11/489e29ad-d195-4a0c-b97c-88ef6061143e-o2p1.csv
0.1565713308725436,0.12319645841309332,698.0311333685868,0.01590760689665495,223.58157210274294,4140,70.13396374354559,71.30250617719732
========
0.1565713308725436,0.12319645841309332,698.0311333685868,0.01590760689665495,223.58157210274294,4140,33.68391003951865,0.0
>>>>>>>> devP:features/11/1098738b-6508-4868-b3c8-59d1ac733cd1-o2p1.csv
