RMS,MAV,IEMG,VAR,WL,WAMP,FMN,FMD
<<<<<<<< HEAD:features/11/74fcf719-b97d-4454-b67b-76fa4a5d11ee-o3p1.csv
0.1652776382894877,0.13222886361211134,759.6548214515796,0.017768251703832158,243.56019077889923,4359,72.52021070064714,76.06614447345517
========
0.1652776382894877,0.13222886361211134,759.6548214515796,0.017768251703832158,243.56019077889923,4359,34.953270945236284,0.0
>>>>>>>> devP:features/11/48d3fd56-fa91-4e28-b3f8-508ae9a2db5f-o3p1.csv
