RMS,MAV,IEMG,VAR,WL,WAMP,FMN,FMD
<<<<<<<< HEAD:features/11/2d6cacfd-af2f-4d3d-a584-3fb83465fc46-o10p5.csv
0.17850583057822672,0.13106010549992683,845.337680474528,0.027656115024931437,320.4312090247136,4594,71.15522250536142,73.33333333333333
========
0.17850583057822672,0.13106010549992683,845.337680474528,0.027656115024931437,320.4312090247136,4594,54.55331336852246,63.87596899224806
>>>>>>>> devP:features/11/4bf518e1-e0a7-4802-a9c8-bedbdfb64ade-o10p5.csv
