RMS,MAV,IEMG,VAR,WL,WAMP,FMN,FMD
<<<<<<<< HEAD:features/11/92a90100-93a4-4629-b8cd-4fc2e307c4ba-o1p6.csv
0.12738918863058823,0.09679144300368116,511.73635916046226,0.013958106729257201,203.21909169852574,4033,69.75278011150304,71.11783620200492
========
0.12738918863058823,0.09679144300368116,511.73635916046226,0.013958106729257201,203.21909169852574,4033,52.63389559405809,61.09324758842444
>>>>>>>> devP:features/11/4c9abaa4-f439-4f1d-9bb5-a8ce514e9b30-o1p6.csv
