RMS,MAV,IEMG,VAR,WL,WAMP,FMN,FMD
0.11283302356290734,0.07876995618404618,438.354806164217,0.01207125103753936,189.1272624905535,3928,71.18222107666222,73.67475292003594
