RMS,MAV,IEMG,VAR,WL,WAMP,FMN,FMD
<<<<<<<< HEAD:features/11/4db005cf-aec6-4d91-9e95-3c5b9cc63b91-o5p6.csv
0.11283302356290734,0.07876995618404618,438.354806164217,0.01207125103753936,189.1272624905535,3928,71.18222107666222,73.67475292003594
========
0.11283302356290734,0.07876995618404618,438.354806164217,0.01207125103753936,189.1272624905535,3928,64.16527497931588,71.69811320754717
>>>>>>>> devP:features/11/d4cd4d3a-c948-4fae-bb34-054fba039e86-o5p6.csv
