RMS,MAV,IEMG,VAR,WL,WAMP,FMN,FMD
0.176966906939698,0.12716962282203784,553.3150288986866,0.03122489864750061,254.29212674932285,3478,72.03938146274648,76.76396230751551
