RMS,MAV,IEMG,VAR,WL,WAMP,FMN,FMD
<<<<<<<< HEAD:features/11/42a6d56e-3657-4ad7-9c86-dead81ee5602-o11p6.csv
0.176966906939698,0.12716962282203784,553.3150288986866,0.03122489864750061,254.29212674932285,3478,72.46567835741493,76.76396230751551
========
0.176966906939698,0.12716962282203784,553.3150288986866,0.03122489864750061,254.29212674932285,3478,72.03938146274648,76.76396230751551
>>>>>>>> devP:features/11/50cd264d-0721-47a2-a415-3eee8d694597-o11p6.csv
