RMS,MAV,IEMG,VAR,WL,WAMP,FMN,FMD
<<<<<<<< HEAD:features/11/7b13a64a-38f0-41e6-94a0-a40de572d6e6-o4p1.csv
0.14792457393652728,0.11569376380805337,622.7795305787513,0.014073648951619108,188.35676461126184,3969,66.91238564708837,67.80605610254506
========
0.14792457393652728,0.11569376380805337,622.7795305787513,0.014073648951619108,188.35676461126184,3969,31.718107716930188,0.0
>>>>>>>> devP:features/11/512d3028-c0ab-4672-be19-af33529e426f-o4p1.csv
