RMS,MAV,IEMG,VAR,WL,WAMP,FMN,FMD
0.2451927646725716,0.1747894788780411,1054.854505028978,0.05902833781695393,474.66862067721786,4791,30.397220628819618,0.0
