RMS,MAV,IEMG,VAR,WL,WAMP,FMN,FMD
<<<<<<<< HEAD:features/11/54de0c52-c9af-4c18-b240-9e9de42b7144-o10p1.csv
0.17322416076926317,0.16208949810561477,1165.5855808774759,0.004104637869808243,138.00091076387218,3949,68.20232779309111,69.67042136003337
========
0.10535752508198033,0.10352388176967509,460.99184552036314,0.00038447382748439343,29.407891540964446,956,1.1922876032865501,0.0
>>>>>>>> devP:features/1/d9fe15d6-a2a5-4788-abc5-fe92ed60202e-o10p3.csv
