RMS,MAV,IEMG,VAR,WL,WAMP,FMN,FMD
0.18879277747047934,0.13895040308148568,812.3040564143653,0.03396514502371377,343.89185125230324,4646,-9.849221537511786,68.25179609989738
