RMS,MAV,IEMG,VAR,WL,WAMP,FMN,FMD
<<<<<<<< HEAD:features/11/f130c5c5-25c8-4ded-b01d-ed9bd62a8a76-o5p5.csv
0.1349234068431081,0.09036814995933545,500.91065522459644,0.01820072287113906,226.51673002478063,4098,70.94258297082952,69.45697275843405
========
0.1349234068431081,0.09036814995933545,500.91065522459644,0.01820072287113906,226.51673002478063,4098,70.91450783987831,69.45697275843405
>>>>>>>> devP:features/11/58d4e1a8-7b90-42af-9b30-6f9e79573312-o5p5.csv
