RMS,MAV,IEMG,VAR,WL,WAMP,FMN,FMD
0.06663524339071426,0.04941102948578848,279.5676048305912,0.00390920208930724,112.09773487080236,3428,1.0367680986671273,62.03605514316013
