RMS,MAV,IEMG,VAR,WL,WAMP,FMN,FMD
0.15436351599812334,0.11454367019056769,636.9773499297469,0.021634863090594963,263.16746576697847,4372,69.9459351733145,71.21021399028952
