RMS,MAV,IEMG,VAR,WL,WAMP,FMN,FMD
<<<<<<<< HEAD:features/11/b7601b7b-b4fd-42ca-8687-b3bbf60ef5d9-o4p2.csv
0.1644174498929492,0.13966999014117323,860.7861492400506,0.010389388450152357,184.48267384791086,4321,66.62447582349125,67.49959435339932
========
0.1644174498929492,0.13966999014117323,860.7861492400506,0.010389388450152357,184.48267384791086,4321,15.847943195906089,0.0
>>>>>>>> devP:features/11/60d8ef1e-4fd6-404b-b2b7-9560c38a3c2d-o4p2.csv
