RMS,MAV,IEMG,VAR,WL,WAMP,FMN,FMD
<<<<<<<< HEAD:features/11/f394f2b8-e34a-4546-aeb6-bf2f5c791daf-o8p1.csv
0.1124964577966565,0.07066123119891626,423.1194524191106,0.012648501762702906,183.42293934859407,3932,70.15830776109203,74.4822979291917
========
0.1124964577966565,0.07066123119891626,423.1194524191106,0.012648501762702906,183.42293934859407,3932,70.081278436661,74.31529726118903
>>>>>>>> devP:features/11/610b0e80-1aa4-4454-b5b5-0a9c89e7062f-o8p1.csv
