RMS,MAV,IEMG,VAR,WL,WAMP,FMN,FMD
<<<<<<<< HEAD:features/11/4798eec3-f791-4f7a-8f05-cb88b4358e08-o8p3.csv
0.18913177550469654,0.1387005972419518,721.2431056581494,0.03069271982254304,271.21443274762316,4098,68.2882602955141,69.42307692307692
========
0.18913177550469654,0.1387005972419518,721.2431056581494,0.03069271982254304,271.21443274762316,4098,51.30984022511896,60.38461538461538
>>>>>>>> devP:features/11/62b02f19-366c-4b94-a105-bde20080f62c-o8p3.csv
