RMS,MAV,IEMG,VAR,WL,WAMP,FMN,FMD
<<<<<<<< HEAD:features/11/b712797c-a02c-4ea4-b867-149ee8495ca8-o11p4.csv
0.13570208270227482,0.10632948108965297,597.6780132049394,0.013298982402480886,207.58767620703026,4090,71.59715631527452,74.186087884718
========
0.13570208270227482,0.10632948108965297,597.6780132049394,0.013298982402480886,207.58767620703026,4090,40.464244552148756,45.18768902330545
>>>>>>>> devP:features/11/63c27785-890c-4fb1-8fdd-49d8722c661d-o11p4.csv
