RMS,MAV,IEMG,VAR,WL,WAMP,FMN,FMD
<<<<<<<< HEAD:features/11/64ac0b5b-7ee3-4a82-bd4e-1bba928bdb88-o4p5.csv
0.1901715876440565,0.1703652446193009,984.8814791441785,0.008858605217188752,168.1520029311913,4011,69.38249527539972,70.92198581560284
========
0.1901715876440565,0.1703652446193009,984.8814791441785,0.008858605217188752,168.1520029311913,4011,9.683537428185268,0.0
>>>>>>>> devP:features/11/5cfdebc4-978f-41d8-8891-7a852c8e658b-o4p5.csv
