RMS,MAV,IEMG,VAR,WL,WAMP,FMN,FMD
0.1901715876440565,0.1703652446193009,984.8814791441785,0.008858605217188752,168.1520029311913,4011,69.38249527539972,70.92198581560284
