RMS,MAV,IEMG,VAR,WL,WAMP,FMN,FMD
<<<<<<<< HEAD:features/11/68cbfdaf-2ac7-4290-8092-e39b1f0f0f9b-o6p5.csv
0.1533001389195751,0.11262889634900493,625.4282614260244,0.020379054013959265,253.69142086985974,4362,72.04560761186869,74.19412929947777
========
0.1533001389195751,0.11262889634900493,625.4282614260244,0.020379054013959265,253.69142086985974,4362,55.14899683317706,66.09040158472898
>>>>>>>> devP:features/11/183a590b-8420-46ff-9318-e9959ccaa63a-o6p5.csv
