RMS,MAV,IEMG,VAR,WL,WAMP,FMN,FMD
<<<<<<<< HEAD:features/11/a03f1512-25fb-4c3d-a5f6-8d43bbc4e733-o8p6.csv
0.3003936450615957,0.21707215178129738,1319.3645385267255,0.09020985614267481,578.8106611814817,5122,68.23861473010108,67.45640013162225
========
0.3003936450615957,0.21707215178129738,1319.3645385267255,0.09020985614267481,578.8106611814817,5122,68.19856817278637,67.45640013162225
>>>>>>>> devP:features/11/6b34dc86-2e9b-4fea-85fc-6ceec36382c2-o8p6.csv
