RMS,MAV,IEMG,VAR,WL,WAMP,FMN,FMD
0.15351772484054127,0.11056343229455906,622.1404335214838,0.022764598405869873,257.47518167751315,4383,35.041404046865765,62.02239203838636
