RMS,MAV,IEMG,VAR,WL,WAMP,FMN,FMD
<<<<<<<< HEAD:features/11/76b846b1-7cb6-4f63-a38c-70444852b134-o3p4.csv
0.3010889818390763,0.22216338677511813,1289.6584602295607,0.08889163121233516,542.9260313727003,4781,68.40059911315906,68.38931955211025
========
0.3010889818390763,0.22216338677511813,1289.6584602295607,0.08889163121233516,542.9260313727003,4781,65.7909984256064,67.18346253229974
>>>>>>>> devP:features/11/832a3275-3d5e-47c0-bf3e-de3e8dc06c68-o3p4.csv
