RMS,MAV,IEMG,VAR,WL,WAMP,FMN,FMD
0.14792457393652728,0.11569376380805337,622.7795305787513,0.014073648951619108,188.35676461126184,3969,-3.042486445492094,0.0
