RMS,MAV,IEMG,VAR,WL,WAMP,FMN,FMD
0.07399496942041293,0.05858810907044136,323.46495017790676,0.0034109830296336976,99.87647434793547,3036,71.7944072878534,71.5450099619634
