RMS,MAV,IEMG,VAR,WL,WAMP,FMN,FMD
0.1441193342407465,0.10773642686263567,610.326858176831,0.01909574605175123,254.01741027094954,4279,71.40449009529834,71.84466019417476
