RMS,MAV,IEMG,VAR,WL,WAMP,FMN,FMD
0.16134449746424753,0.12281140348634165,726.1838288147381,0.02062727691102315,272.4254825819584,4578,69.96504860110385,71.02993404363266
