RMS,MAV,IEMG,VAR,WL,WAMP,FMN,FMD
<<<<<<<< HEAD:features/11/3f5f1bc7-b134-4413-b6e8-9228e8470820-o1p4.csv
0.19071979734609928,0.16055091317056996,629.3595796286343,0.0192929492727259,171.2739231062483,2725,70.65899974283911,71.68367346938776
========
0.19071979734609928,0.16055091317056996,629.3595796286343,0.0192929492727259,171.2739231062483,2725,25.502144394015172,0.0
>>>>>>>> devP:features/11/81236d05-4fd3-4964-9cb6-d6c9bcb9afa4-o1p4.csv
