RMS,MAV,IEMG,VAR,WL,WAMP,FMN,FMD
0.19071979734609928,0.16055091317056996,629.3595796286343,0.0192929492727259,171.2739231062483,2725,25.502144394015172,0.0
