RMS,MAV,IEMG,VAR,WL,WAMP,FMN,FMD
<<<<<<<< HEAD:features/11/7d2e6b95-0aef-4b74-b6ac-801b705a76ee-o11p1.csv
0.1441193342407465,0.10773642686263567,610.326858176831,0.01909574605175123,254.01741027094954,4279,71.40449009529834,71.84466019417476
========
0.1441193342407465,0.10773642686263567,610.326858176831,0.01909574605175123,254.01741027094954,4279,60.7494256394235,67.7846425419241
>>>>>>>> devP:features/11/86924026-ec69-4c15-b644-7f7845e78640-o11p1.csv
