RMS,MAV,IEMG,VAR,WL,WAMP,FMN,FMD
0.0691923003318406,0.05226088911094483,319.0004671332072,0.0037116099379387126,106.63940997396321,3183,0.6928938455051515,0.0
