RMS,MAV,IEMG,VAR,WL,WAMP,FMN,FMD
0.1633685473575752,0.1133027012910244,855.3220920459432,0.026343488313462532,379.103597589928,5558,70.78945444794685,72.06252483772684
