RMS,MAV,IEMG,VAR,WL,WAMP,FMN,FMD
<<<<<<<< HEAD:features/11/87bfcb1f-7dc7-41c7-b298-17a3ba359692-o1p2.csv
0.1633685473575752,0.1133027012910244,855.3220920459432,0.026343488313462532,379.103597589928,5558,70.78945444794685,72.06252483772684
========
0.1633685473575752,0.1133027012910244,855.3220920459432,0.026343488313462532,379.103597589928,5558,68.97857993554405,71.79758908464696
>>>>>>>> devP:features/11/6a10527c-c01a-4d03-8827-166b246f9744-o1p2.csv
