RMS,MAV,IEMG,VAR,WL,WAMP,FMN,FMD
<<<<<<<< HEAD:features/11/dd734bb1-7dd8-4425-9187-9997df263f67-o8p2.csv
0.1915649988194986,0.1602929688706377,896.1979889557355,0.01647060397628512,205.0570110025844,4074,69.03415991472323,72.08012877839384
========
0.1915649988194986,0.1602929688706377,896.1979889557355,0.01647060397628512,205.0570110025844,4074,19.974710660857152,0.0
>>>>>>>> devP:features/11/8a9f2454-871e-4826-af33-e0fb5312fd26-o8p2.csv
