RMS,MAV,IEMG,VAR,WL,WAMP,FMN,FMD
0.1915649988194986,0.1602929688706377,896.1979889557355,0.01647060397628512,205.0570110025844,4074,19.974710660857152,0.0
