RMS,MAV,IEMG,VAR,WL,WAMP,FMN,FMD
<<<<<<<< HEAD:features/11/c7b133fd-7bb5-462f-a451-2ace67a41167-o11p5.csv
0.18879277747047934,0.13895040308148568,812.3040564143653,0.03396514502371377,343.89185125230324,4646,69.53926929444557,70.81765309613411
========
0.18879277747047934,0.13895040308148568,812.3040564143653,0.03396514502371377,343.89185125230324,4646,63.287610256302195,68.25179609989738
>>>>>>>> devP:features/11/8ae0c2a0-3285-49d5-a09b-eab4d5fed577-o11p5.csv
