RMS,MAV,IEMG,VAR,WL,WAMP,FMN,FMD
0.3003936450615957,0.21707215178129738,1319.3645385267255,0.09020985614267481,578.8106611814817,5122,67.89974730204288,46.561368871339255
