RMS,MAV,IEMG,VAR,WL,WAMP,FMN,FMD
<<<<<<<< HEAD:features/11/46c46a75-8d9d-4d15-ad31-fc9b191e1939-o3p3.csv
0.11925094568885318,0.09032217022406507,497.85580227504664,0.013984552617126203,223.32309074644047,4388,69.58500838514159,71.11756168359942
========
0.11925094568885318,0.09032217022406507,497.85580227504664,0.013984552617126203,223.32309074644047,4388,67.31089654497372,69.3033381712627
>>>>>>>> devP:features/11/8dc0bc9a-0adc-49bf-8923-d93c2b6a1226-o3p3.csv
