RMS,MAV,IEMG,VAR,WL,WAMP,FMN,FMD
0.15351772484054127,0.11056343229455906,622.1404335214838,0.022764598405869873,257.47518167751315,4383,66.43232692203009,64.6881108939044
