RMS,MAV,IEMG,VAR,WL,WAMP,FMN,FMD
0.1124964577966565,0.07066123119891626,423.1194524191106,0.012648501762702906,183.42293934859407,3932,49.89360319256588,74.31529726118903
