RMS,MAV,IEMG,VAR,WL,WAMP,FMN,FMD
0.1382862931198988,0.09538452424716778,568.3009954646257,0.018951558449041065,249.44781222669417,4420,176.3789313762518,0.0
