RMS,MAV,IEMG,VAR,WL,WAMP,FMN,FMD
<<<<<<<< HEAD:features/11/a05040c3-4b6e-451b-9e6d-fc551a750c1b-o7p6.csv
0.18895282973072206,0.14377931281266365,893.013311879454,0.031369295105462644,355.93717570172004,4892,69.22761517832112,69.55401706649492
========
0.18895282973072206,0.14377931281266365,893.013311879454,0.031369295105462644,355.93717570172004,4892,54.240299042307214,61.825792947995495
>>>>>>>> devP:features/11/96310f27-2fdd-4e7f-890b-0a48f6039584-o7p6.csv
