RMS,MAV,IEMG,VAR,WL,WAMP,FMN,FMD
0.18895282973072206,0.14377931281266365,893.013311879454,0.031369295105462644,355.93717570172004,4892,54.240299042307214,61.825792947995495
