RMS,MAV,IEMG,VAR,WL,WAMP,FMN,FMD
<<<<<<<< HEAD:features/11/5ea552ea-8a20-488f-94a3-8f9538d76f0a-o6p4.csv
0.15436351599812334,0.11454367019056769,636.9773499297469,0.021634863090594963,263.16746576697847,4372,69.9459351733145,71.21021399028952
========
0.15436351599812334,0.11454367019056769,636.9773499297469,0.021634863090594963,263.16746576697847,4372,58.1550175436326,65.81550080920698
>>>>>>>> devP:features/11/99644753-9083-4bee-b2a5-d27479d71528-o6p4.csv
