RMS,MAV,IEMG,VAR,WL,WAMP,FMN,FMD
0.15436351599812334,0.11454367019056769,636.9773499297469,0.021634863090594963,263.16746576697847,4372,58.1550175436326,65.81550080920698
