RMS,MAV,IEMG,VAR,WL,WAMP,FMN,FMD
<<<<<<<< HEAD:features/11/baff867f-a114-467b-b94a-22e2663661a3-o9p6.csv
0.13726348571152455,0.12848227375265364,716.8026052660547,0.0030781166344093095,87.08369510014948,2750,69.71596970711107,70.80121885642589
========
0.13726348571152455,0.12848227375265364,716.8026052660547,0.0030781166344093095,87.08369510014948,2750,6.201344604620017,0.0
>>>>>>>> devP:features/11/99cc0e37-9b12-4c47-a34f-c1f33e0da186-o9p6.csv
