RMS,MAV,IEMG,VAR,WL,WAMP,FMN,FMD
0.13726348571152455,0.12848227375265364,716.8026052660547,0.0030781166344093095,87.08369510014948,2750,6.201344604620017,0.0
