RMS,MAV,IEMG,VAR,WL,WAMP,FMN,FMD
0.18528084785476318,0.12381600266758018,595.6787888337283,0.03376161772102616,257.53383647027323,3390,60.2221715315913,83.35065474953232
