RMS,MAV,IEMG,VAR,WL,WAMP,FMN,FMD
0.15125076877776997,0.11165191346689851,653.6103014352238,0.022191015573471244,292.9668113836121,4584,71.57109042810956,72.77075503928937
