RMS,MAV,IEMG,VAR,WL,WAMP,FMN,FMD
0.14475743049347592,0.11715599423419129,724.6098243384731,0.01105606207412476,176.8958619874324,3958,23.464341314756386,0.0
