RMS,MAV,IEMG,VAR,WL,WAMP,FMN,FMD
0.1565713308725436,0.12319645841309332,698.0311333685868,0.01590760689665495,223.58157210274294,4140,5.111162231061436,0.0
