RMS,MAV,IEMG,VAR,WL,WAMP,FMN,FMD
0.1928900817900356,0.15668082899461677,943.5319522055822,0.020324562473259207,254.6294384894306,4501,1.1569484639464223,0.0
