RMS,MAV,IEMG,VAR,WL,WAMP,FMN,FMD
<<<<<<<< HEAD:features/11/e3c88c5c-06db-43a0-9dca-78ab1190b4d6-o3p6.csv
0.1939950427699211,0.13474047321852206,627.6211242518757,0.037600229550659836,279.32609214383336,3692,69.20534606020011,69.77243452125374
========
0.1939950427699211,0.13474047321852206,627.6211242518757,0.037600229550659836,279.32609214383336,3692,69.08097510389962,69.77243452125374
>>>>>>>> devP:features/11/a1ebcb5b-e791-4135-afc7-31c2d9f16b40-o3p6.csv
