RMS,MAV,IEMG,VAR,WL,WAMP,FMN,FMD
0.1939950427699211,0.13474047321852206,627.6211242518757,0.037600229550659836,279.32609214383336,3692,69.08097510389962,69.77243452125374
