RMS,MAV,IEMG,VAR,WL,WAMP,FMN,FMD
<<<<<<<< HEAD:features/11/3141f541-d5cb-4c0f-81ac-6b099b327cd4-o10p4.csv
0.2326999913366216,0.17247028582337312,1094.8413744067725,0.05034120650762349,463.16248457372205,4808,73.4070752872083,76.71707624448645
========
0.2326999913366216,0.17247028582337312,1094.8413744067725,0.05034120650762349,463.16248457372205,4808,63.760674949553625,73.40894770006301
>>>>>>>> devP:features/11/a4b16e0c-69b3-4d80-a81d-3e9923175001-o10p4.csv
