RMS,MAV,IEMG,VAR,WL,WAMP,FMN,FMD
<<<<<<<< HEAD:features/11/163f5bb8-e730-486a-8203-b7ab17c4cd37-o4p6.csv
0.10742220374676292,0.07953895479483802,514.0602648390382,0.009747040747562927,200.6104800629356,4707,68.27054213442001,67.77038526999846
========
0.10742220374676292,0.07953895479483802,514.0602648390382,0.009747040747562927,200.6104800629356,4707,49.912601957487,56.93950177935943
>>>>>>>> devP:features/11/a755af1b-2878-46ef-a00e-ad9448b3d773-o4p6.csv
