RMS,MAV,IEMG,VAR,WL,WAMP,FMN,FMD
<<<<<<<< HEAD:features/11/e0c542b1-76e4-447c-831f-188962048860-o6p2.csv
0.17711071418278568,0.15444463959433866,870.6044333932871,0.010324342866717472,182.53297523172813,4082,67.28259598222527,67.23434450949085
========
0.17711071418278568,0.15444463959433866,870.6044333932871,0.010324342866717472,182.53297523172813,4082,13.253600283315846,0.0
>>>>>>>> devP:features/11/a779f996-01e1-4430-bbb6-493d353a87a8-o6p2.csv
