RMS,MAV,IEMG,VAR,WL,WAMP,FMN,FMD
0.1644174498929492,0.13966999014117323,860.7861492400506,0.010389388450152357,184.48267384791086,4321,1.0496294523513172,0.0
