RMS,MAV,IEMG,VAR,WL,WAMP,FMN,FMD
<<<<<<<< HEAD:features/11/f2db06f6-07d0-4b4c-b891-394e9e6000af-o6p6.csv
0.13361397384521773,0.09523163287265232,486.44318071350807,0.0177152985870177,218.01013518200676,3990,70.1651466363976,70.86922474549725
========
0.13361397384521773,0.09523163287265232,486.44318071350807,0.0177152985870177,218.01013518200676,3990,69.09340436133164,70.28191072826937
>>>>>>>> devP:features/11/aa336691-457f-4936-9aee-80a812e8d56d-o6p6.csv
