RMS,MAV,IEMG,VAR,WL,WAMP,FMN,FMD
0.1783971098794488,0.1265517600716604,772.3453917173435,0.03181469168930792,353.7620075798338,4843,74.12215748748716,74.22579059478944
