RMS,MAV,IEMG,VAR,WL,WAMP,FMN,FMD
<<<<<<<< HEAD:features/11/f0274913-5120-4b2c-a9e3-e0e451d5d38c-o5p1.csv
0.0691923003318406,0.05226088911094483,319.0004671332072,0.0037116099379387126,106.63940997396321,3183,68.82063271423813,68.97116644823066
========
0.0691923003318406,0.05226088911094483,319.0004671332072,0.0037116099379387126,106.63940997396321,3183,43.563340864656155,57.339449541284395
>>>>>>>> devP:features/11/ad103a56-658b-429d-b9a9-643d519d6e27-o5p1.csv
