RMS,MAV,IEMG,VAR,WL,WAMP,FMN,FMD
0.06224257703529265,0.04675186555473144,331.4707267830459,0.003161269294075468,121.42408820990822,3966,68.49817879454874,69.25246826516221
