RMS,MAV,IEMG,VAR,WL,WAMP,FMN,FMD
<<<<<<<< HEAD:features/11/35337e24-1645-4792-8ecd-bb3cdd672625-o9p4.csv
0.16336699957442705,0.12029234796741099,811.612471736122,0.021001108288026326,291.6682570043972,5155,68.39992604908724,68.47487772343264
========
0.16336699957442705,0.12029234796741099,811.612471736122,0.021001108288026326,291.6682570043972,5155,44.36788109987262,52.02312138728324
>>>>>>>> devP:features/11/b2fe2cf0-1365-47b1-ba39-765d919c4834-o9p4.csv
