RMS,MAV,IEMG,VAR,WL,WAMP,FMN,FMD
0.34813799495652087,0.2565645107939661,1552.4718548142887,0.1211446947214949,659.7822441356168,4972,59.27077267498215,66.93108577094695
