RMS,MAV,IEMG,VAR,WL,WAMP,FMN,FMD
<<<<<<<< HEAD:features/11/b16ab3e3-c893-42fc-94c8-1c2a2fbb1bb8-o10p2.csv
0.06224257703529265,0.04675186555473144,331.4707267830459,0.003161269294075468,121.42408820990822,3966,68.49817879454874,69.25246826516221
========
0.06224257703529265,0.04675186555473144,331.4707267830459,0.003161269294075468,121.42408820990822,3966,47.2075071805101,56.13540197461213
>>>>>>>> devP:features/11/b3935bac-763b-42fc-aab5-f6f09aa283a4-o10p2.csv
