RMS,MAV,IEMG,VAR,WL,WAMP,FMN,FMD
0.17850583057822672,0.13106010549992683,845.337680474528,0.027656115024931437,320.4312090247136,4594,-3.7822205566423825,63.87596899224806
