RMS,MAV,IEMG,VAR,WL,WAMP,FMN,FMD
<<<<<<<< HEAD:features/11/881f9273-45ff-4319-be80-d1d04cc86c7f-o8p5.csv
0.34813799495652087,0.2565645107939661,1552.4718548142887,0.1211446947214949,659.7822441356168,4972,66.9928755937565,66.93108577094695
========
0.34813799495652087,0.2565645107939661,1552.4718548142887,0.1211446947214949,659.7822441356168,4972,66.9316937434183,66.93108577094695
>>>>>>>> devP:features/11/b6f53d4f-00e6-425d-9d92-fc9fa579c175-o8p5.csv
