RMS,MAV,IEMG,VAR,WL,WAMP,FMN,FMD
0.1652776382894877,0.13222886361211134,759.6548214515796,0.017768251703832158,243.56019077889923,4359,-0.7264714709581338,0.0
