RMS,MAV,IEMG,VAR,WL,WAMP,FMN,FMD
0.3002811890025712,0.224386808256189,1288.6534398152935,0.08814132195962894,546.5105189048365,4955,63.308726001940634,67.2122584015323
