RMS,MAV,IEMG,VAR,WL,WAMP,FMN,FMD
<<<<<<<< HEAD:features/11/8e09fc60-a7cf-45de-b122-634067c4e95a-o4p4.csv
0.15351772484054127,0.11056343229455906,622.1404335214838,0.022764598405869873,257.47518167751315,4383,66.43232692203009,64.6881108939044
========
0.15351772484054127,0.11056343229455906,622.1404335214838,0.022764598405869873,257.47518167751315,4383,62.054021916395854,62.02239203838636
>>>>>>>> devP:features/11/bed165c0-3d5c-4c82-a688-42980967cf3d-o4p4.csv
