RMS,MAV,IEMG,VAR,WL,WAMP,FMN,FMD
0.12905118109695043,0.09824256162587859,558.8036905279974,0.012732619507788442,208.07350841680153,4134,44.41386662258788,51.687763713080166
