RMS,MAV,IEMG,VAR,WL,WAMP,FMN,FMD
<<<<<<<< HEAD:features/11/84cb1b6d-c4e0-4789-825b-b2ca403dd906-o2p2.csv
0.12905118109695043,0.09824256162587859,558.8036905279974,0.012732619507788442,208.07350841680153,4134,71.77239701160859,73.83966244725738
========
0.12905118109695043,0.09824256162587859,558.8036905279974,0.012732619507788442,208.07350841680153,4134,44.41386662258788,51.687763713080166
>>>>>>>> devP:features/11/c29c0dda-e79e-4929-8e6b-a17840bee4e8-o2p2.csv
