RMS,MAV,IEMG,VAR,WL,WAMP,FMN,FMD
0.1366510002919307,0.10401698340271312,614.6363549266318,0.0160640219510338,246.7920871739816,4532,8.566335239909408,0.0
