RMS,MAV,IEMG,VAR,WL,WAMP,FMN,FMD
<<<<<<<< HEAD:features/11/c878e9a0-1996-46c0-90cd-cc8449b81802-o2p3.csv
0.1366510002919307,0.10401698340271312,614.6363549266318,0.0160640219510338,246.7920871739816,4532,70.69548975052695,73.61651717718735
========
0.1366510002919307,0.10401698340271312,614.6363549266318,0.0160640219510338,246.7920871739816,4532,53.35974769034889,63.63174818074125
>>>>>>>> devP:features/11/1f83db96-9cca-43a3-85dd-e892ad5416d1-o2p3.csv
