RMS,MAV,IEMG,VAR,WL,WAMP,FMN,FMD
0.13570208270227482,0.10632948108965297,597.6780132049394,0.013298982402480886,207.58767620703026,4090,0.1048985180653817,45.18768902330545
