RMS,MAV,IEMG,VAR,WL,WAMP,FMN,FMD
0.12738918863058823,0.09679144300368116,511.73635916046226,0.013958106729257201,203.21909169852574,4033,13.145452723165732,0.0
