RMS,MAV,IEMG,VAR,WL,WAMP,FMN,FMD
0.10918302454681082,0.0824162350487923,470.01978848326246,0.009874272128460307,180.6734239157754,4016,-4.494944148570944,59.09170611958618
