RMS,MAV,IEMG,VAR,WL,WAMP,FMN,FMD
0.18697295623420276,0.13755962342546169,814.0778514318822,0.03379481385095222,361.83188324281383,4811,70.92941488405154,73.504562352146
