RMS,MAV,IEMG,VAR,WL,WAMP,FMN,FMD
0.14943733594971584,0.1256754051187151,710.9457667565714,0.009586083111793105,183.87396943788633,4184,19.19897732256429,0.0
