RMS,MAV,IEMG,VAR,WL,WAMP,FMN,FMD
<<<<<<<< HEAD:features/11/fbfdae34-543e-4e5a-bf5d-41488d2fbb55-o6p1.csv
0.14943733594971584,0.1256754051187151,710.9457667565714,0.009586083111793105,183.87396943788633,4184,70.25200921186051,71.76948912851334
========
0.14943733594971584,0.1256754051187151,710.9457667565714,0.009586083111793105,183.87396943788633,4184,19.19897732256429,0.0
>>>>>>>> devP:features/11/d41e1ccf-eaf8-4c10-9259-d9c192f60494-o6p1.csv
