RMS,MAV,IEMG,VAR,WL,WAMP,FMN,FMD
0.11283302356290734,0.07876995618404618,438.354806164217,0.01207125103753936,189.1272624905535,3928,64.16527497931588,71.69811320754717
