RMS,MAV,IEMG,VAR,WL,WAMP,FMN,FMD
0.18528084785476318,0.12381600266758018,595.6787888337283,0.03376161772102616,257.53383647027323,3390,69.77587634772401,72.33423404697568
