RMS,MAV,IEMG,VAR,WL,WAMP,FMN,FMD
<<<<<<<< HEAD:features/11/d682e612-1833-4272-ac2c-5662fc85aaed-o10p6.csv
0.2451927646725716,0.1747894788780411,1054.854505028978,0.05902833781695393,474.66862067721786,4791,72.07858388504624,74.23363711681856
========
0.2451927646725716,0.1747894788780411,1054.854505028978,0.05902833781695393,474.66862067721786,4791,69.50880746091518,72.57663628831814
>>>>>>>> devP:features/11/2a1be8fe-605f-4ad9-b014-b706612266f5-o10p6.csv
