RMS,MAV,IEMG,VAR,WL,WAMP,FMN,FMD
<<<<<<<< HEAD:features/11/3bf5b303-d138-4241-8553-d944d8018d94-o7p3.csv
0.08783024253659134,0.07154649288104656,455.0356947234561,0.004507516055378472,138.07809759422756,3934,69.27246353058335,70.9119496855346
========
0.08783024253659134,0.07154649288104656,455.0356947234561,0.004507516055378472,138.07809759422756,3934,28.59196378664669,0.0
>>>>>>>> devP:features/11/d6e4f4c2-d445-4168-a276-50101f0e7173-o7p3.csv
