RMS,MAV,IEMG,VAR,WL,WAMP,FMN,FMD
0.08783024253659134,0.07154649288104656,455.0356947234561,0.004507516055378472,138.07809759422756,3934,28.59196378664669,0.0
