RMS,MAV,IEMG,VAR,WL,WAMP,FMN,FMD
<<<<<<<< HEAD:features/11/9b108686-5301-41f8-8b6e-08a6acc2d385-o11p3.csv
0.15125076877776997,0.11165191346689851,653.6103014352238,0.022191015573471244,292.9668113836121,4584,71.57109042810956,72.77075503928937
========
0.15125076877776997,0.11165191346689851,653.6103014352238,0.022191015573471244,292.9668113836121,4584,67.40499350865612,71.57499145883156
>>>>>>>> devP:features/11/de7ca254-8d3b-449d-b117-2b96208a10e5-o11p3.csv
