RMS,MAV,IEMG,VAR,WL,WAMP,FMN,FMD
0.15125076877776997,0.11165191346689851,653.6103014352238,0.022191015573471244,292.9668113836121,4584,67.40499350865612,71.57499145883156
