RMS,MAV,IEMG,VAR,WL,WAMP,FMN,FMD
0.1321235616586762,0.10137906166928258,536.3966152921741,0.01362370517322627,196.2153835444044,3832,72.13512557683327,74.0880740880741
