RMS,MAV,IEMG,VAR,WL,WAMP,FMN,FMD
0.17711071418278568,0.15444463959433866,870.6044333932871,0.010324342866717472,182.53297523172813,4082,67.28259598222527,67.23434450949085
