RMS,MAV,IEMG,VAR,WL,WAMP,FMN,FMD
0.08627384029534649,0.059982478148630905,348.67814547799145,0.0073597410257016495,156.45750943528023,3914,55.10413448621518,0.0
