RMS,MAV,IEMG,VAR,WL,WAMP,FMN,FMD
0.13737367002450457,0.09491996942951496,518.0731931462926,0.01886140052113595,231.69523609193757,4171,72.30778647649804,34.261634298277755
