RMS,MAV,IEMG,VAR,WL,WAMP,FMN,FMD
<<<<<<<< HEAD:features/11/7e6966d3-d734-41c4-8acc-82f04c3e75b2-o9p2.csv
0.16134449746424753,0.12281140348634165,726.1838288147381,0.02062727691102315,272.4254825819584,4578,69.96504860110385,71.02993404363266
========
0.16134449746424753,0.12281140348634165,726.1838288147381,0.02062727691102315,272.4254825819584,4578,45.90758791434924,55.30187721968544
>>>>>>>> devP:features/11/e50db579-4869-44b7-a2bc-a283706a5020-o9p2.csv
