RMS,MAV,IEMG,VAR,WL,WAMP,FMN,FMD
<<<<<<<< HEAD:features/11/e859fa4f-0ccd-46cc-90ab-771568dcddda-o4p3.csv
0.14475743049347592,0.11715599423419129,724.6098243384731,0.01105606207412476,176.8958619874324,3958,65.48026675928189,62.89409862570736
========
0.14475743049347592,0.11715599423419129,724.6098243384731,0.01105606207412476,176.8958619874324,3958,23.464341314756386,0.0
>>>>>>>> devP:features/11/9fd0a6b5-b072-41f8-984c-8d61d1c5f0bc-o4p3.csv
