RMS,MAV,IEMG,VAR,WL,WAMP,FMN,FMD
0.1329868091828262,0.09193967441002253,525.0674805556387,0.017262543571165984,230.88983662607615,4368,65.80017080800675,68.11416564524602
