RMS,MAV,IEMG,VAR,WL,WAMP,FMN,FMD
<<<<<<<< HEAD:features/11/610fd619-d397-4ef7-928f-085905bca526-o9p1.csv
0.1329868091828262,0.09193967441002253,525.0674805556387,0.017262543571165984,230.88983662607615,4368,69.02449755448441,68.639467693924
========
0.1329868091828262,0.09193967441002253,525.0674805556387,0.017262543571165984,230.88983662607615,4368,65.80017080800675,68.11416564524602
>>>>>>>> devP:features/11/ed26290c-cbc3-408a-ab9c-ee3b4a54a4ec-o9p1.csv
