RMS,MAV,IEMG,VAR,WL,WAMP,FMN,FMD
0.13361397384521773,0.09523163287265232,486.44318071350807,0.0177152985870177,218.01013518200676,3990,70.1651466363976,70.86922474549725
