RMS,MAV,IEMG,VAR,WL,WAMP,FMN,FMD
<<<<<<<< HEAD:features/11/3f101670-166e-4df5-a73e-e6c352c955f0-o10p3.csv
0.11968573366934485,0.1071938605497611,620.545258722567,0.0036364497189346717,109.2999955605249,3398,69.97632757021373,71.34220072551392
========
0.11968573366934485,0.1071938605497611,620.545258722567,0.0036364497189346717,109.2999955605249,3398,10.173366424529643,0.0
>>>>>>>> devP:features/11/f6d7595f-b952-4e37-be2b-ef1c489c6575-o10p3.csv
