RMS,MAV,IEMG,VAR,WL,WAMP,FMN,FMD
<<<<<<<< HEAD:features/11/1bf08ace-60c9-42e8-aa01-77127447c577-o7p2.csv
0.10918302454681082,0.0824162350487923,470.01978848326246,0.009874272128460307,180.6734239157754,4016,69.79586149966758,71.71664036472032
========
0.10918302454681082,0.0824162350487923,470.01978848326246,0.009874272128460307,180.6734239157754,4016,49.34159391438072,59.09170611958618
>>>>>>>> devP:features/11/fb6ee6c9-05ef-492f-8e32-2027773a52a5-o7p2.csv
