RMS,MAV,IEMG,VAR,WL,WAMP,FMN,FMD
0.11020163122697281,0.08515916205321664,449.5552164789306,0.010020280477773013,175.42392557103443,3970,2.094302219316679,0.0
