RMS,MAV,IEMG,VAR,WL,WAMP,FMN,FMD
0.12870287426897406,0.09825744964265198,538.8438538403035,0.014899017722028271,151.13890944770935,3796,1.6441415803171835,0.0
