RMS,MAV,IEMG,VAR,WL,WAMP,FMN,FMD
0.08224581662202195,0.06359242149820069,459.1372832170089,0.006073187487791019,136.35122793182938,4496,49.14184347345248,45.42936288088643
