RMS,MAV,IEMG,VAR,WL,WAMP,FMN,FMD
0.15540037081701755,0.12088985765117966,913.9273238429182,0.019809333845002892,297.7027804404544,5853,-10.710067802305675,42.195767195767196
