RMS,MAV,IEMG,VAR,WL,WAMP,FMN,FMD
<<<<<<<< HEAD:features/3/53987e62-aeb0-4a06-bc0b-854cf1c0771f-o5p1.csv
0.09555584428540605,0.07332687037384227,448.68711981754086,0.00804643337849917,123.94777746916253,3628,49.21388718950683,47.88364111782972
========
0.09555584428540605,0.07332687037384227,448.68711981754086,0.00804643337849917,123.94777746916253,3628,38.764615793861616,44.45170779539141
>>>>>>>> devP:features/3/03453c47-389f-425c-825a-97849b25f826-o5p1.csv
