RMS,MAV,IEMG,VAR,WL,WAMP,FMN,FMD
0.1376656370962987,0.09845505776991047,573.5991665674984,0.018774783733320758,198.29683570919417,4164,45.51702655605006,56.299347751458974
