RMS,MAV,IEMG,VAR,WL,WAMP,FMN,FMD
0.14007087230448578,0.10991846655174725,585.8654267208128,0.017496668568881504,180.55356404007287,4075,41.37001441988951,42.4015009380863
