RMS,MAV,IEMG,VAR,WL,WAMP,FMN,FMD
0.12202269061963332,0.09081084357477452,638.4910411742396,0.013226677804087972,178.3274734102509,4752,45.648273539792264,42.38372919926041
