RMS,MAV,IEMG,VAR,WL,WAMP,FMN,FMD
<<<<<<<< HEAD:features/3/0c5b29cc-878d-4550-91df-3451a44ab945-o11p1.csv
0.12202269061963332,0.09081084357477452,638.4910411742396,0.013226677804087972,178.3274734102509,4752,45.648273539792264,42.38372919926041
========
0.12202269061963332,0.09081084357477452,638.4910411742396,0.013226677804087972,178.3274734102509,4752,36.47659211250905,38.970274498648834
>>>>>>>> devP:features/3/3961e317-7730-492a-8eef-1e74712ff435-o11p1.csv
