RMS,MAV,IEMG,VAR,WL,WAMP,FMN,FMD
0.13991273539838592,0.12705328429915497,784.8081371158802,0.003781371021681303,95.39414103094279,3297,-0.37800050536950347,0.0
