RMS,MAV,IEMG,VAR,WL,WAMP,FMN,FMD
0.08318745032431274,0.06204243743478079,348.86462569577236,0.005123760213956112,104.19006008694348,3365,1.2170396828703938,36.279566067935264
