RMS,MAV,IEMG,VAR,WL,WAMP,FMN,FMD
0.17344565432905598,0.1299757257130263,839.6431881061499,0.028038239206394328,248.6772475354627,4719,-49.29993726474908,43.49845201238391
