RMS,MAV,IEMG,VAR,WL,WAMP,FMN,FMD
<<<<<<<< HEAD:features/3/57572c04-675e-450e-a6bd-7fbb38afc7a7-o3p4.csv
0.07151248729638866,0.05709062601648197,416.9328417983678,0.003354985319924762,104.55091863317068,3766,51.45796622683401,47.5147199780912
========
0.07151248729638866,0.05709062601648197,416.9328417983678,0.003354985319924762,104.55091863317068,3766,25.118369284781814,0.0
>>>>>>>> devP:features/3/10d29705-183a-4c5d-88ad-336abb899b1c-o3p4.csv
