RMS,MAV,IEMG,VAR,WL,WAMP,FMN,FMD
<<<<<<<< HEAD:features/3/ea1f80f6-f78e-4ae3-9519-f7f2010c1b50-o11p2.csv
0.11644983773343583,0.09123831725490272,670.9665850925546,0.009736716477285447,168.85830223245,4918,46.89527169572777,43.3777536034811
========
0.11644983773343583,0.09123831725490272,670.9665850925546,0.009736716477285447,168.85830223245,4918,26.2652507501106,29.643731302692416
>>>>>>>> devP:features/3/11d0734a-f6aa-404b-b71c-6bb44b383945-o11p2.csv
