RMS,MAV,IEMG,VAR,WL,WAMP,FMN,FMD
0.19331301431408804,0.1532032180142506,1117.9238818499866,0.026062365480849524,250.89792380384745,5456,-1.1994262971271274,0.0
