RMS,MAV,IEMG,VAR,WL,WAMP,FMN,FMD
0.11185834336810611,0.08549609562052134,534.8635742019815,0.008683582346642422,139.13785524179013,3837,-2.1598365532234154,0.0
