RMS,MAV,IEMG,VAR,WL,WAMP,FMN,FMD
0.10025502035341692,0.08004457110067885,548.6254903240529,0.0061118588725599604,136.13428870233002,4179,52.57165350071595,49.460169244236944
