RMS,MAV,IEMG,VAR,WL,WAMP,FMN,FMD
<<<<<<<< HEAD:features/3/f49b38e5-591d-4950-b082-19bc086264ae-o8p2.csv
0.24819843206310163,0.20020632114326026,1272.5113771865622,0.041410644289835645,277.4599898822732,4903,47.70908935002162,42.479546884833226
========
0.24819843206310163,0.20020632114326026,1272.5113771865622,0.041410644289835645,277.4599898822732,4903,24.154062572282438,24.543738200125865
>>>>>>>> devP:features/3/1cedd74a-1196-4ac6-8e22-1c23d0f0bd1d-o8p2.csv
