RMS,MAV,IEMG,VAR,WL,WAMP,FMN,FMD
0.09314686181192776,0.06174552623932027,384.73637399720457,0.007872283198320064,139.0385988032329,4110,46.707900109275286,50.232707430588995
