RMS,MAV,IEMG,VAR,WL,WAMP,FMN,FMD
<<<<<<<< HEAD:features/3/00a303b7-37c4-4aeb-ac79-7bd579594d43-o4p4.csv
0.09314686181192776,0.06174552623932027,384.73637399720457,0.007872283198320064,139.0385988032329,4110,56.24914859506777,55.68929545819291
========
0.09314686181192776,0.06174552623932027,384.73637399720457,0.007872283198320064,139.0385988032329,4110,46.707900109275286,50.232707430588995
>>>>>>>> devP:features/3/2027f68e-639f-42e6-a893-ce9eaf320d82-o4p4.csv
