RMS,MAV,IEMG,VAR,WL,WAMP,FMN,FMD
0.07646742258856774,0.0602505490289076,364.9375754680933,0.003782141388827699,86.80272778691183,3006,51.96015057497253,51.510648836057456
