RMS,MAV,IEMG,VAR,WL,WAMP,FMN,FMD
0.0965950034505566,0.07629824362988653,476.40623322501153,0.007054014183113234,140.4149806864645,4119,-0.8478590931602236,35.07367072389494
