RMS,MAV,IEMG,VAR,WL,WAMP,FMN,FMD
<<<<<<<< HEAD:features/3/218d09d3-c6e5-4802-b0ae-c4622264e1e9-o6p3.csv
0.14007087230448578,0.10991846655174725,585.8654267208128,0.017496668568881504,180.55356404007287,4075,51.410327610567755,47.84240150093808
========
0.14007087230448578,0.10991846655174725,585.8654267208128,0.017496668568881504,180.55356404007287,4075,41.37001441988951,42.4015009380863
>>>>>>>> devP:features/3/0c23bf2a-1b5e-4f22-8a86-66d5e93b368b-o6p3.csv
