RMS,MAV,IEMG,VAR,WL,WAMP,FMN,FMD
0.07928231106162077,0.056521445970619526,361.3416040901706,0.0060418103592439,113.3696906895061,3662,48.53319470682863,44.73643047082747
