RMS,MAV,IEMG,VAR,WL,WAMP,FMN,FMD
<<<<<<<< HEAD:features/3/222756c2-f61e-48cb-a354-950d0494ce69-o3p3.csv
0.07928231106162077,0.056521445970619526,361.3416040901706,0.0060418103592439,113.3696906895061,3662,48.53319470682863,44.73643047082747
========
0.07928231106162077,0.056521445970619526,361.3416040901706,0.0060418103592439,113.3696906895061,3662,44.9078327478707,43.641482871891135
>>>>>>>> devP:features/3/139f4a3e-d301-46d2-b9e5-4ff8600d98b6-o3p3.csv
