RMS,MAV,IEMG,VAR,WL,WAMP,FMN,FMD
0.18320477351411305,0.16958642706501523,1067.8857312284008,0.006248420072060237,122.56799032877711,3718,54.71783554133919,49.86501508654915
