RMS,MAV,IEMG,VAR,WL,WAMP,FMN,FMD
<<<<<<<< HEAD:features/3/22b98498-bc2d-4c85-9c27-8c29747e6213-o4p5.csv
0.18320477351411305,0.16958642706501523,1067.8857312284008,0.006248420072060237,122.56799032877711,3718,54.71783554133919,49.86501508654915
========
0.18320477351411305,0.16958642706501523,1067.8857312284008,0.006248420072060237,122.56799032877711,3718,5.616006966904291,0.0
>>>>>>>> devP:features/3/a618841d-d28f-44f5-8dd7-03f9474f23ac-o4p5.csv
