RMS,MAV,IEMG,VAR,WL,WAMP,FMN,FMD
<<<<<<<< HEAD:features/3/12b591e3-59ce-4d9c-a3fc-0138f71c6980-o1p2.csv
0.1043293207266683,0.07447821956083452,475.1710407981242,0.01053883650978168,161.791851831577,4203,52.972360394761246,52.978056426332294
========
0.1043293207266683,0.07447821956083452,475.1710407981242,0.01053883650978168,161.791851831577,4203,49.71044206291761,51.410658307210035
>>>>>>>> devP:features/3/23ba10b0-da0b-4f97-8f65-eced72ff4756-o1p2.csv
