RMS,MAV,IEMG,VAR,WL,WAMP,FMN,FMD
<<<<<<<< HEAD:features/3/7005728f-4322-4c0b-b9be-05dc1b37339c-o11p4.csv
0.09563137929554127,0.07930078776937373,527.0330355152578,0.004039977553774875,91.93322290485298,3315,47.24979048863382,44.23713511886849
========
0.09563137929554127,0.07930078776937373,527.0330355152578,0.004039977553774875,91.93322290485298,3315,13.394956782621671,0.0
>>>>>>>> devP:features/3/23ba9c66-9176-48c3-838b-0919e3d48fdf-o11p4.csv
