RMS,MAV,IEMG,VAR,WL,WAMP,FMN,FMD
0.1043293207266683,0.07447821956083452,475.1710407981242,0.01053883650978168,161.791851831577,4203,49.71044206291761,51.410658307210035
