RMS,MAV,IEMG,VAR,WL,WAMP,FMN,FMD
<<<<<<<< HEAD:features/3/d1663fae-90ac-47f9-9d1b-2c11967934f2-o10p2.csv
0.0631046565350744,0.04828673528806112,297.54286284503263,0.0032716791298324703,80.89496147245211,3039,47.92333844376953,45.60207724764687
========
0.0631046565350744,0.04828673528806112,297.54286284503263,0.0032716791298324703,80.89496147245211,3039,33.41130798699882,38.623823433950015
>>>>>>>> devP:features/3/2a04e9f7-2113-4c4e-9ed8-d0911381b6b4-o10p2.csv
