RMS,MAV,IEMG,VAR,WL,WAMP,FMN,FMD
0.0631046565350744,0.04828673528806112,297.54286284503263,0.0032716791298324703,80.89496147245211,3039,33.41130798699882,38.623823433950015
