RMS,MAV,IEMG,VAR,WL,WAMP,FMN,FMD
0.1473652936732731,0.12167288360210775,779.5581652387043,0.013900127978500874,205.806060424394,4777,55.817017360654795,53.84735445606368
