RMS,MAV,IEMG,VAR,WL,WAMP,FMN,FMD
<<<<<<<< HEAD:features/3/2a41732c-682d-4018-84c1-ea16b7ab3336-o4p1.csv
0.1473652936732731,0.12167288360210775,779.5581652387043,0.013900127978500874,205.806060424394,4777,55.817017360654795,53.84735445606368
========
0.1473652936732731,0.12167288360210775,779.5581652387043,0.013900127978500874,205.806060424394,4777,26.27113676748381,0.0
>>>>>>>> devP:features/3/adf4aca7-6516-4883-a213-2d505ab0c1bf-o4p1.csv
