RMS,MAV,IEMG,VAR,WL,WAMP,FMN,FMD
0.1473141296396465,0.1137793192869708,750.0332727397115,0.018122271030941363,224.56638400641836,4774,37.806086187599725,41.56553398058252
