RMS,MAV,IEMG,VAR,WL,WAMP,FMN,FMD
<<<<<<<< HEAD:features/3/47d0d18c-d1a9-4f3c-8842-5b289c40a34e-o5p5.csv
0.12007873713862147,0.08429842174201466,565.6424098889183,0.014415676075995707,189.6278396234382,4253,51.49982620701509,49.031296572280176
========
0.12007873713862147,0.08429842174201466,565.6424098889183,0.014415676075995707,189.6278396234382,4253,51.47677942654432,49.031296572280176
>>>>>>>> devP:features/3/3977b9ce-e215-433c-af7a-a8586ffb852d-o5p5.csv
