RMS,MAV,IEMG,VAR,WL,WAMP,FMN,FMD
0.16339713290296767,0.13979173914655418,851.0521079242219,0.00983765517934059,168.09359787806298,4332,12.553161868604922,0.0
