RMS,MAV,IEMG,VAR,WL,WAMP,FMN,FMD
<<<<<<<< HEAD:features/3/f822a7bb-cf3d-4054-8db1-615353e150b4-o5p4.csv
0.16339713290296767,0.13979173914655418,851.0521079242219,0.00983765517934059,168.09359787806298,4332,55.58342718555686,49.93429697766097
========
0.16339713290296767,0.13979173914655418,851.0521079242219,0.00983765517934059,168.09359787806298,4332,12.553161868604922,0.0
>>>>>>>> devP:features/3/3b8fd160-bea1-474d-b9e2-8cd9d970b83f-o5p4.csv
