RMS,MAV,IEMG,VAR,WL,WAMP,FMN,FMD
0.20984737316401755,0.1721613641418189,1040.8876076014371,0.031291182042791264,276.31869631876043,4673,-3.8399993679859876,31.59113463446907
