RMS,MAV,IEMG,VAR,WL,WAMP,FMN,FMD
<<<<<<<< HEAD:features/3/40ced42b-813e-4293-9407-e9c8246d97fe-o1p6.csv
0.0965950034505566,0.07629824362988653,476.40623322501153,0.007054014183113234,140.4149806864645,4119,55.947337125230796,54.932735426008975
========
0.0965950034505566,0.07629824362988653,476.40623322501153,0.007054014183113234,140.4149806864645,4119,34.000805817204636,35.07367072389494
>>>>>>>> devP:features/3/2b1def12-d6d8-4301-b369-9754d5c2bd24-o1p6.csv
