RMS,MAV,IEMG,VAR,WL,WAMP,FMN,FMD
0.0965950034505566,0.07629824362988653,476.40623322501153,0.007054014183113234,140.4149806864645,4119,55.947337125230796,54.932735426008975
