RMS,MAV,IEMG,VAR,WL,WAMP,FMN,FMD
0.13579409428229766,0.09818227409256687,571.8135643151095,0.018410794925401847,187.91428807876582,4286,50.571897089050985,43.440934065934066
