RMS,MAV,IEMG,VAR,WL,WAMP,FMN,FMD
0.1557529826883312,0.12920851955658205,837.1419982070952,0.014346549698963054,221.46795012332066,4535,61.51768942500588,60.65750887482636
