RMS,MAV,IEMG,VAR,WL,WAMP,FMN,FMD
<<<<<<<< HEAD:features/3/4793cc64-0126-44c3-a007-30ee174fac4c-o4p3.csv
0.1557529826883312,0.12920851955658205,837.1419982070952,0.014346549698963054,221.46795012332066,4535,61.51768942500588,60.65750887482636
========
0.1557529826883312,0.12920851955658205,837.1419982070952,0.014346549698963054,221.46795012332066,4535,25.8276138117489,0.0
>>>>>>>> devP:features/3/87d5bff6-69e9-4223-976b-8444c36d6434-o4p3.csv
