RMS,MAV,IEMG,VAR,WL,WAMP,FMN,FMD
0.1350259789020763,0.11261021464717437,647.8465648651942,0.00751226137866407,110.16943238204355,3140,50.192643269791105,48.496436641752126
