RMS,MAV,IEMG,VAR,WL,WAMP,FMN,FMD
<<<<<<<< HEAD:features/3/47c1f27d-6e1c-400c-9093-2f2bb5caec60-o10p3.csv
0.1350259789020763,0.11261021464717437,647.8465648651942,0.00751226137866407,110.16943238204355,3140,50.192643269791105,48.496436641752126
========
0.1350259789020763,0.11261021464717437,647.8465648651942,0.00751226137866407,110.16943238204355,3140,13.023738239321274,0.0
>>>>>>>> devP:features/3/b4b03db9-5532-4296-8c9d-84b17131da5f-o10p3.csv
