RMS,MAV,IEMG,VAR,WL,WAMP,FMN,FMD
<<<<<<<< HEAD:features/3/3d42147a-1382-4a25-8d2a-322c906a3fce-o7p5.csv
0.19285400987976759,0.14376098317724853,902.2439304204117,0.03601874322063141,284.00095484032795,4723,50.196388886807085,47.482472912683235
========
0.19285400987976759,0.14376098317724853,902.2439304204117,0.03601874322063141,284.00095484032795,4723,47.12461039795033,46.68578712555768
>>>>>>>> devP:features/3/49f69780-b04e-4935-97f6-691fc19e5870-o7p5.csv
