RMS,MAV,IEMG,VAR,WL,WAMP,FMN,FMD
0.15930829064227822,0.11671013270601231,714.0325918953833,0.024814174738459677,227.93526203973795,4486,51.296563353505064,47.564563582870214
