RMS,MAV,IEMG,VAR,WL,WAMP,FMN,FMD
<<<<<<<< HEAD:features/3/78461c45-4683-4f89-a550-f470c3c5ce1b-o9p4.csv
0.19520722786763947,0.15001504479529046,959.4962265106777,0.0323880409986718,277.9783506022894,4742,51.58212141466645,48.93683552220138
========
0.19520722786763947,0.15001504479529046,959.4962265106777,0.0323880409986718,277.9783506022894,4742,38.121941451958186,42.995622263914946
>>>>>>>> devP:features/3/5abe3e17-d9b2-413a-b3db-bcbd9b24b5e8-o9p4.csv
