RMS,MAV,IEMG,VAR,WL,WAMP,FMN,FMD
0.12007873713862147,0.08429842174201466,565.6424098889183,0.014415676075995707,189.6278396234382,4253,25.09590821028666,40.089418777943365
