RMS,MAV,IEMG,VAR,WL,WAMP,FMN,FMD
<<<<<<<< HEAD:features/3/5cd5a4ca-c102-4436-809d-033a80d028b7-o9p2.csv
0.19714240512429548,0.15160854782913968,1002.73893534193,0.033494190461440344,271.6394903386619,4822,48.43136784520465,45.50952524947082
========
0.19714240512429548,0.15160854782913968,1002.73893534193,0.033494190461440344,271.6394903386619,4822,36.67074473505278,41.880858784396736
>>>>>>>> devP:features/3/9cfc4f04-230f-403f-9147-11a09a72efa9-o9p2.csv
