RMS,MAV,IEMG,VAR,WL,WAMP,FMN,FMD
0.154794663764639,0.11733480940886326,773.940402860862,0.0207520375258107,214.72557623509522,4508,-11.489745831442338,0.0
