RMS,MAV,IEMG,VAR,WL,WAMP,FMN,FMD
0.09555584428540605,0.07332687037384227,448.68711981754086,0.00804643337849917,123.94777746916253,3628,9.65818535717545,44.45170779539141
