RMS,MAV,IEMG,VAR,WL,WAMP,FMN,FMD
0.1557529826883312,0.12920851955658205,837.1419982070952,0.014346549698963054,221.46795012332066,4535,0.11731382792560895,0.0
