RMS,MAV,IEMG,VAR,WL,WAMP,FMN,FMD
0.1372290594400158,0.09168953553123774,542.1602235962088,0.01874936901554092,165.7586049043748,3927,38.976937921258155,44.1400304414003
