RMS,MAV,IEMG,VAR,WL,WAMP,FMN,FMD
0.077553165251543,0.054554641719339346,619.5770660065369,0.0053567202224444,209.4332567143768,5797,-2.4988791790614435,0.0
