RMS,MAV,IEMG,VAR,WL,WAMP,FMN,FMD
<<<<<<<< HEAD:features/3/676f33fa-ef3b-4730-9f79-1d2d0a886bed-o8p3.csv
0.2134646365246537,0.15478493291116202,1012.9126009706443,0.04044425155348789,287.10524762684037,4950,49.53567268103044,44.4682151589242
========
0.2134646365246537,0.15478493291116202,1012.9126009706443,0.04044425155348789,287.10524762684037,4950,39.52320410879216,41.56479217603911
>>>>>>>> devP:features/3/6600d955-cb23-4e2e-82c4-ab94769c1fa1-o8p3.csv
