RMS,MAV,IEMG,VAR,WL,WAMP,FMN,FMD
<<<<<<<< HEAD:features/3/67831280-fdd1-46fb-b896-cfd5120cb602-o7p1.csv
0.19331301431408804,0.1532032180142506,1117.9238818499866,0.026062365480849524,250.89792380384745,5456,46.26152129122907,44.12772372207757
========
0.19331301431408804,0.1532032180142506,1117.9238818499866,0.026062365480849524,250.89792380384745,5456,24.768840475748103,28.915992873783747
>>>>>>>> devP:features/3/61580c4b-b1a8-4fc7-a624-4855f06fb7f7-o7p1.csv
