RMS,MAV,IEMG,VAR,WL,WAMP,FMN,FMD
0.10798307517574461,0.07998745892760835,564.3115227342769,0.011650213869566854,187.06572329198542,4820,50.34858091346016,48.192771084337345
