RMS,MAV,IEMG,VAR,WL,WAMP,FMN,FMD
<<<<<<<< HEAD:features/3/6e96d014-b1de-43ad-9f1c-02c1ef3ad824-o5p3.csv
0.07547087258368414,0.05128046778204234,302.24707710735754,0.005166728099546734,94.06263870498432,3054,50.7459103595185,48.523922633186295
========
0.07547087258368414,0.05128046778204234,302.24707710735754,0.005166728099546734,94.06263870498432,3054,42.11908189697262,46.14862572107228
>>>>>>>> devP:features/3/8ff19cc4-81bd-411b-abe0-e05e320b4a2a-o5p3.csv
