RMS,MAV,IEMG,VAR,WL,WAMP,FMN,FMD
<<<<<<<< HEAD:features/3/eafbac41-c3cb-42c3-9e2d-7b2b373d83ae-o3p6.csv
0.06484636269403979,0.04701481619827199,264.0352077694955,0.004176381631227735,88.46205949223253,3113,50.81103589766722,49.679487179487175
========
0.06484636269403979,0.04701481619827199,264.0352077694955,0.004176381631227735,88.46205949223253,3113,50.122890394105376,49.32336182336182
>>>>>>>> devP:features/3/706039ff-7d53-4717-93f9-fc679ce0f706-o3p6.csv
