RMS,MAV,IEMG,VAR,WL,WAMP,FMN,FMD
<<<<<<<< HEAD:features/3/b0e7b971-3518-4aa6-b302-14d349aed74d-o9p1.csv
0.23232128962623497,0.16514127828367742,1027.6741747593246,0.0535472795015272,306.29673271102763,4705,46.21448117160362,43.708822111521776
========
0.23232128962623497,0.16514127828367742,1027.6741747593246,0.0535472795015272,306.29673271102763,4705,45.490834970559014,43.54812791258236
>>>>>>>> devP:features/3/722235dc-ade8-4d93-ad4d-6e41ebe871ae-o9p1.csv
