RMS,MAV,IEMG,VAR,WL,WAMP,FMN,FMD
<<<<<<<< HEAD:features/3/cceb4ba8-ba5e-4881-b987-1a9e871da90a-o10p4.csv
0.11185834336810611,0.08549609562052134,534.8635742019815,0.008683582346642422,139.13785524179013,3837,53.416276856137344,51.470588235294116
========
0.11185834336810611,0.08549609562052134,534.8635742019815,0.008683582346642422,139.13785524179013,3837,28.3853352533344,28.292838874680307
>>>>>>>> devP:features/3/73a0fde1-0b9c-4d7a-a20b-fc947bec03c5-o10p4.csv
