RMS,MAV,IEMG,VAR,WL,WAMP,FMN,FMD
0.05366438737253704,0.04076460308002151,226.20278249103933,0.0027457585646335587,88.88120226306994,3243,62.03852852883292,61.27230131555235
