RMS,MAV,IEMG,VAR,WL,WAMP,FMN,FMD
0.11627038557447049,0.09982953488146762,682.4347004497126,0.004929567646772698,136.94495639209384,4269,0.5710246552942734,0.0
