RMS,MAV,IEMG,VAR,WL,WAMP,FMN,FMD
0.07151248729638866,0.05709062601648197,416.9328417983678,0.003354985319924762,104.55091863317068,3766,1.198514787795062,0.0
