RMS,MAV,IEMG,VAR,WL,WAMP,FMN,FMD
<<<<<<<< HEAD:features/3/80bd6ee1-de2d-4b6b-8593-d14fbf2e85c5-o9p5.csv
0.1376656370962987,0.09845505776991047,573.5991665674984,0.018774783733320758,198.29683570919417,4164,53.09969000257725,50.63508410573292
========
0.1376656370962987,0.09845505776991047,573.5991665674984,0.018774783733320758,198.29683570919417,4164,52.11678034481778,50.46343975283213
>>>>>>>> devP:features/3/3a7b9d69-84a0-4501-99e0-dc2a5dc3587c-o9p5.csv
