RMS,MAV,IEMG,VAR,WL,WAMP,FMN,FMD
0.07547087258368414,0.05128046778204234,302.24707710735754,0.005166728099546734,94.06263870498432,3054,0.043329969354491606,0.0
