RMS,MAV,IEMG,VAR,WL,WAMP,FMN,FMD
0.23232128962623497,0.16514127828367742,1027.6741747593246,0.0535472795015272,306.29673271102763,4705,41.34897641306006,43.54812791258236
