RMS,MAV,IEMG,VAR,WL,WAMP,FMN,FMD
<<<<<<<< HEAD:features/3/4dd7eecb-4deb-4ab3-b42f-fdddd3a4f076-o8p6.csv
0.13579409428229766,0.09818227409256687,571.8135643151095,0.018410794925401847,187.91428807876582,4286,49.36271118516799,44.642857142857146
========
0.13579409428229766,0.09818227409256687,571.8135643151095,0.018410794925401847,187.91428807876582,4286,49.20640612012523,44.642857142857146
>>>>>>>> devP:features/3/863f74de-01aa-41cd-bff6-0706e2b42473-o8p6.csv
