RMS,MAV,IEMG,VAR,WL,WAMP,FMN,FMD
0.077553165251543,0.054554641719339346,619.5770660065369,0.0053567202224444,209.4332567143768,5797,58.1196594235573,56.00070441137624
