RMS,MAV,IEMG,VAR,WL,WAMP,FMN,FMD
<<<<<<<< HEAD:features/3/39cde777-26e4-4c94-a0df-f752a67ca123-o8p5.csv
0.09720877337769952,0.06758343868102755,531.8140789810058,0.00938915952046682,190.76646711309598,5268,53.545772079023656,48.67200406659041
========
0.09720877337769952,0.06758343868102755,531.8140789810058,0.00938915952046682,190.76646711309598,5268,52.86576290500881,48.544923116024904
>>>>>>>> devP:features/3/873bf778-bfc6-440c-bd6a-e65b8f4a44a4-o8p5.csv
