RMS,MAV,IEMG,VAR,WL,WAMP,FMN,FMD
0.13352148407746514,0.10584262826578199,635.5849827360208,0.015141813009925464,183.47523236732778,4209,-3.9055977319916124,41.631973355537056
