RMS,MAV,IEMG,VAR,WL,WAMP,FMN,FMD
0.1372290594400158,0.09168953553123774,542.1602235962088,0.01874936901554092,165.7586049043748,3927,46.52651600145651,44.1400304414003
