RMS,MAV,IEMG,VAR,WL,WAMP,FMN,FMD
<<<<<<<< HEAD:features/3/c7f76db5-6e6c-4044-a6f7-e3c5239c2f98-o9p3.csv
0.1372290594400158,0.09168953553123774,542.1602235962088,0.01874936901554092,165.7586049043748,3927,46.935693825340515,44.30914933198038
========
0.1372290594400158,0.09168953553123774,542.1602235962088,0.01874936901554092,165.7586049043748,3927,46.52651600145651,44.1400304414003
>>>>>>>> devP:features/3/87a14c9d-9b49-47cd-b7af-c03d05408dd3-o9p3.csv
