RMS,MAV,IEMG,VAR,WL,WAMP,FMN,FMD
<<<<<<<< HEAD:features/3/8881fb58-9b0e-474b-b23f-f67d72758567-o4p2.csv
0.18814733911797313,0.1584605496426073,981.6631050359522,0.018779975351163457,230.31276052683978,4687,56.04090920923839,52.623083131557706
========
0.18814733911797313,0.1584605496426073,981.6631050359522,0.018779975351163457,230.31276052683978,4687,20.232022583715867,0.0
>>>>>>>> devP:features/3/6f8f15e7-38c4-4971-882e-805e66ab99df-o4p2.csv
