RMS,MAV,IEMG,VAR,WL,WAMP,FMN,FMD
0.18814733911797313,0.1584605496426073,981.6631050359522,0.018779975351163457,230.31276052683978,4687,56.04090920923839,52.623083131557706
