RMS,MAV,IEMG,VAR,WL,WAMP,FMN,FMD
<<<<<<<< HEAD:features/3/8b24e1a5-b53f-4ebe-9c8e-d36ae6120885-o11p6.csv
0.09122367574570343,0.06508222495466348,251.54279944977435,0.008231785891253458,80.30723862513526,2408,47.530960206006675,45.278137128072444
========
0.09122367574570343,0.06508222495466348,251.54279944977435,0.008231785891253458,80.30723862513526,2408,46.51416391095065,44.76067270375162
>>>>>>>> devP:features/3/d1ad291b-d082-49c4-8515-7cd42e879f68-o11p6.csv
