RMS,MAV,IEMG,VAR,WL,WAMP,FMN,FMD
0.09177098534177626,0.07365440099993235,464.9802335125729,0.005824088228022659,132.77710932173653,4037,29.623359376675783,25.978140345319183
