RMS,MAV,IEMG,VAR,WL,WAMP,FMN,FMD
<<<<<<<< HEAD:features/3/9f3aa826-9b9b-41ac-a80a-9fcfffa6c117-o2p3.csv
0.09177098534177626,0.07365440099993235,464.9802335125729,0.005824088228022659,132.77710932173653,4037,56.05026640152072,53.54031363852368
========
0.09177098534177626,0.07365440099993235,464.9802335125729,0.005824088228022659,132.77710932173653,4037,29.623359376675783,25.978140345319183
>>>>>>>> devP:features/3/8d44b27c-9371-44dc-b9a1-d9da6f474660-o2p3.csv
