RMS,MAV,IEMG,VAR,WL,WAMP,FMN,FMD
0.10025502035341692,0.08004457110067885,548.6254903240529,0.0061118588725599604,136.13428870233002,4179,22.966698676952028,0.0
