RMS,MAV,IEMG,VAR,WL,WAMP,FMN,FMD
<<<<<<<< HEAD:features/3/1ad60244-0ca1-45c3-a679-00c3eea4518f-o2p2.csv
0.10025502035341692,0.08004457110067885,548.6254903240529,0.0061118588725599604,136.13428870233002,4179,52.57165350071595,49.460169244236944
========
0.10025502035341692,0.08004457110067885,548.6254903240529,0.0061118588725599604,136.13428870233002,4179,22.966698676952028,0.0
>>>>>>>> devP:features/3/8df39aa7-7ba6-4207-a270-3389b4e53f73-o2p2.csv
