RMS,MAV,IEMG,VAR,WL,WAMP,FMN,FMD
0.07178809092492006,0.05751925549836722,355.9866722793947,0.0031089276470455747,87.9500891123458,3175,54.131141618898575,51.38148327678139
