RMS,MAV,IEMG,VAR,WL,WAMP,FMN,FMD
<<<<<<<< HEAD:features/3/0211af07-dd3f-43c9-aebe-4ee024c99db5-o1p3.csv
0.13352148407746514,0.10584262826578199,635.5849827360208,0.015141813009925464,183.47523236732778,4209,51.63244276689461,47.793505412156534
========
0.13352148407746514,0.10584262826578199,635.5849827360208,0.015141813009925464,183.47523236732778,4209,38.11068929826088,41.631973355537056
>>>>>>>> devP:features/3/8fe43ca5-5492-4135-82da-36244b314186-o1p3.csv
