RMS,MAV,IEMG,VAR,WL,WAMP,FMN,FMD
<<<<<<<< HEAD:features/3/6c071d0d-5083-471d-ab2d-91771a30ccb1-o9p6.csv
0.13991273539838592,0.12705328429915497,784.8081371158802,0.003781371021681303,95.39414103094279,3297,53.16478859030235,52.61453780152177
========
0.13991273539838592,0.12705328429915497,784.8081371158802,0.003781371021681303,95.39414103094279,3297,5.683829910864218,0.0
>>>>>>>> devP:features/3/90c1d62d-7088-4a9e-a1c7-321010e6fab2-o9p6.csv
