RMS,MAV,IEMG,VAR,WL,WAMP,FMN,FMD
<<<<<<<< HEAD:features/3/6f2a4e48-93f9-450f-8b0a-1b247afeee3a-o2p1.csv
0.11627038557447049,0.09982953488146762,682.4347004497126,0.004929567646772698,136.94495639209384,4269,58.0451715541209,55.44177881802223
========
0.11627038557447049,0.09982953488146762,682.4347004497126,0.004929567646772698,136.94495639209384,4269,12.942695675925409,0.0
>>>>>>>> devP:features/3/91e31946-e524-46c1-ab84-08efccbe1186-o2p1.csv
