RMS,MAV,IEMG,VAR,WL,WAMP,FMN,FMD
<<<<<<<< HEAD:features/3/86e8604e-0346-44ec-b7e4-f15238d7abfa-o5p6.csv
0.077553165251543,0.054554641719339346,619.5770660065369,0.0053567202224444,209.4332567143768,5797,58.1196594235573,56.00070441137624
========
0.077553165251543,0.054554641719339346,619.5770660065369,0.0053567202224444,209.4332567143768,5797,46.66041854808819,49.74905344721317
>>>>>>>> devP:features/3/963f9829-0467-451b-bf26-6455d916aec2-o5p6.csv
