RMS,MAV,IEMG,VAR,WL,WAMP,FMN,FMD
0.11644983773343583,0.09123831725490272,670.9665850925546,0.009736716477285447,168.85830223245,4918,-0.5031491711253885,29.643731302692416
