RMS,MAV,IEMG,VAR,WL,WAMP,FMN,FMD
0.2134646365246537,0.15478493291116202,1012.9126009706443,0.04044425155348789,287.10524762684037,4950,-3.7245020785620757,0.0
