RMS,MAV,IEMG,VAR,WL,WAMP,FMN,FMD
0.14110099505895166,0.13132392421977251,890.5075301342774,0.002849276772960412,90.6520787650866,3295,-0.08310784480952536,0.0
