RMS,MAV,IEMG,VAR,WL,WAMP,FMN,FMD
<<<<<<<< HEAD:features/3/6c2018f3-b163-4b88-a848-3c50fbafe82e-o1p1.csv
0.10798307517574461,0.07998745892760835,564.3115227342769,0.011650213869566854,187.06572329198542,4820,50.34858091346016,48.192771084337345
========
0.10798307517574461,0.07998745892760835,564.3115227342769,0.011650213869566854,187.06572329198542,4820,50.26116988909864,48.192771084337345
>>>>>>>> devP:features/3/9c27c78c-38fc-45d7-8ccb-81e163a98acd-o1p1.csv
