RMS,MAV,IEMG,VAR,WL,WAMP,FMN,FMD
0.15540037081701755,0.12088985765117966,913.9273238429182,0.019809333845002892,297.7027804404544,5853,56.9476404483338,54.76190476190476
