RMS,MAV,IEMG,VAR,WL,WAMP,FMN,FMD
<<<<<<<< HEAD:features/3/9c5c556a-90ff-4d2b-aafc-33f3b729a0b9-o7p6.csv
0.15540037081701755,0.12088985765117966,913.9273238429182,0.019809333845002892,297.7027804404544,5853,56.9476404483338,54.76190476190476
========
0.15540037081701755,0.12088985765117966,913.9273238429182,0.019809333845002892,297.7027804404544,5853,39.59725664142528,42.195767195767196
>>>>>>>> devP:features/3/0c804f8d-09d1-4fad-9b59-2110c57b38c4-o7p6.csv
