RMS,MAV,IEMG,VAR,WL,WAMP,FMN,FMD
<<<<<<<< HEAD:features/3/205ef8fd-f7df-428b-a46f-65b5a5bb1420-o5p2.csv
0.07646742258856774,0.0602505490289076,364.9375754680933,0.003782141388827699,86.80272778691183,3006,51.96015057497253,51.510648836057456
========
0.07646742258856774,0.0602505490289076,364.9375754680933,0.003782141388827699,86.80272778691183,3006,24.837070119953065,0.0
>>>>>>>> devP:features/3/9d299b29-71e8-4db9-8f63-26f12afb15f0-o5p2.csv
