RMS,MAV,IEMG,VAR,WL,WAMP,FMN,FMD
0.07646742258856774,0.0602505490289076,364.9375754680933,0.003782141388827699,86.80272778691183,3006,24.837070119953065,0.0
