RMS,MAV,IEMG,VAR,WL,WAMP,FMN,FMD
<<<<<<<< HEAD:features/3/4f206589-479d-4c12-a537-2003ed589baa-o3p1.csv
0.12232592154582533,0.10657043716713273,809.8287520330416,0.005408204795151644,108.33527618896365,3578,44.9406659139743,42.76878536649559
========
0.12232592154582533,0.10657043716713273,809.8287520330416,0.005408204795151644,108.33527618896365,3578,9.91262923514166,0.0
>>>>>>>> devP:features/3/9d8b742c-3349-43f5-a5bf-c3d3efa643b5-o3p1.csv
