RMS,MAV,IEMG,VAR,WL,WAMP,FMN,FMD
0.12232592154582533,0.10657043716713273,809.8287520330416,0.005408204795151644,108.33527618896365,3578,9.91262923514166,0.0
