RMS,MAV,IEMG,VAR,WL,WAMP,FMN,FMD
<<<<<<<< HEAD:features/3/f45c3226-d729-4188-b4e1-d0c2274bcc84-o10p5.csv
0.10067708462679416,0.08058709928310669,462.8117111828817,0.005920313538469013,112.6955467346805,3333,55.129685243330755,52.759881594985195
========
0.10067708462679416,0.08058709928310669,462.8117111828817,0.005920313538469013,112.6955467346805,3333,22.742323112457097,0.0
>>>>>>>> devP:features/3/a1de6dea-1f47-4ad4-a9c7-c2caea01cc3f-o10p5.csv
