RMS,MAV,IEMG,VAR,WL,WAMP,FMN,FMD
0.19714240512429548,0.15160854782913968,1002.73893534193,0.033494190461440344,271.6394903386619,4822,7.309090646009328,0.0
