RMS,MAV,IEMG,VAR,WL,WAMP,FMN,FMD
0.09122367574570343,0.06508222495466348,251.54279944977435,0.008231785891253458,80.30723862513526,2408,-34.12833139518745,44.76067270375162
