RMS,MAV,IEMG,VAR,WL,WAMP,FMN,FMD
<<<<<<<< HEAD:features/3/4f6f44b1-9d61-4a41-b58e-3b17cb588650-o8p4.csv
0.15930829064227822,0.11671013270601231,714.0325918953833,0.024814174738459677,227.93526203973795,4486,51.296563353505064,47.564563582870214
========
0.15930829064227822,0.11671013270601231,714.0325918953833,0.024814174738459677,227.93526203973795,4486,49.062502306962934,46.420398823144815
>>>>>>>> devP:features/3/b02101f5-a5a5-4c35-b29b-f0b374abd213-o8p4.csv
