RMS,MAV,IEMG,VAR,WL,WAMP,FMN,FMD
<<<<<<<< HEAD:features/3/9b7afd03-f3b6-4505-b3a8-751cd50ada5b-o1p4.csv
0.14110099505895166,0.13132392421977251,890.5075301342774,0.002849276772960412,90.6520787650866,3295,53.048126024105756,50.72998082878632
========
0.14110099505895166,0.13132392421977251,890.5075301342774,0.002849276772960412,90.6520787650866,3295,4.088450096708064,0.0
>>>>>>>> devP:features/3/b08bf235-cfe8-4c48-8dea-66f9414da53e-o1p4.csv
