RMS,MAV,IEMG,VAR,WL,WAMP,FMN,FMD
0.23232128962623497,0.16514127828367742,1027.6741747593246,0.0535472795015272,306.29673271102763,4705,46.21448117160362,43.708822111521776
