RMS,MAV,IEMG,VAR,WL,WAMP,FMN,FMD
0.10376312179211081,0.08351719779355,477.4678197857254,0.007642220484289744,148.17046884854645,4110,3.891245409327225,0.0
