RMS,MAV,IEMG,VAR,WL,WAMP,FMN,FMD
<<<<<<<< HEAD:features/3/769745fb-8d23-4211-ae39-e72133c10045-o6p6.csv
0.05366438737253704,0.04076460308002151,226.20278249103933,0.0027457585646335587,88.88120226306994,3243,62.03852852883292,61.27230131555235
========
0.05366438737253704,0.04076460308002151,226.20278249103933,0.0027457585646335587,88.88120226306994,3243,56.51767387393441,58.02847359884663
>>>>>>>> devP:features/3/b3710ab5-71b4-4b0c-a5c5-b888aa575e47-o6p6.csv
