RMS,MAV,IEMG,VAR,WL,WAMP,FMN,FMD
<<<<<<<< HEAD:features/3/ee0e9e70-0192-454f-9889-310158ca4dd8-o6p2.csv
0.20397735157575628,0.17328922414136064,1038.6956095033156,0.020539211959472916,211.67072474050457,4278,51.829537369827776,49.04904904904905
========
0.20397735157575628,0.17328922414136064,1038.6956095033156,0.020539211959472916,211.67072474050457,4278,16.985235087279705,0.0
>>>>>>>> devP:features/3/b674ecdb-d3e5-4013-8b44-99c14fdc78d4-o6p2.csv
