RMS,MAV,IEMG,VAR,WL,WAMP,FMN,FMD
<<<<<<<< HEAD:features/3/c887dc43-09ef-44e4-8b2d-d43f85eaa0f8-o6p4.csv
0.08017937341351607,0.0634370042806237,365.3971446563925,0.004246293100064854,109.76769760246863,3542,60.96930099053035,62.5
========
0.08017937341351607,0.0634370042806237,365.3971446563925,0.004246293100064854,109.76769760246863,3542,30.064846740901945,0.0
>>>>>>>> devP:features/3/b7d0ecc5-bbd9-49ba-9e74-190f4775d219-o6p4.csv
