RMS,MAV,IEMG,VAR,WL,WAMP,FMN,FMD
0.08017937341351607,0.0634370042806237,365.3971446563925,0.004246293100064854,109.76769760246863,3542,30.064846740901945,0.0
