RMS,MAV,IEMG,VAR,WL,WAMP,FMN,FMD
<<<<<<<< HEAD:features/3/77332ee8-df8e-46d4-bbe2-7fdc098f110f-o7p3.csv
0.154794663764639,0.11733480940886326,773.940402860862,0.0207520375258107,214.72557623509522,4508,48.87077333870789,45.330503335354756
========
0.154794663764639,0.11733480940886326,773.940402860862,0.0207520375258107,214.72557623509522,4508,37.32574765539469,38.963007883565794
>>>>>>>> devP:features/3/b80259d7-aa1d-4a77-8350-d6413a81f318-o7p3.csv
