RMS,MAV,IEMG,VAR,WL,WAMP,FMN,FMD
0.08125310776552029,0.06293025455609749,430.56880167281906,0.005511217076608703,131.41145885499083,4070,55.46285400056156,53.05466237942122
