RMS,MAV,IEMG,VAR,WL,WAMP,FMN,FMD
<<<<<<<< HEAD:features/3/bd92a9dc-0faf-4361-a227-5b6cf4fe9f5b-o10p6.csv
0.08125310776552029,0.06293025455609749,430.56880167281906,0.005511217076608703,131.41145885499083,4070,55.46285400056156,53.05466237942122
========
0.08125310776552029,0.06293025455609749,430.56880167281906,0.005511217076608703,131.41145885499083,4070,39.73366535517837,45.6007015492546
>>>>>>>> devP:features/3/04bef8fb-d527-4c05-af4c-cfd630e555ae-o10p6.csv
