RMS,MAV,IEMG,VAR,WL,WAMP,FMN,FMD
<<<<<<<< HEAD:features/3/d2cb2ff6-9592-41f7-879b-65e771ee9a30-o1p5.csv
0.10064217639108224,0.07763543146331246,492.51917720325423,0.006467061801896788,118.61455808155411,3701,51.89715215944344,48.86506935687264
========
0.10064217639108224,0.07763543146331246,492.51917720325423,0.006467061801896788,118.61455808155411,3701,24.33695980454557,0.0
>>>>>>>> devP:features/3/c1ed31aa-1ab1-4809-8a8d-fb63dd2c30b8-o1p5.csv
