RMS,MAV,IEMG,VAR,WL,WAMP,FMN,FMD
0.20397735157575628,0.17328922414136064,1038.6956095033156,0.020539211959472916,211.67072474050457,4278,1.5373224103286733,0.0
