RMS,MAV,IEMG,VAR,WL,WAMP,FMN,FMD
<<<<<<<< HEAD:features/3/c48bee6b-1b2c-4e54-b067-bb50fe6aa5e4-o11p5.csv
0.12870287426897406,0.09825744964265198,538.8438538403035,0.014899017722028271,151.13890944770935,3796,46.3387006939521,43.39897884755653
========
0.12870287426897406,0.09825744964265198,538.8438538403035,0.014899017722028271,151.13890944770935,3796,37.872030279994334,39.38730853391685
>>>>>>>> devP:features/3/bae31103-7502-4d01-93ad-007e24d57661-o11p5.csv
