RMS,MAV,IEMG,VAR,WL,WAMP,FMN,FMD
0.08017937341351607,0.0634370042806237,365.3971446563925,0.004246293100064854,109.76769760246863,3542,60.96930099053035,62.5
