RMS,MAV,IEMG,VAR,WL,WAMP,FMN,FMD
0.19285400987976759,0.14376098317724853,902.2439304204117,0.03601874322063141,284.00095484032795,4723,13.377831801441964,46.68578712555768
