RMS,MAV,IEMG,VAR,WL,WAMP,FMN,FMD
0.10067708462679416,0.08058709928310669,462.8117111828817,0.005920313538469013,112.6955467346805,3333,-1.574157428279854,0.0
