RMS,MAV,IEMG,VAR,WL,WAMP,FMN,FMD
0.11185834336810611,0.08549609562052134,534.8635742019815,0.008683582346642422,139.13785524179013,3837,53.416276856137344,51.470588235294116
