RMS,MAV,IEMG,VAR,WL,WAMP,FMN,FMD
0.0631046565350744,0.04828673528806112,297.54286284503263,0.0032716791298324703,80.89496147245211,3039,47.92333844376953,45.60207724764687
