RMS,MAV,IEMG,VAR,WL,WAMP,FMN,FMD
0.17314756280965643,0.1613821126689103,1016.3845455887971,0.004066347323364688,94.29034944961813,3313,-0.2835802753291832,0.0
