RMS,MAV,IEMG,VAR,WL,WAMP,FMN,FMD
0.10064217639108224,0.07763543146331246,492.51917720325423,0.006467061801896788,118.61455808155411,3701,1.4559039245278214,0.0
