RMS,MAV,IEMG,VAR,WL,WAMP,FMN,FMD
0.24819843206310163,0.20020632114326026,1272.5113771865622,0.041410644289835645,277.4599898822732,4903,1.0306713497273987,24.543738200125865
