RMS,MAV,IEMG,VAR,WL,WAMP,FMN,FMD
<<<<<<<< HEAD:features/3/043cad5c-a00c-4af8-9c68-12c7708ec896-o7p2.csv
0.17344565432905598,0.1299757257130263,839.6431881061499,0.028038239206394328,248.6772475354627,4719,48.708961253329875,46.130030959752325
========
0.17344565432905598,0.1299757257130263,839.6431881061499,0.028038239206394328,248.6772475354627,4719,42.50778431749102,43.49845201238391
>>>>>>>> devP:features/3/e2e6cbb6-c1a5-4c05-9af5-ead26b3f6faa-o7p2.csv
