RMS,MAV,IEMG,VAR,WL,WAMP,FMN,FMD
0.19520722786763947,0.15001504479529046,959.4962265106777,0.0323880409986718,277.9783506022894,4742,-2.752411785285464,0.0
