RMS,MAV,IEMG,VAR,WL,WAMP,FMN,FMD
<<<<<<<< HEAD:features/3/3f70b587-135e-48c6-9fb1-e947e54e7ac7-o4p6.csv
0.08318745032431274,0.06204243743478079,348.86462569577236,0.005123760213956112,104.19006008694348,3365,56.31974206703027,53.53014405121821
========
0.08318745032431274,0.06204243743478079,348.86462569577236,0.005123760213956112,104.19006008694348,3365,33.10588094698428,36.279566067935264
>>>>>>>> devP:features/3/e918c1cc-3a54-47c0-affe-3a059d8c41fe-o4p6.csv
