RMS,MAV,IEMG,VAR,WL,WAMP,FMN,FMD
<<<<<<<< HEAD:features/3/a2a5f8ee-f386-4f84-ac32-3a4e3f3db9cf-o10p1.csv
0.17314756280965643,0.1613821126689103,1016.3845455887971,0.004066347323364688,94.29034944961813,3313,49.415087720642305,45.57002222927913
========
0.17314756280965643,0.1613821126689103,1016.3845455887971,0.004066347323364688,94.29034944961813,3313,3.5950118774094024,0.0
>>>>>>>> devP:features/3/eae18280-d4dc-43de-ae2e-ad59f004580f-o10p1.csv
