RMS,MAV,IEMG,VAR,WL,WAMP,FMN,FMD
0.06484636269403979,0.04701481619827199,264.0352077694955,0.004176381631227735,88.46205949223253,3113,50.81103589766722,49.679487179487175
