RMS,MAV,IEMG,VAR,WL,WAMP,FMN,FMD
0.08409075013433714,0.05775013194990248,384.7313790502503,0.007061216091788544,120.8287821315081,3821,47.265837466867886,43.98078655058541
