RMS,MAV,IEMG,VAR,WL,WAMP,FMN,FMD
<<<<<<<< HEAD:features/3/cc8b86f8-2665-40ba-a96e-1abda4477920-o3p2.csv
0.08409075013433714,0.05775013194990248,384.7313790502503,0.007061216091788544,120.8287821315081,3821,47.40022291091678,43.98078655058541
========
0.08409075013433714,0.05775013194990248,384.7313790502503,0.007061216091788544,120.8287821315081,3821,47.265837466867886,43.98078655058541
>>>>>>>> devP:features/3/ec741cbb-1390-4751-8dd3-233dfadc8697-o3p2.csv
