RMS,MAV,IEMG,VAR,WL,WAMP,FMN,FMD
<<<<<<<< HEAD:features/3/ef91d43e-62e7-45bb-89e8-53e8473b19d6-o8p1.csv
0.15673038944962817,0.10681465866954588,748.2366839801689,0.024557718724954568,236.14653495269778,4932,48.00048514923697,41.1134903640257
========
0.15673038944962817,0.10681465866954588,748.2366839801689,0.024557718724954568,236.14653495269778,4932,47.974322445775414,41.1134903640257
>>>>>>>> devP:features/3/fd78d91e-458a-43c6-9729-30356ae1ee62-o8p1.csv
