RMS,MAV,IEMG,VAR,WL,WAMP,FMN,FMD
<<<<<<<< HEAD:features/3/01cab7ae-3b2b-4b59-b66e-fdd0fab216fe-o11p3.csv
0.08224581662202195,0.06359242149820069,459.1372832170089,0.006073187487791019,136.35122793182938,4496,49.14184347345248,45.42936288088643
========
0.08224581662202195,0.06359242149820069,459.1372832170089,0.006073187487791019,136.35122793182938,4496,40.030203018844006,41.13573407202216
>>>>>>>> devP:features/3/f046cafc-fce7-4064-ae9b-a917bdc6f134-o11p3.csv
