RMS,MAV,IEMG,VAR,WL,WAMP,FMN,FMD
<<<<<<<< HEAD:features/3/f086e474-2758-4413-8e67-cc1eb3dd0f6a-o6p1.csv
0.20984737316401755,0.1721613641418189,1040.8876076014371,0.031291182042791264,276.31869631876043,4673,53.66665786028002,49.78498180615283
========
0.20984737316401755,0.1721613641418189,1040.8876076014371,0.031291182042791264,276.31869631876043,4673,29.575091645235755,31.59113463446907
>>>>>>>> devP:features/3/c043512d-15b2-4d05-be3a-42788b5743d7-o6p1.csv
