RMS,MAV,IEMG,VAR,WL,WAMP,FMN,FMD
0.20984737316401755,0.1721613641418189,1040.8876076014371,0.031291182042791264,276.31869631876043,4673,53.66665786028002,49.78498180615283
