RMS,MAV,IEMG,VAR,WL,WAMP,FMN,FMD
0.09720877337769952,0.06758343868102755,531.8140789810058,0.00938915952046682,190.76646711309598,5268,54.170735020894206,0.0
