RMS,MAV,IEMG,VAR,WL,WAMP,FMN,FMD
0.09563137929554127,0.07930078776937373,527.0330355152578,0.004039977553774875,91.93322290485298,3315,-1.5774949812908403,0.0
