RMS,MAV,IEMG,VAR,WL,WAMP,FMN,FMD
<<<<<<<< HEAD:features/3/fb1ae7c4-a925-4dcc-822c-ef7441104339-o7p4.csv
0.1473141296396465,0.1137793192869708,750.0332727397115,0.018122271030941363,224.56638400641836,4774,52.739628662789166,49.908980582524265
========
0.1473141296396465,0.1137793192869708,750.0332727397115,0.018122271030941363,224.56638400641836,4774,37.806086187599725,41.56553398058252
>>>>>>>> devP:features/3/3135f190-fe1b-440d-989d-24acd3cf130e-o7p4.csv
