RMS,MAV,IEMG,VAR,WL,WAMP,FMN,FMD
<<<<<<<< HEAD:features/3/a785c51a-52a1-4300-88b8-953b8c09184e-o6p5.csv
0.10376312179211081,0.08351719779355,477.4678197857254,0.007642220484289744,148.17046884854645,4110,58.55090730189758,56.14832954346685
========
0.10376312179211081,0.08351719779355,477.4678197857254,0.007642220484289744,148.17046884854645,4110,32.21133512217341,33.23421374846948
>>>>>>>> devP:features/3/fb93a225-d3e6-45a3-bece-d46127f2f6c6-o6p5.csv
