RMS,MAV,IEMG,VAR,WL,WAMP,FMN,FMD
<<<<<<<< HEAD:features/3/8e3dddbb-ae9a-4e4d-b6f1-30eea36c3825-o3p5.csv
0.07178809092492006,0.05751925549836722,355.9866722793947,0.0031089276470455747,87.9500891123458,3175,54.131141618898575,51.38148327678139
========
0.07178809092492006,0.05751925549836722,355.9866722793947,0.0031089276470455747,87.9500891123458,3175,23.37964829716388,0.0
>>>>>>>> devP:features/3/fd2c7677-8a95-40a2-8060-601fa5af97d4-o3p5.csv
