RMS,MAV,IEMG,VAR,WL,WAMP,FMN,FMD
0.15673038944962817,0.10681465866954588,748.2366839801689,0.024557718724954568,236.14653495269778,4932,47.974322445775414,41.1134903640257
