{"window_size": 600, "threshold": 0.003, "cutoff": 100, "segments": [[10.571, 15.843], [25.540000000000003, 31.076], [40.626999999999995, 46.175], [55.818999999999996, 60.983], [70.78800000000001, 76.20800000000001], [86.182, 91.938], [100.912, 107.186], [116.033, 121.879], [130.912, 137.436], [146.161, 151.612], [161.499, 166.606], [176.419, 181.899], [191.22500000000002, 196.96900000000002], [206.304, 211.89700000000002], [221.357, 226.952], [236.43800000000002, 242.116], [251.59300000000002, 257.164], [266.55899999999997, 272.54999999999995]]}