{"window_size": 900, "threshold": 0.0015, "cutoff": 100, "segments": [[9.728, 15.543], [24.950000000000003, 31.109], [39.8, 47.359], [54.977, 61.629999999999995], [70.07000000000001, 77.546], [85.138, 92.739], [100.52300000000001, 107.438], [116.536, 124.629], [131.631, 137.87], [145.51600000000002, 151.18800000000002], [160.376, 166.586], [176.041, 181.115], [190.58100000000002, 196.163], [205.875, 211.335], [220.794, 226.71800000000002], [236.01500000000001, 241.66500000000002], [251.067, 253.71300000000002], [265.90299999999996, 272.077]]}