{"window_size": 1200, "threshold": 0.005, "cutoff": 100, "segments": [[10.636, 14.544], [25.148000000000003, 31.112000000000002], [40.114, 45.597], [54.909, 61.327], [70.32900000000001, 76.47300000000001], [85.47500000000001, 88.68900000000001], [98.135, 98.308], [115.91600000000001, 121.32000000000001], [130.322, 138.30200000000002], [147.304, 149.788], [159.781, 165.626], [174.886, 180.9], [190.574, 195.935], [205.555, 210.99200000000002], [220.205, 226.387], [235.389, 240.871], [250.454, 251.674], [264.972, 270.931]]}