{"window_size": 1000, "threshold": 0.003, "cutoff": 100, "segments": [[11.903, 17.454], [28.153000000000002, 34.103], [43.51, 50.345], [59.707, 65.70500000000001], [75.22300000000001, 81.58300000000001], [91.21000000000001, 97.22800000000001], [106.804, 113.399], [122.73700000000001, 128.374], [138.542, 144.805], [153.905, 159.422], [169.6, 175.26500000000001], [185.368, 191.249], [201.024, 206.57600000000002], [216.80700000000002, 222.221], [233.02200000000002, 236.24200000000002], [248.23000000000002, 254.032], [263.941, 269.856], [279.859, 281.017]]}