{"window_size": 1000, "threshold": 0.002, "cutoff": 100, "segments": [[10.926, 16.284000000000002], [25.988000000000003, 32.119], [40.891999999999996, 47.167], [56.021, 62.428], [71.069, 77.63600000000001], [86.43100000000001, 92.54700000000001], [101.355, 108.272], [116.28800000000001, 122.53200000000001], [131.09300000000002, 138.098], [146.436, 151.994], [161.27800000000002, 167.19500000000002], [177.0, 181.817], [191.585, 197.083], [207.026, 214.64100000000002], [222.044, 227.608], [236.98000000000002, 242.596], [252.372, 253.247], [266.762, 273.077]]}