{"window_size": 800, "threshold": 0.003, "cutoff": 100, "segments": [[10.038, 15.297], [24.976000000000003, 30.855], [39.894, 46.010999999999996], [55.013, 60.979], [69.98100000000001, 76.45800000000001], [85.46000000000001, 91.194], [100.19600000000001, 106.57900000000001], [115.581, 120.83000000000001], [129.859, 136.455], [145.457, 150.101], [160.44, 165.25], [175.17000000000002, 182.471], [191.473, 195.20600000000002], [205.374, 207.448], [220.53400000000002, 225.87400000000002], [235.3, 241.06], [250.37, 252.163], [265.203, 266.858]]}