{"window_size": 600, "threshold": 0.0022, "cutoff": 100, "segments": [[10.673, 16.105], [25.639000000000003, 31.585], [40.763999999999996, 46.925], [55.634, 61.926], [71.05300000000001, 77.661], [86.165, 92.849], [101.569, 108.052], [116.29400000000001, 122.358], [131.25400000000002, 138.184], [146.423, 151.67100000000002], [161.56400000000002, 168.65300000000002], [176.655, 182.94400000000002], [191.883, 194.15900000000002], [207.023, 212.35000000000002], [221.76000000000002, 228.55100000000002], [236.67700000000002, 242.62800000000001], [251.584, 257.59299999999996], [266.615, 272.339]]}