{"window_size": 1000, "threshold": 0.002, "cutoff": 100, "segments": [[10.854, 16.16], [25.748, 31.767000000000003], [40.620999999999995, 47.211999999999996], [55.739, 62.066], [70.81400000000001, 77.60100000000001], [86.271, 92.43], [101.108, 108.346], [116.254, 122.86900000000001], [130.972, 138.26000000000002], [146.13, 151.657], [161.155, 166.93200000000002], [176.518, 181.77100000000002], [191.288, 196.886], [206.76600000000002, 212.24], [221.74200000000002, 227.0], [236.556, 242.619], [251.85000000000002, 252.913], [266.486, 274.361]]}