{"window_size": 800, "threshold": 0.002, "cutoff": 100, "segments": [[10.782, 11.690999999999999], [25.629, 31.172], [40.449, 46.504999999999995], [55.437, 61.487], [70.391, 76.899], [85.76, 91.882], [100.01400000000001, 107.28800000000001], [115.60700000000001, 121.71700000000001], [130.49200000000002, 137.161], [145.976, 151.16500000000002], [160.82500000000002, 166.345], [175.794, 181.644], [190.816, 191.71200000000002], [205.627, 211.376], [220.817, 226.685], [235.757, 241.767], [250.934, 253.485], [265.67699999999996, 272.06899999999996]]}