{"window_size": 1000, "threshold": 0.0019, "cutoff": 100, "segments": [[11.067, 16.406000000000002], [25.773000000000003, 31.91], [40.732, 47.190999999999995], [55.744, 62.055], [70.869, 77.628], [86.191, 92.638], [101.08500000000001, 108.24100000000001], [116.05900000000001, 122.551], [131.1, 138.041], [146.306, 151.711], [161.389, 167.091], [176.429, 182.29500000000002], [191.82500000000002, 193.37800000000001], [206.751, 207.63500000000002], [221.488, 227.32600000000002], [236.668, 242.425], [251.669, 257.493], [266.748, 272.67199999999997]]}