RMS,MAV,IEMG,VAR,WL,WAMP,FMN,FMD
<<<<<<<< HEAD:features/0/5d331709-7f03-4b48-88cf-d197f12b1bd1-o5p6.csv
0.03927515953590637,0.028802111464042518,5185.589752209143,0.0008838410553338346,779.2351851600803,10352,55.287922992414096,51.954543939747396
========
0.03927515953590637,0.028802111464042518,5185.589752209143,0.0008838410553338346,779.2351851600803,10352,22.199231748509796,0.0
>>>>>>>> devP:features/0/004fb4c9-56d1-4a99-be5e-b4a91c426e32-o5p6.csv
