RMS,MAV,IEMG,VAR,WL,WAMP,FMN,FMD
0.039493424102124246,0.03450773720893278,6021.117034637845,0.00048356585865107725,404.71966300073456,5073,61.03052703105748,58.86432149284183
