RMS,MAV,IEMG,VAR,WL,WAMP,FMN,FMD
<<<<<<<< HEAD:features/0/05ae4d03-d5fc-446a-a243-55250db02ca4-o5p1.csv
0.039493424102124246,0.03450773720893278,6021.117034637845,0.00048356585865107725,404.71966300073456,5073,61.03052703105748,58.86432149284183
========
0.039493424102124246,0.03450773720893278,6021.117034637845,0.00048356585865107725,404.71966300073456,5073,11.196297943691809,0.0
>>>>>>>> devP:features/0/cd65ab87-45c5-49e3-908e-e46103f464ed-o5p1.csv
