RMS,MAV,IEMG,VAR,WL,WAMP,FMN,FMD
0.06481064946074441,0.06254396269421957,10117.799389006594,0.00037661665005221125,583.6776289267118,9064,59.99622145086538,57.12395917686112
