RMS,MAV,IEMG,VAR,WL,WAMP,FMN,FMD
<<<<<<<< HEAD:features/17/652e2cd7-d717-4f23-b29c-02bca89e0aaf-o3p4.csv
0.1066754739126121,0.07382996301275384,475.6126217281602,0.009619189391315182,152.200338345426,3404,63.6469467492044,62.86867432474387
========
0.011565171161915133,0.00884320487541339,1594.659762363795,7.262117583456587e-05,364.0629398905032,3023,23.832409312510134,0.0
>>>>>>>> devP:features/0/0d2b9c52-475e-4d1f-8f3b-af21339e0e4a-o8p5.csv
