RMS,MAV,IEMG,VAR,WL,WAMP,FMN,FMD
<<<<<<<< HEAD:features/0/9603deca-1f1e-4ff8-8bbd-d90a9abd77f3-o9p6.csv
0.12675563267074785,0.12588407648067806,25227.924231186767,0.00029155170115328276,427.9444281873479,4377,48.598851034356656,48.96559983234035
========
0.12675563267074785,0.12588407648067806,25227.924231186767,0.00029155170115328276,427.9444281873479,4377,0.44493798441013593,0.0
>>>>>>>> devP:features/0/0e15662f-c3f8-4b41-8570-f1d00da47638-o9p6.csv
