RMS,MAV,IEMG,VAR,WL,WAMP,FMN,FMD
0.013563419425740112,0.008282837294852791,1369.7742176362804,0.00017331281712745685,527.4397305717995,8182,-0.7921038744917583,55.564625850340136
