RMS,MAV,IEMG,VAR,WL,WAMP,FMN,FMD
0.14245552150008073,0.14226398645585073,26056.36043932134,5.715426628061713e-05,271.78440746249794,1602,59.0920432880247,51.273511506647374
