RMS,MAV,IEMG,VAR,WL,WAMP,FMN,FMD
<<<<<<<< HEAD:features/0/11ea353d-5916-4db1-b4e2-75d852ba8a85-o8p2.csv
0.14245552150008073,0.14226398645585073,26056.36043932134,5.715426628061713e-05,271.78440746249794,1602,59.0920432880247,51.273511506647374
========
0.14245552150008073,0.14226398645585073,26056.36043932134,5.715426628061713e-05,271.78440746249794,1602,0.08332992575267348,0.0
>>>>>>>> devP:features/0/ba1e340f-7f96-4c14-ada8-a9dd9b8d9bc5-o8p2.csv
