RMS,MAV,IEMG,VAR,WL,WAMP,FMN,FMD
<<<<<<<< HEAD:features/0/434c40bb-eea3-4c11-8148-df7b82332ea4-o11p6.csv
0.023641891387410182,0.013214966057784976,2457.3890132754054,0.000469976329844198,514.0367742408595,10672,54.745889556398026,49.737839799951594
========
0.023641891387410182,0.013214966057784976,2457.3890132754054,0.000469976329844198,514.0367742408595,10672,39.71166629577068,41.09596407733053
>>>>>>>> devP:features/0/145be29f-517b-449a-b953-e6225915fa9a-o11p6.csv
