RMS,MAV,IEMG,VAR,WL,WAMP,FMN,FMD
<<<<<<<< HEAD:features/0/f31c42cb-2b0b-40a2-8f63-ec57d8077860-o1p5.csv
0.06157750506242087,0.06068243643091631,10400.726874513331,0.0001307238716252683,430.3658888851652,4481,63.852693561705436,61.89175943429251
========
0.06157750506242087,0.06068243643091631,10400.726874513331,0.0001307238716252683,430.3658888851652,4481,1.1199831086019336,0.0
>>>>>>>> devP:features/0/150652e6-d328-43ac-b89c-ac1df3e2d218-o1p5.csv
