RMS,MAV,IEMG,VAR,WL,WAMP,FMN,FMD
<<<<<<<< HEAD:features/0/182d0615-7167-4b88-a46c-e51e19024905-o7p4.csv
0.062230057511110284,0.060253955715544975,10600.116905301535,0.0002915331177204995,752.3156193506773,11749,61.7991924718381,56.77451626838862
========
0.062230057511110284,0.060253955715544975,10600.116905301535,0.0002915331177204995,752.3156193506773,11749,2.4171396713456663,0.0
>>>>>>>> devP:features/0/8f9b003c-ca1b-47da-bae0-cf67d4623e64-o7p4.csv
