RMS,MAV,IEMG,VAR,WL,WAMP,FMN,FMD
<<<<<<<< HEAD:features/0/307c1809-bb40-4872-b54c-46e382ea22ee-o10p3.csv
0.10415206526750252,0.10355340771357077,18301.925725888785,0.0001553530789464792,256.0252074123094,4392,54.27317070601501,49.95501841698776
========
0.10415206526750252,0.10355340771357077,18301.925725888785,0.0001553530789464792,256.0252074123094,4392,0.3914354551562167,0.0
>>>>>>>> devP:features/0/1935f50f-18ba-41f2-8d79-ad2a9e93117b-o10p3.csv
