RMS,MAV,IEMG,VAR,WL,WAMP,FMN,FMD
0.16328640536258965,0.16171075986510083,29221.78115066318,0.0007586633437358261,436.4317776868919,5629,0.0010704105953830488,0.0
