RMS,MAV,IEMG,VAR,WL,WAMP,FMN,FMD
0.01143680669046917,0.005856359933534147,1010.239657614441,0.00012076051809589658,317.3960527233084,3122,54.68220290733094,49.11798635386051
