RMS,MAV,IEMG,VAR,WL,WAMP,FMN,FMD
0.046919413192176365,0.019796338102130905,3688.5724932176427,0.002173368780034559,1453.5195097417193,39603,66.146568177407,67.1725899767075
