RMS,MAV,IEMG,VAR,WL,WAMP,FMN,FMD
0.0718336127394976,0.07133065903610944,12921.548884391224,8.17535628811621e-05,380.4254012081929,2442,-0.006904311189579616,0.0
