RMS,MAV,IEMG,VAR,WL,WAMP,FMN,FMD
<<<<<<<< HEAD:features/0/ef4d522a-a168-4e7c-9bd9-7ee466df8b32-o10p2.csv
0.029900482716574896,0.02716052239539896,4739.185231728374,0.00018224114334761848,183.0489114978359,1449,69.27390844287241,65.58044106184953
========
0.029900482716574896,0.02716052239539896,4739.185231728374,0.00018224114334761848,183.0489114978359,1449,7.8616679131506775,0.0
>>>>>>>> devP:features/0/280d8edf-aa66-47e2-96b1-ad5a639521d6-o10p2.csv
