RMS,MAV,IEMG,VAR,WL,WAMP,FMN,FMD
<<<<<<<< HEAD:features/0/ab911fc1-5303-490f-9e78-0bf94c056f84-o8p6.csv
0.009549395259765166,0.006618760715480157,1247.6430136287252,6.163174636712574e-05,309.55940471008813,2392,60.66232667840673,57.34717587705105
========
0.009549395259765166,0.006618760715480157,1247.6430136287252,6.163174636712574e-05,309.55940471008813,2392,30.962429887628968,14.562256964154036
>>>>>>>> devP:features/0/2c26ef42-7b20-4e4e-b6be-51bcba2490e8-o8p6.csv
