RMS,MAV,IEMG,VAR,WL,WAMP,FMN,FMD
0.009549395259765166,0.006618760715480157,1247.6430136287252,6.163174636712574e-05,309.55940471008813,2392,30.962429887628968,14.562256964154036
