RMS,MAV,IEMG,VAR,WL,WAMP,FMN,FMD
<<<<<<<< HEAD:features/0/318bbcb9-3104-4a9b-8102-0a29769c8daf-o5p5.csv
0.010309901870689003,0.0061475818587856555,1054.6914388569846,0.00010300219507279386,388.86856115323656,2398,60.69647582608229,53.403434326948855
========
0.010309901870689003,0.0061475818587856555,1054.6914388569846,0.00010300219507279386,388.86856115323656,2398,57.04979957902435,50.96699735372635
>>>>>>>> devP:features/0/2e19eb25-84e2-4f63-870a-742af0836d68-o5p5.csv
