RMS,MAV,IEMG,VAR,WL,WAMP,FMN,FMD
0.10415206526750252,0.10355340771357077,18301.925725888785,0.0001553530789464792,256.0252074123094,4392,54.27317070601501,49.95501841698776
