RMS,MAV,IEMG,VAR,WL,WAMP,FMN,FMD
0.010309901870689003,0.0061475818587856555,1054.6914388569846,0.00010300219507279386,388.86856115323656,2398,60.69647582608229,53.403434326948855
