RMS,MAV,IEMG,VAR,WL,WAMP,FMN,FMD
0.13066385487368673,0.12996861427987083,23078.526837676665,0.0001960594857119454,627.1791747636152,8373,-0.002070466534992228,0.0
