RMS,MAV,IEMG,VAR,WL,WAMP,FMN,FMD
<<<<<<<< HEAD:features/0/9de70779-6416-457f-9054-15fd61d86c52-o5p4.csv
0.13066385487368673,0.12996861427987083,23078.526837676665,0.0001960594857119454,627.1791747636152,8373,61.77803676425143,57.12113532691333
========
0.13066385487368673,0.12996861427987083,23078.526837676665,0.0001960594857119454,627.1791747636152,8373,0.3567641551853426,0.0
>>>>>>>> devP:features/0/32bd8dbe-aef7-4733-9c2a-616c44e32dba-o5p4.csv
