RMS,MAV,IEMG,VAR,WL,WAMP,FMN,FMD
<<<<<<<< HEAD:features/0/33ea89bb-a14e-4206-9785-c3e2cf5c67f2-o9p2.csv
0.07617535012414046,0.07403314976252287,13279.770271802303,0.0004181840976632032,671.284174287084,11958,62.21055023694119,60.66586388368566
========
0.07617535012414046,0.07403314976252287,13279.770271802303,0.0004181840976632032,671.284174287084,11958,2.3254687644457075,0.0
>>>>>>>> devP:features/0/35a6cabf-9beb-4e36-9774-0178b42b1795-o9p2.csv
