RMS,MAV,IEMG,VAR,WL,WAMP,FMN,FMD
0.07617535012414046,0.07403314976252287,13279.770271802303,0.0004181840976632032,671.284174287084,11958,2.3254687644457075,0.0
