RMS,MAV,IEMG,VAR,WL,WAMP,FMN,FMD
0.029704356194663377,0.027200186914288313,4644.323114867072,0.00018935118225191542,458.24294595277416,5272,59.73683444389356,57.231208930223836
