RMS,MAV,IEMG,VAR,WL,WAMP,FMN,FMD
0.07257402783082842,0.07179934161562625,12239.490166532574,0.00015991195732670223,274.23660597099393,3680,0.0009723575524361633,0.0
