RMS,MAV,IEMG,VAR,WL,WAMP,FMN,FMD
0.07076207554980307,0.06725197884174706,11510.848698553427,0.0006430829927720186,809.1283777697053,11142,-0.03291219244840184,0.0
