RMS,MAV,IEMG,VAR,WL,WAMP,FMN,FMD
0.04937039769468875,0.04660338454221164,8397.510464045657,0.00031403906496397464,734.8393912715802,5314,-0.3941602398695341,0.0
