RMS,MAV,IEMG,VAR,WL,WAMP,FMN,FMD
<<<<<<<< HEAD:features/0/3a721fb1-3cb8-4eb0-93bd-0b5d161ccbaf-o4p6.csv
0.04356843582600974,0.0426154392029271,9364.998457478447,9.507140531532373e-05,473.05884623738615,5903,64.78622500374385,62.332769071151645
========
0.04356843582600974,0.0426154392029271,9364.998457478447,9.507140531532373e-05,473.05884623738615,5903,1.66407399948235,0.0
>>>>>>>> devP:features/0/8ea1c654-fde7-47a5-ba3a-ad3a3de534bb-o4p6.csv
