RMS,MAV,IEMG,VAR,WL,WAMP,FMN,FMD
<<<<<<<< HEAD:features/0/e341d78f-cc88-4ae8-9801-d8706ac9ecf6-o1p4.csv
0.13102181417489644,0.1306718413307977,22257.98809308143,0.00010103774341896274,409.29723153132704,3954,65.54337883989461,64.4612087944345
========
0.13102181417489644,0.1306718413307977,22257.98809308143,0.00010103774341896274,409.29723153132704,3954,0.19345243799933898,0.0
>>>>>>>> devP:features/0/3cad779e-850f-4363-90b2-95da632551a4-o1p4.csv
