RMS,MAV,IEMG,VAR,WL,WAMP,FMN,FMD
<<<<<<<< HEAD:features/0/ded05355-54e2-417a-a1d2-2a17530fdef9-o2p1.csv
0.09336496932108362,0.09274962304307517,18201.278775596114,0.00013278609849852067,383.1573316302878,5277,62.634481497838,62.49968151405669
========
0.09336496932108362,0.09274962304307517,18201.278775596114,0.00013278609849852067,383.1573316302878,5277,0.48071567498312034,0.0
>>>>>>>> devP:features/0/400fcb92-af21-4110-a8f4-00ac9ba1ba7c-o2p1.csv
