RMS,MAV,IEMG,VAR,WL,WAMP,FMN,FMD
0.04797322648905204,0.045484393457793613,7716.381865721229,0.0002876480186721601,685.0774189127649,15682,63.344471815109614,62.865092042982866
