RMS,MAV,IEMG,VAR,WL,WAMP,FMN,FMD
0.023641891387410182,0.013214966057784976,2457.3890132754054,0.000469976329844198,514.0367742408595,10672,54.745889556398026,49.737839799951594
