RMS,MAV,IEMG,VAR,WL,WAMP,FMN,FMD
<<<<<<<< HEAD:features/0/be9c05fd-cf03-47f2-86fd-7a7722785529-o4p3.csv
0.09981184017987184,0.09955780125629145,17894.817871209594,5.0900180402077985e-05,317.1312442247218,1063,53.733216268373006,49.99360197615485
========
0.09981184017987184,0.09955780125629145,17894.817871209594,5.0900180402077985e-05,317.1312442247218,1063,0.13761897250973504,0.0
>>>>>>>> devP:features/0/469f0988-63fa-477b-9dba-06decc385a4b-o4p3.csv
