RMS,MAV,IEMG,VAR,WL,WAMP,FMN,FMD
0.04901687272500367,0.04793291023696283,8410.59602763892,0.0001297038103479021,449.2811851338413,5060,1.6859005548922799,0.0
