RMS,MAV,IEMG,VAR,WL,WAMP,FMN,FMD
<<<<<<<< HEAD:features/0/26f5324d-b810-4bc5-8cc6-160f0f907376-o1p6.csv
0.04901687272500367,0.04793291023696283,8410.59602763892,0.0001297038103479021,449.2811851338413,5060,60.77420310797695,57.447026774417836
========
0.04901687272500367,0.04793291023696283,8410.59602763892,0.0001297038103479021,449.2811851338413,5060,1.6859005548922799,0.0
>>>>>>>> devP:features/0/47d3b40f-f5db-4b0b-93b2-e8282a4acc03-o1p6.csv
