RMS,MAV,IEMG,VAR,WL,WAMP,FMN,FMD
<<<<<<<< HEAD:features/0/f73c1a08-c0cd-4a41-83fc-54179a211938-o5p3.csv
0.023987428156547638,0.023180581325077308,4288.847976184478,4.3932187453815496e-05,337.83452908146865,1027,61.56458775055223,58.39400277809305
========
0.023987428156547638,0.023180581325077308,4288.847976184478,4.3932187453815496e-05,337.83452908146865,1027,2.443545917525573,0.0
>>>>>>>> devP:features/0/48b51065-e3f8-4342-9427-9c4c9303ef36-o5p3.csv
