RMS,MAV,IEMG,VAR,WL,WAMP,FMN,FMD
<<<<<<<< HEAD:features/0/49b099da-9cdd-4aad-be60-b0578482b915-o4p2.csv
0.12925148401227315,0.12892416693076625,25764.334443611257,8.460094415070085e-05,461.68388946204,3558,57.701484313424366,53.792765248372454
========
0.12925148401227315,0.12892416693076625,25764.334443611257,8.460094415070085e-05,461.68388946204,3558,0.14647445610859242,0.0
>>>>>>>> devP:features/0/277f21a4-e35e-404e-9fcb-3f24d2e1e722-o4p2.csv
