RMS,MAV,IEMG,VAR,WL,WAMP,FMN,FMD
0.12925148401227315,0.12892416693076625,25764.334443611257,8.460094415070085e-05,461.68388946204,3558,57.701484313424366,53.792765248372454
