RMS,MAV,IEMG,VAR,WL,WAMP,FMN,FMD
<<<<<<<< HEAD:features/0/30013cc3-a8d4-4bee-897a-6762624bb509-o7p6.csv
0.07076207554980307,0.06725197884174706,11510.848698553427,0.0006430829927720186,809.1283777697053,11142,57.054301701981636,50.81794811871933
========
0.07076207554980307,0.06725197884174706,11510.848698553427,0.0006430829927720186,809.1283777697053,11142,3.9151466847862086,0.0
>>>>>>>> devP:features/0/4b424c97-ed44-489b-93f9-db4cb787bcae-o7p6.csv
