RMS,MAV,IEMG,VAR,WL,WAMP,FMN,FMD
<<<<<<<< HEAD:features/0/4fc3f576-352c-4bc6-9d8a-7c5f126cc925-o8p1.csv
0.014484328058260543,0.005438716015314801,928.5356691466501,0.00020271845106195212,317.8951299565154,2984,42.20007482593562,36.79558593544079
========
0.014484328058260543,0.005438716015314801,928.5356691466501,0.00020271845106195212,317.8951299565154,2984,39.445495771798036,34.77481593421076
>>>>>>>> devP:features/0/6a6444fa-951d-4dee-bb11-c296efcd478d-o8p1.csv
