RMS,MAV,IEMG,VAR,WL,WAMP,FMN,FMD
0.014484328058260543,0.005438716015314801,928.5356691466501,0.00020271845106195212,317.8951299565154,2984,42.20007482593562,36.79558593544079
