RMS,MAV,IEMG,VAR,WL,WAMP,FMN,FMD
<<<<<<<< HEAD:features/0/1bdc658b-d5df-4f60-a742-992ecc7b22f4-o6p2.csv
0.14573145923720038,0.14515598645846306,25629.61190502499,0.00019019196511284818,503.57088355717775,2819,56.204514211997584,50.02661894135903
========
0.14573145923720038,0.14515598645846306,25629.61190502499,0.00019019196511284818,503.57088355717775,2819,0.25279897206297963,0.0
>>>>>>>> devP:features/0/4ffc0e45-31b3-4649-853b-19df16db4eda-o6p2.csv
