RMS,MAV,IEMG,VAR,WL,WAMP,FMN,FMD
<<<<<<<< HEAD:features/0/0c2a25a3-7676-4756-8287-57a6a63704ee-o11p2.csv
0.06481064946074441,0.06254396269421957,10117.799389006594,0.00037661665005221125,583.6776289267118,9064,59.99622145086538,57.12395917686112
========
0.06481064946074441,0.06254396269421957,10117.799389006594,0.00037661665005221125,583.6776289267118,9064,2.8159199990447425,0.0
>>>>>>>> devP:features/0/527a27ea-31a2-4a8f-b673-c7eddf1ec7c7-o11p2.csv
