RMS,MAV,IEMG,VAR,WL,WAMP,FMN,FMD
0.09336496932108362,0.09274962304307517,18201.278775596114,0.00013278609849852067,383.1573316302878,5277,0.0016588644058355831,0.0
