RMS,MAV,IEMG,VAR,WL,WAMP,FMN,FMD
0.023641891387410182,0.013214966057784976,2457.3890132754054,0.000469976329844198,514.0367742408595,10672,0.6333188939131277,41.09596407733053
