RMS,MAV,IEMG,VAR,WL,WAMP,FMN,FMD
<<<<<<<< HEAD:features/0/58a70c2a-297f-4b79-9927-e35c1c94ab40-o7p2.csv
0.048658331934517726,0.04559981466984673,8389.81870147576,0.0003243935835926413,822.787225988768,9037,52.72139817789266,50.02500163054112
========
0.048658331934517726,0.04559981466984673,8389.81870147576,0.0003243935835926413,822.787225988768,9037,3.877346549469827,0.0
>>>>>>>> devP:features/0/74f6f2de-0d20-4f8f-af80-819eb3d90edd-o7p2.csv
