RMS,MAV,IEMG,VAR,WL,WAMP,FMN,FMD
0.16545209611837527,0.1653028081632888,32414.558258355624,4.943098052920829e-05,291.08116712176576,2741,63.54357584982476,61.420149725638986
