RMS,MAV,IEMG,VAR,WL,WAMP,FMN,FMD
0.03927515953590637,0.028802111464042518,5185.589752209143,0.0008838410553338346,779.2351851600803,10352,55.287922992414096,51.954543939747396
