RMS,MAV,IEMG,VAR,WL,WAMP,FMN,FMD
<<<<<<<< HEAD:features/0/42ebec9b-c0a6-475a-9088-370d28258cde-o3p5.csv
0.04797322648905204,0.045484393457793613,7716.381865721229,0.0002876480186721601,685.0774189127649,15682,63.344471815109614,62.865092042982866
========
0.04797322648905204,0.045484393457793613,7716.381865721229,0.0002876480186721601,685.0774189127649,15682,4.222475796399282,0.0
>>>>>>>> devP:features/0/5dd3e4da-3e18-46d8-9b1f-c913a55e1813-o3p5.csv
