RMS,MAV,IEMG,VAR,WL,WAMP,FMN,FMD
<<<<<<<< HEAD:features/0/8d225ad8-dae7-4ca5-b7e3-c43d2c2f753b-o9p1.csv
0.028030022118258422,0.02251759750000228,4091.1997721779144,0.00036097626748503596,765.7287091680072,17333,60.47755202525322,55.683062816130864
========
0.028030022118258422,0.02251759750000228,4091.1997721779144,0.00036097626748503596,765.7287091680072,17333,18.03633158552852,0.0
>>>>>>>> devP:features/0/625729fb-01b5-4e78-b87c-e166c8deed00-o9p1.csv
