RMS,MAV,IEMG,VAR,WL,WAMP,FMN,FMD
0.046919413192176365,0.019796338102130905,3688.5724932176427,0.002173368780034559,1453.5195097417193,39603,12.611212884541182,67.02768266371844
