RMS,MAV,IEMG,VAR,WL,WAMP,FMN,FMD
0.014484328058260543,0.005438716015314801,928.5356691466501,0.00020271845106195212,317.8951299565154,2984,39.445495771798036,34.77481593421076
