RMS,MAV,IEMG,VAR,WL,WAMP,FMN,FMD
<<<<<<<< HEAD:features/0/0cb0fd1a-ad3d-4398-97f5-e18243b4e4d5-o1p2.csv
0.02317188773936888,0.020144237720802764,3460.0145594005244,0.00018759912427551313,563.7901927624323,10842,61.612253202586565,60.962261734260196
========
0.02317188773936888,0.020144237720802764,3460.0145594005244,0.00018759912427551313,563.7901927624323,10842,13.041573445729279,0.0
>>>>>>>> devP:features/0/6bfe9d5e-4987-4328-9c98-c8eef78e1757-o1p2.csv
