RMS,MAV,IEMG,VAR,WL,WAMP,FMN,FMD
0.039627034820716014,0.03557173401169157,6312.275343842693,0.00038733453215787514,735.1656374496599,8774,58.926034650143635,50.12059599215563
