RMS,MAV,IEMG,VAR,WL,WAMP,FMN,FMD
<<<<<<<< HEAD:features/0/6daa2335-d1c3-4b5d-92c2-ac05f94cb8f9-o7p5.csv
0.039627034820716014,0.03557173401169157,6312.275343842693,0.00038733453215787514,735.1656374496599,8774,58.926034650143635,50.12059599215563
========
0.039627034820716014,0.03557173401169157,6312.275343842693,0.00038733453215787514,735.1656374496599,8774,8.28977603516127,0.0
>>>>>>>> devP:features/0/6e0a987c-4a6d-4dd6-9500-d9f323e5a467-o7p5.csv
