RMS,MAV,IEMG,VAR,WL,WAMP,FMN,FMD
<<<<<<<< HEAD:features/0/70714e0d-0c55-49b4-bd6b-838c51b08b2c-o5p2.csv
0.04566204546033084,0.045441017415082524,8461.617293879932,2.0764816974106753e-05,240.33889201513347,402,62.67208779844661,60.071639162025875
========
0.04566204546033084,0.045441017415082524,8461.617293879932,2.0764816974106753e-05,240.33889201513347,402,0.31363842069928316,0.0
>>>>>>>> devP:features/0/aaf466eb-7f05-4193-b431-36238c4b8c79-o5p2.csv
