RMS,MAV,IEMG,VAR,WL,WAMP,FMN,FMD
0.04566204546033084,0.045441017415082524,8461.617293879932,2.0764816974106753e-05,240.33889201513347,402,62.67208779844661,60.071639162025875
