RMS,MAV,IEMG,VAR,WL,WAMP,FMN,FMD
0.05825968828307499,0.05666442738527758,9459.672836553009,0.00019045937152038079,604.3153660527043,2921,1.4727137506750037,0.0
