RMS,MAV,IEMG,VAR,WL,WAMP,FMN,FMD
<<<<<<<< HEAD:features/0/9c1a172f-bc2e-4d05-b444-6e277eccdf0d-o11p5.csv
0.05330785275885476,0.0452700356067426,8703.617045752333,0.001167395292956289,1309.0453053335075,38924,62.72090087570322,61.978570685530016
========
0.05330785275885476,0.0452700356067426,8703.617045752333,0.001167395292956289,1309.0453053335075,38924,16.213267925615835,0.0
>>>>>>>> devP:features/0/72e07895-b0c0-4363-8af3-c9abdfaf6f87-o11p5.csv
