RMS,MAV,IEMG,VAR,WL,WAMP,FMN,FMD
0.03581154831051002,0.03390531872749201,5808.082813975563,0.0001890746406623411,300.3430027206844,4829,-0.08552882442558875,0.0
