RMS,MAV,IEMG,VAR,WL,WAMP,FMN,FMD
0.01143680669046917,0.005856359933534147,1010.239657614441,0.00012076051809589658,317.3960527233084,3122,3.5764210804066288,45.28037193556054
