RMS,MAV,IEMG,VAR,WL,WAMP,FMN,FMD
0.03113851185206549,0.028897804630983525,5445.560100271798,0.00016371310118058803,354.359735769325,2438,0.05818872473396474,0.0
