RMS,MAV,IEMG,VAR,WL,WAMP,FMN,FMD
0.011565171161915133,0.00884320487541339,1594.659762363795,7.262117583456587e-05,364.0629398905032,3023,63.95664880644252,61.61618402227078
