RMS,MAV,IEMG,VAR,WL,WAMP,FMN,FMD
0.13102181417489644,0.1306718413307977,22257.98809308143,0.00010103774341896274,409.29723153132704,3954,-0.0005213417621186939,0.0
