RMS,MAV,IEMG,VAR,WL,WAMP,FMN,FMD
0.044759017916699353,0.042539775274517855,7008.980993555386,0.0002451752087175053,579.5105774238947,10738,60.43888093395656,58.453657677998095
