RMS,MAV,IEMG,VAR,WL,WAMP,FMN,FMD
0.1073274946721709,0.10641245205450744,19281.404250016476,0.00020803938882602105,640.7633394799863,4432,0.005521157308018193,0.0
