RMS,MAV,IEMG,VAR,WL,WAMP,FMN,FMD
0.028030022118258422,0.02251759750000228,4091.1997721779144,0.00036097626748503596,765.7287091680072,17333,60.47755202525322,55.683062816130864
