RMS,MAV,IEMG,VAR,WL,WAMP,FMN,FMD
0.062230057511110284,0.060253955715544975,10600.116905301535,0.0002915331177204995,752.3156193506773,11749,2.4171396713456663,0.0
