RMS,MAV,IEMG,VAR,WL,WAMP,FMN,FMD
<<<<<<<< HEAD:features/0/07273c5a-c45f-4dde-b1a7-fb4a5885f946-o6p5.csv
0.057722472032398074,0.056232301415248064,10129.686776942786,0.0002071272108022144,576.725136487912,2966,59.952858731016214,50.033307427556345
========
0.057722472032398074,0.056232301415248064,10129.686776942786,0.0002071272108022144,576.725136487912,2966,1.9232707495026693,0.0
>>>>>>>> devP:features/0/92ab9f1f-337e-425a-8926-0ed9dd39882a-o6p5.csv
