RMS,MAV,IEMG,VAR,WL,WAMP,FMN,FMD
0.057722472032398074,0.056232301415248064,10129.686776942786,0.0002071272108022144,576.725136487912,2966,1.9232707495026693,0.0
