RMS,MAV,IEMG,VAR,WL,WAMP,FMN,FMD
<<<<<<<< HEAD:features/0/958eeee2-d845-46ac-a65f-2d28a310bbaf-o1p3.csv
0.053596157325766065,0.05228196110688747,9017.9586254437,0.0001834481590673587,421.3242261410746,5782,63.31399283711663,61.76697374294874
========
0.053596157325766065,0.05228196110688747,9017.9586254437,0.0001834481590673587,421.3242261410746,5782,2.088380082172264,0.0
>>>>>>>> devP:features/0/da053542-fe12-43bb-a1f5-55916783cf64-o1p3.csv
