RMS,MAV,IEMG,VAR,WL,WAMP,FMN,FMD
<<<<<<<< HEAD:features/0/9625cca4-18b4-47b1-b817-5c587ee89b90-o6p4.csv
0.04924210371586167,0.047330185859541705,8483.841154951131,0.0002218679781160737,543.3948642884337,2508,61.86144464046172,50.577970186557174
========
0.04924210371586167,0.047330185859541705,8483.841154951131,0.0002218679781160737,543.3948642884337,2508,2.9658498298433518,0.0
>>>>>>>> devP:features/0/9c31941b-e36c-4428-af4d-d39c6586d543-o6p4.csv
