RMS,MAV,IEMG,VAR,WL,WAMP,FMN,FMD
0.06538642304033557,0.06499267208814032,10783.389174847976,7.180053872996606e-05,166.46455622945788,1789,52.54545320407996,46.70407492903078
