RMS,MAV,IEMG,VAR,WL,WAMP,FMN,FMD
<<<<<<<< HEAD:features/0/97012149-c750-4daa-8884-23fac3eed2f6-o10p5.csv
0.06538642304033557,0.06499267208814032,10783.389174847976,7.180053872996606e-05,166.46455622945788,1789,52.54545320407996,46.70407492903078
========
0.06538642304033557,0.06499267208814032,10783.389174847976,7.180053872996606e-05,166.46455622945788,1789,0.44495797569253487,0.0
>>>>>>>> devP:features/0/5b2e0bd9-df98-49f2-83ce-34ee57abae71-o10p5.csv
