RMS,MAV,IEMG,VAR,WL,WAMP,FMN,FMD
0.06223775888683955,0.061930783014423285,9920.010892467308,5.1600990819898256e-05,168.04726622985115,1562,59.85584750264693,55.381791620624426
