RMS,MAV,IEMG,VAR,WL,WAMP,FMN,FMD
<<<<<<<< HEAD:features/0/9bf3c9d8-5e26-4e3d-ae9c-6dcf4e742bf5-o10p4.csv
0.06223775888683955,0.061930783014423285,9920.010892467308,5.1600990819898256e-05,168.04726622985115,1562,59.85584750264693,55.381791620624426
========
0.06223775888683955,0.061930783014423285,9920.010892467308,5.1600990819898256e-05,168.04726622985115,1562,0.4013549066546774,0.0
>>>>>>>> devP:features/0/53114581-992f-4e33-82e9-ba1255f1d109-o10p4.csv
