RMS,MAV,IEMG,VAR,WL,WAMP,FMN,FMD
<<<<<<<< HEAD:features/0/f116d45c-2928-403e-a2a2-9d69aa5b7e21-o6p6.csv
0.016436593049582737,0.012531401032545368,2193.396185528481,0.00013465292742328248,439.59774032504424,1791,57.62168556294273,50.0365647424471
========
0.016436593049582737,0.012531401032545368,2193.396185528481,0.00013465292742328248,439.59774032504424,1791,19.126173311548392,0.0
>>>>>>>> devP:features/0/9c071358-2fe7-4fae-9b32-bd16cd75b631-o6p6.csv
