RMS,MAV,IEMG,VAR,WL,WAMP,FMN,FMD
0.016436593049582737,0.012531401032545368,2193.396185528481,0.00013465292742328248,439.59774032504424,1791,19.126173311548392,0.0
