RMS,MAV,IEMG,VAR,WL,WAMP,FMN,FMD
0.05330785275885476,0.0452700356067426,8703.617045752333,0.001167395292956289,1309.0453053335075,38924,62.72090087570322,61.978570685530016
