RMS,MAV,IEMG,VAR,WL,WAMP,FMN,FMD
0.04924210371586167,0.047330185859541705,8483.841154951131,0.0002218679781160737,543.3948642884337,2508,2.9658498298433518,0.0
