RMS,MAV,IEMG,VAR,WL,WAMP,FMN,FMD
0.0427028793340374,0.041235424951901856,6806.071830011209,0.00015889751835530317,433.0149832353585,4554,2.8312721267300485,0.0
