RMS,MAV,IEMG,VAR,WL,WAMP,FMN,FMD
<<<<<<<< HEAD:features/0/0d87b937-0c7f-4ec9-bab7-78f67ebfaab0-o11p1.csv
0.0427028793340374,0.041235424951901856,6806.071830011209,0.00015889751835530317,433.0149832353585,4554,62.153079705487876,58.04161062440171
========
0.0427028793340374,0.041235424951901856,6806.071830011209,0.00015889751835530317,433.0149832353585,4554,2.8312721267300485,0.0
>>>>>>>> devP:features/0/9c68c341-be99-4616-bbad-daf8ed662bd5-o11p1.csv
