RMS,MAV,IEMG,VAR,WL,WAMP,FMN,FMD
<<<<<<<< HEAD:features/0/f0b2a9dc-7138-441a-aa07-072b7b7ff4a1-o3p3.csv
0.019302260754409786,0.016329047051037163,2969.0779671959854,0.0001352852108000449,356.00789096372034,3939,56.84302008045221,52.340673603625405
========
0.019302260754409786,0.016329047051037163,2969.0779671959854,0.0001352852108000449,356.00789096372034,3939,12.609266758701066,0.0
>>>>>>>> devP:features/0/9d06ff84-5a3a-4385-bcfc-db7533f3b224-o3p3.csv
