RMS,MAV,IEMG,VAR,WL,WAMP,FMN,FMD
<<<<<<<< HEAD:features/0/1f88231c-27b9-44ed-876c-b83cc2452473-o8p3.csv
0.0718336127394976,0.07133065903610944,12921.548884391224,8.17535628811621e-05,380.4254012081929,2442,61.40211415947865,55.74937896770632
========
0.0718336127394976,0.07133065903610944,12921.548884391224,8.17535628811621e-05,380.4254012081929,2442,0.4902944448620016,0.0
>>>>>>>> devP:features/0/a0431797-7d67-4f38-ae77-510cac62f1ec-o8p3.csv
