RMS,MAV,IEMG,VAR,WL,WAMP,FMN,FMD
<<<<<<<< HEAD:features/0/cf2f0623-2f8c-4da5-a221-23e4be99a92b-o2p2.csv
0.06309197605274548,0.06273043324254086,11591.643106722913,5.334540100695521e-05,262.5102109022621,1808,58.08077833710307,52.807316611196796
========
0.06309197605274548,0.06273043324254086,11591.643106722913,5.334540100695521e-05,262.5102109022621,1808,0.39180548110626684,0.0
>>>>>>>> devP:features/0/a28865df-7b74-473e-8fe5-e9c5024d8a39-o2p2.csv
