RMS,MAV,IEMG,VAR,WL,WAMP,FMN,FMD
0.06309197605274548,0.06273043324254086,11591.643106722913,5.334540100695521e-05,262.5102109022621,1808,0.39180548110626684,0.0
