RMS,MAV,IEMG,VAR,WL,WAMP,FMN,FMD
<<<<<<<< HEAD:features/0/a30feca1-b62e-480c-a945-49665f0e04c2-o2p3.csv
0.05426714059389606,0.05175907024858905,9712.79656842873,0.00034626580548884837,339.9698426328552,3313,65.19098862427205,67.60847090922655
========
0.05426714059389606,0.05175907024858905,9712.79656842873,0.00034626580548884837,339.9698426328552,3313,4.071991048800998,0.0
>>>>>>>> devP:features/0/599c1eb4-56f8-42af-b981-8639c0035896-o2p3.csv
