RMS,MAV,IEMG,VAR,WL,WAMP,FMN,FMD
0.02317188773936888,0.020144237720802764,3460.0145594005244,0.00018759912427551313,563.7901927624323,10842,61.612253202586565,60.962261734260196
