RMS,MAV,IEMG,VAR,WL,WAMP,FMN,FMD
0.02392790754119594,0.016158627527517646,3315.0878649179926,0.0003972483312294192,814.0574577642778,11841,61.09989606621512,53.85091563129086
