RMS,MAV,IEMG,VAR,WL,WAMP,FMN,FMD
<<<<<<<< HEAD:features/0/ac3d3659-8cc8-4af0-ab7a-4773e8567f90-o9p5.csv
0.02392790754119594,0.016158627527517646,3315.0878649179926,0.0003972483312294192,814.0574577642778,11841,61.09989606621512,53.85091563129086
========
0.02392790754119594,0.016158627527517646,3315.0878649179926,0.0003972483312294192,814.0574577642778,11841,32.45583353410142,30.434930955990236
>>>>>>>> devP:features/0/e46c1905-0401-4076-a270-391a9a03c3d3-o9p5.csv
