RMS,MAV,IEMG,VAR,WL,WAMP,FMN,FMD
0.07976151888525668,0.07634007182090828,14908.681646120642,0.0006566502686754514,1028.161571808485,19833,57.79536377268317,50.91324317819891
