RMS,MAV,IEMG,VAR,WL,WAMP,FMN,FMD
<<<<<<<< HEAD:features/0/5a41a6a3-e046-40b5-a83f-ec8d10ee82c3-o4p5.csv
0.16545209611837527,0.1653028081632888,32414.558258355624,4.943098052920829e-05,291.08116712176576,2741,63.54357584982476,61.420149725638986
========
0.16545209611837527,0.1653028081632888,32414.558258355624,4.943098052920829e-05,291.08116712176576,2741,0.05742333803186314,0.0
>>>>>>>> devP:features/0/b00710c1-62be-447f-8721-33d62b3419ae-o4p5.csv
