RMS,MAV,IEMG,VAR,WL,WAMP,FMN,FMD
0.010309901870689003,0.0061475818587856555,1054.6914388569846,0.00010300219507279386,388.86856115323656,2398,24.65559475543978,21.339224303750246
