RMS,MAV,IEMG,VAR,WL,WAMP,FMN,FMD
<<<<<<<< HEAD:features/0/ba18e8e6-5e02-4494-97a0-3de56d488bdc-o7p1.csv
0.1073274946721709,0.10641245205450744,19281.404250016476,0.00020803938882602105,640.7633394799863,4432,51.96283798773992,50.02897430944563
========
0.1073274946721709,0.10641245205450744,19281.404250016476,0.00020803938882602105,640.7633394799863,4432,0.47350627739525,0.0
>>>>>>>> devP:features/0/a2fbf34d-8dd5-4d27-b04d-5316a59ed92f-o7p1.csv
