RMS,MAV,IEMG,VAR,WL,WAMP,FMN,FMD
0.04356843582600974,0.0426154392029271,9364.998457478447,9.507140531532373e-05,473.05884623738615,5903,-0.0024582376272207296,0.0
