RMS,MAV,IEMG,VAR,WL,WAMP,FMN,FMD
0.1142846883927042,0.1129488481461955,19304.087636666274,0.00032314631152609513,737.0070126330805,7092,0.6570746490928824,0.0
