RMS,MAV,IEMG,VAR,WL,WAMP,FMN,FMD
<<<<<<<< HEAD:features/0/3a14d9d1-e875-42cc-80b9-3485c9d60a67-o6p1.csv
0.1142846883927042,0.1129488481461955,19304.087636666274,0.00032314631152609513,737.0070126330805,7092,52.45846992427095,50.01462758176819
========
0.1142846883927042,0.1129488481461955,19304.087636666274,0.00032314631152609513,737.0070126330805,7092,0.6570746490928824,0.0
>>>>>>>> devP:features/0/bbaff6a5-300d-4e37-9713-59ea5ee9c465-o6p1.csv
