RMS,MAV,IEMG,VAR,WL,WAMP,FMN,FMD
<<<<<<<< HEAD:features/0/fec06f46-ffc7-461f-8856-64a82b5fc42d-o4p4.csv
0.03113851185206549,0.028897804630983525,5445.560100271798,0.00016371310118058803,354.359735769325,2438,61.54099212889951,60.740174695662326
========
0.03113851185206549,0.028897804630983525,5445.560100271798,0.00016371310118058803,354.359735769325,2438,5.674492179325819,0.0
>>>>>>>> devP:features/0/bdf1fa82-8ba2-44f2-abde-e3c73de43927-o4p4.csv
