RMS,MAV,IEMG,VAR,WL,WAMP,FMN,FMD
0.09981184017987184,0.09955780125629145,17894.817871209594,5.0900180402077985e-05,317.1312442247218,1063,53.733216268373006,49.99360197615485
