RMS,MAV,IEMG,VAR,WL,WAMP,FMN,FMD
<<<<<<<< HEAD:features/0/3aaba67b-1fcc-4681-a6ef-a1a29ec1454e-o9p3.csv
0.016936605943981713,0.010843633299448737,1976.8160377561037,0.0002046383233930977,454.33124023579353,4933,58.82155384614488,53.8172921854944
========
0.016936605943981713,0.010843633299448737,1976.8160377561037,0.0002046383233930977,454.33124023579353,4933,32.61572157753599,30.537240403286855
>>>>>>>> devP:features/0/c85e5d31-aaec-4b90-a2e1-9fc486a39002-o9p3.csv
