RMS,MAV,IEMG,VAR,WL,WAMP,FMN,FMD
0.048658331934517726,0.04559981466984673,8389.81870147576,0.0003243935835926413,822.787225988768,9037,-0.573459932151438,0.0
