RMS,MAV,IEMG,VAR,WL,WAMP,FMN,FMD
0.06538642304033557,0.06499267208814032,10783.389174847976,7.180053872996606e-05,166.46455622945788,1789,0.00019821172995535485,0.0
