RMS,MAV,IEMG,VAR,WL,WAMP,FMN,FMD
<<<<<<<< HEAD:features/0/ad5604e5-4ac5-4617-8248-ef4bb3645c89-o9p4.csv
0.07976151888525668,0.07634007182090828,14908.681646120642,0.0006566502686754514,1028.161571808485,19833,57.79536377268317,50.91324317819891
========
0.07976151888525668,0.07634007182090828,14908.681646120642,0.0006566502686754514,1028.161571808485,19833,3.145011156454827,0.0
>>>>>>>> devP:features/0/caac34cd-3721-42ad-8cb7-e83899f0e395-o9p4.csv
