RMS,MAV,IEMG,VAR,WL,WAMP,FMN,FMD
0.07976151888525668,0.07634007182090828,14908.681646120642,0.0006566502686754514,1028.161571808485,19833,3.145011156454827,0.0
