RMS,MAV,IEMG,VAR,WL,WAMP,FMN,FMD
<<<<<<<< HEAD:features/0/2d7afb2f-c154-4d54-a4c6-91f7bab5b61d-o3p1.csv
0.09848695620859776,0.09789885409367012,15845.027433914604,0.0001438739449266281,306.3004958073714,3523,57.331976134787176,53.04261326775862
========
0.09848695620859776,0.09789885409367012,15845.027433914604,0.0001438739449266281,306.3004958073714,3523,0.42837535822029776,0.0
>>>>>>>> devP:features/0/cab429b4-9e81-4730-b726-ad7114143f29-o3p1.csv
