RMS,MAV,IEMG,VAR,WL,WAMP,FMN,FMD
0.09848695620859776,0.09789885409367012,15845.027433914604,0.0001438739449266281,306.3004958073714,3523,0.42837535822029776,0.0
