RMS,MAV,IEMG,VAR,WL,WAMP,FMN,FMD
0.039493424102124246,0.03450773720893278,6021.117034637845,0.00048356585865107725,404.71966300073456,5073,11.196297943691809,0.0
