RMS,MAV,IEMG,VAR,WL,WAMP,FMN,FMD
<<<<<<<< HEAD:features/0/7e722df0-7702-4d19-8385-5d3cc077f575-o3p4.csv
0.044759017916699353,0.042539775274517855,7008.980993555386,0.0002451752087175053,579.5105774238947,10738,60.43888093395656,58.453657677998095
========
0.044759017916699353,0.042539775274517855,7008.980993555386,0.0002451752087175053,579.5105774238947,10738,3.9393460543941354,0.0
>>>>>>>> devP:features/0/cef46bef-b5c6-40f9-afca-c7568df6af87-o3p4.csv
