RMS,MAV,IEMG,VAR,WL,WAMP,FMN,FMD
0.088734052140533,0.08839286901950674,17828.488109758433,6.043271577914939e-05,407.10740766174763,1606,0.20768857099845303,0.0
