RMS,MAV,IEMG,VAR,WL,WAMP,FMN,FMD
<<<<<<<< HEAD:features/0/9340c869-7b8b-419f-9d08-825d4e3dc2cc-o4p1.csv
0.088734052140533,0.08839286901950674,17828.488109758433,6.043271577914939e-05,407.10740766174763,1606,53.91150109400071,50.03073933047755
========
0.088734052140533,0.08839286901950674,17828.488109758433,6.043271577914939e-05,407.10740766174763,1606,0.20768857099845303,0.0
>>>>>>>> devP:features/0/cf9ba7bc-23db-4cd4-b5b4-c57d746e6d57-o4p1.csv
