RMS,MAV,IEMG,VAR,WL,WAMP,FMN,FMD
0.013563419425740112,0.008282837294852791,1369.7742176362804,0.00017331281712745685,527.4397305717995,8182,62.16668882853352,60.964474678760396
