RMS,MAV,IEMG,VAR,WL,WAMP,FMN,FMD
<<<<<<<< HEAD:features/0/1c75798a-8c66-4609-b154-dcc56b35f6c9-o3p2.csv
0.01143680669046917,0.005856359933534147,1010.239657614441,0.00012076051809589658,317.3960527233084,3122,54.68220290733094,49.11798635386051
========
0.01143680669046917,0.005856359933534147,1010.239657614441,0.00012076051809589658,317.3960527233084,3122,46.885918783701186,45.28037193556054
>>>>>>>> devP:features/0/d85857a5-9ecc-4f5a-ae89-f21ec713b17a-o3p2.csv
