RMS,MAV,IEMG,VAR,WL,WAMP,FMN,FMD
<<<<<<<< HEAD:features/0/902d707f-db7b-4899-b2d4-b51f1dfd8406-o10p6.csv
0.03581154831051002,0.03390531872749201,5808.082813975563,0.0001890746406623411,300.3430027206844,4829,59.883036932465764,57.506290024109326
========
0.03581154831051002,0.03390531872749201,5808.082813975563,0.0001890746406623411,300.3430027206844,4829,4.765578948277535,0.0
>>>>>>>> devP:features/0/d93c2819-9494-4dca-902b-df65ffc07de1-o10p6.csv
