RMS,MAV,IEMG,VAR,WL,WAMP,FMN,FMD
0.053596157325766065,0.05228196110688747,9017.9586254437,0.0001834481590673587,421.3242261410746,5782,2.088380082172264,0.0
