RMS,MAV,IEMG,VAR,WL,WAMP,FMN,FMD
<<<<<<<< HEAD:features/0/0287d901-18c5-499f-b773-dc488e9943a2-o6p3.csv
0.04937039769468875,0.04660338454221164,8397.510464045657,0.00031403906496397464,734.8393912715802,5314,53.1339996780321,50.002497350034126
========
0.04937039769468875,0.04660338454221164,8397.510464045657,0.00031403906496397464,734.8393912715802,5314,3.6585712987622165,0.0
>>>>>>>> devP:features/0/da1e4659-45f8-4fae-b947-8956d8f96eb0-o6p3.csv
