RMS,MAV,IEMG,VAR,WL,WAMP,FMN,FMD
0.016936605943981713,0.010843633299448737,1976.8160377561037,0.0002046383233930977,454.33124023579353,4933,1.8929177455981223,30.537240403286855
