RMS,MAV,IEMG,VAR,WL,WAMP,FMN,FMD
0.02392790754119594,0.016158627527517646,3315.0878649179926,0.0003972483312294192,814.0574577642778,11841,0.17986048766430965,30.434930955990236
