RMS,MAV,IEMG,VAR,WL,WAMP,FMN,FMD
<<<<<<<< HEAD:features/0/1f1ab6d6-5679-45f8-ba60-fd30f653cebd-o1p1.csv
0.013563419425740112,0.008282837294852791,1369.7742176362804,0.00017331281712745685,527.4397305717995,8182,62.16668882853352,60.964474678760396
========
0.013563419425740112,0.008282837294852791,1369.7742176362804,0.00017331281712745685,527.4397305717995,8182,55.360636276342454,55.564625850340136
>>>>>>>> devP:features/0/e2dd4132-2c76-4cb7-ba4a-1047155c2e48-o1p1.csv
