RMS,MAV,IEMG,VAR,WL,WAMP,FMN,FMD
<<<<<<<< HEAD:features/0/314a443c-eadd-4d3f-b012-8c5bfc864f37-o10p1.csv
0.16328640536258965,0.16171075986510083,29221.78115066318,0.0007586633437358261,436.4317776868919,5629,59.93664410104158,57.751903665663185
========
0.16328640536258965,0.16171075986510083,29221.78115066318,0.0007586633437358261,436.4317776868919,5629,0.8650361682564432,0.0
>>>>>>>> devP:features/0/e6cea7b3-ee2f-4be5-94c8-c6d9038728fd-o10p1.csv
