RMS,MAV,IEMG,VAR,WL,WAMP,FMN,FMD
<<<<<<<< HEAD:features/0/3744aa4f-8225-4526-a8da-32d1f42546c9-o11p3.csv
0.029704356194663377,0.027200186914288313,4644.323114867072,0.00018935118225191542,458.24294595277416,5272,59.73683444389356,57.231208930223836
========
0.029704356194663377,0.027200186914288313,4644.323114867072,0.00018935118225191542,458.24294595277416,5272,7.180157652016759,0.0
>>>>>>>> devP:features/0/e6fa6bf1-a3c7-4fea-b5d0-d329465124b7-o11p3.csv
