RMS,MAV,IEMG,VAR,WL,WAMP,FMN,FMD
0.029900482716574896,0.02716052239539896,4739.185231728374,0.00018224114334761848,183.0489114978359,1449,69.27390844287241,65.58044106184953
