RMS,MAV,IEMG,VAR,WL,WAMP,FMN,FMD
0.019302260754409786,0.016329047051037163,2969.0779671959854,0.0001352852108000449,356.00789096372034,3939,56.84302008045221,52.340673603625405
