RMS,MAV,IEMG,VAR,WL,WAMP,FMN,FMD
0.06157750506242087,0.06068243643091631,10400.726874513331,0.0001307238716252683,430.3658888851652,4481,63.852693561705436,61.89175943429251
