RMS,MAV,IEMG,VAR,WL,WAMP,FMN,FMD
0.07257402783082842,0.07179934161562625,12239.490166532574,0.00015991195732670223,274.23660597099393,3680,61.70052162185721,59.77074876223103
