RMS,MAV,IEMG,VAR,WL,WAMP,FMN,FMD
<<<<<<<< HEAD:features/0/f6888adb-bead-4004-95f0-7729c5bdfa2e-o11p4.csv
0.07257402783082842,0.07179934161562625,12239.490166532574,0.00015991195732670223,274.23660597099393,3680,61.70052162185721,59.77074876223103
========
0.07257402783082842,0.07179934161562625,12239.490166532574,0.00015991195732670223,274.23660597099393,3680,0.9510878430674592,0.0
>>>>>>>> devP:features/0/3a3e4375-e121-4c27-a529-c9334b0622bb-o11p4.csv
