RMS,MAV,IEMG,VAR,WL,WAMP,FMN,FMD
<<<<<<<< HEAD:features/0/f703b8cb-cabe-4f32-a106-8835cb65db83-o7p3.csv
0.05825968828307499,0.05666442738527758,9459.672836553009,0.00019045937152038079,604.3153660527043,2921,51.017981871526324,49.99940098956524
========
0.05825968828307499,0.05666442738527758,9459.672836553009,0.00019045937152038079,604.3153660527043,2921,1.4727137506750037,0.0
>>>>>>>> devP:features/0/71283b40-7e33-4df2-bae3-a60e7985c13a-o7p3.csv
