RMS,MAV,IEMG,VAR,WL,WAMP,FMN,FMD
0.023987428156547638,0.023180581325077308,4288.847976184478,4.3932187453815496e-05,337.83452908146865,1027,61.56458775055223,58.39400277809305
