RMS,MAV,IEMG,VAR,WL,WAMP,FMN,FMD
<<<<<<<< HEAD:features/0/97a45ed4-ceff-464d-8040-dd4ee3117875-o8p4.csv
0.028030764358034605,0.02496962411395041,4737.536722388039,0.00021868045166918186,480.28535031528673,7217,60.32458908043755,56.65886619020513
========
0.028030764358034605,0.02496962411395041,4737.536722388039,0.00021868045166918186,480.28535031528673,7217,9.751719394709236,0.0
>>>>>>>> devP:features/0/fade61ad-a21a-4875-a191-61675fb590f3-o8p4.csv
