RMS,MAV,IEMG,VAR,WL,WAMP,FMN,FMD
0.028030764358034605,0.02496962411395041,4737.536722388039,0.00021868045166918186,480.28535031528673,7217,9.751719394709236,0.0
