RMS,MAV,IEMG,VAR,WL,WAMP,FMN,FMD
0.12675563267074785,0.12588407648067806,25227.924231186767,0.00029155170115328276,427.9444281873479,4377,0.003266716493795572,0.0
