RMS,MAV,IEMG,VAR,WL,WAMP,FMN,FMD
0.05426714059389606,0.05175907024858905,9712.79656842873,0.00034626580548884837,339.9698426328552,3313,-0.0021645781875894057,0.0
