RMS,MAV,IEMG,VAR,WL,WAMP,FMN,FMD
0.14573145923720038,0.14515598645846306,25629.61190502499,0.00019019196511284818,503.57088355717775,2819,-0.021886640774458177,0.0
