{"window_size": 500, "threshold": 0.003, "cutoff": 100, "segments": [[9.247, 14.228], [24.216, 30.124000000000002], [39.235, 45.321999999999996], [54.333, 60.132], [69.41300000000001, 75.32600000000001], [84.397, 90.447], [99.537, 105.626], [114.629, 120.453], [129.496, 136.86100000000002], [144.63400000000001, 150.126], [159.501, 165.52200000000002], [174.58200000000002, 180.233], [189.662, 195.19500000000002], [204.931, 210.52200000000002], [219.91, 225.288], [234.816, 240.41], [249.827, 252.94], [264.625, 271.08299999999997]]}