{"window_size": 500, "threshold": 0.0025, "cutoff": 100, "segments": [[11.552999999999999, 13.214], [26.060000000000002, 31.515], [41.434999999999995, 47.057], [58.782, 62.992], [71.46300000000001, 78.0], [87.875, 94.893], [103.44900000000001, 110.19800000000001], [119.60400000000001, 126.14], [136.06900000000002, 142.542], [151.549, 154.067], [167.93200000000002, 174.394], [184.291, 190.104], [200.006, 201.41500000000002], [216.52200000000002, 218.273], [233.38, 233.395], [248.369, 250.197], [264.245, 270.05899999999997], [279.347, 279.847]]}