{"window_size": 800, "threshold": 0.0033, "cutoff": 100, "segments": [[10.338, 15.331999999999999], [25.145000000000003, 31.116000000000003], [40.245, 47.464], [55.214, 61.711999999999996], [70.271, 76.69900000000001], [85.293, 92.048], [100.209, 107.052], [115.804, 122.218], [130.487, 137.497], [145.666, 150.835], [160.48600000000002, 166.339], [175.92600000000002, 181.737], [190.995, 196.827], [205.746, 211.68800000000002], [220.883, 226.805], [235.893, 241.79500000000002], [251.08700000000002, 256.887], [265.77299999999997, 271.986]]}