{"window_size": 600, "threshold": 0.003, "cutoff": 100, "segments": [[12.934, 22.377000000000002], [27.707, 33.165], [42.263, 48.924], [57.379, 63.691], [72.411, 79.17200000000001], [87.68700000000001, 94.47000000000001], [102.65, 109.58900000000001], [117.631, 124.135], [132.70600000000002, 139.419], [147.869, 152.959], [162.565, 168.02200000000002], [177.86, 182.119], [192.839, 198.48100000000002], [207.982, 213.52700000000002], [222.90900000000002, 228.54500000000002], [237.907, 243.479], [252.87900000000002, 258.70799999999997], [267.871, 274.236]]}