RMS,MAV,IEMG,VAR,WL,WAMP,FMN,FMD
<<<<<<<< HEAD:features/17/f7946b9a-de6a-426b-b6a7-2cb2cc66d021-o8p1.csv
0.034488612383852986,0.025430937694753752,151.56838866073235,0.0011823027189742008,62.583840164350306,2416,63.668323266188864,63.08724832214765
========
0.034488612383852986,0.025430937694753752,151.56838866073235,0.0011823027189742008,62.583840164350306,2416,62.90622854197557,62.24832214765101
>>>>>>>> devP:features/17/01ef9dea-14ef-45d3-9745-3c30827f6751-o8p1.csv
