RMS,MAV,IEMG,VAR,WL,WAMP,FMN,FMD
<<<<<<<< HEAD:features/17/0fb470a6-f2a9-43d4-ac23-bf2b5d7d9d9b-o1p4.csv
0.15095815652601868,0.13605310350679056,793.0535403410822,0.005729375935080885,106.37584130242956,3330,63.68852028334196,64.33350488934637
========
0.15095815652601868,0.13605310350679056,793.0535403410822,0.005729375935080885,106.37584130242956,3330,9.157332616357767,0.0
>>>>>>>> devP:features/17/02fe2d77-5045-40a0-8989-6d0d8ae651ec-o1p4.csv
