RMS,MAV,IEMG,VAR,WL,WAMP,FMN,FMD
<<<<<<<< HEAD:features/17/1c49b2a8-d004-4bd4-8966-c8a63ba04e2f-o10p1.csv
0.1618200382385721,0.16089362821187578,681.5454091055058,0.0003004867311580375,17.91905446109582,358,61.49772132022483,62.08687440982059
========
0.1618200382385721,0.16089362821187578,681.5454091055058,0.0003004867311580375,17.91905446109582,358,0.35488594787683464,0.0
>>>>>>>> devP:features/17/0623d26f-6e0a-4a07-af1e-83f745e32513-o10p1.csv
