RMS,MAV,IEMG,VAR,WL,WAMP,FMN,FMD
<<<<<<<< HEAD:features/17/061b6939-220c-4ae3-a10a-1f6c88712027-o11p2.csv
0.08897627329356353,0.0723762134306446,537.7552657896894,0.004078858707603734,115.85297987737887,3437,63.20830638033595,63.52624495289368
========
0.08897627329356353,0.0723762134306446,537.7552657896894,0.004078858707603734,115.85297987737887,3437,21.93317101736028,0.0
>>>>>>>> devP:features/17/07a6fe42-dfcd-493a-90d4-f7ee872c3fe9-o11p2.csv
