RMS,MAV,IEMG,VAR,WL,WAMP,FMN,FMD
0.08897627329356353,0.0723762134306446,537.7552657896894,0.004078858707603734,115.85297987737887,3437,21.93317101736028,0.0
