RMS,MAV,IEMG,VAR,WL,WAMP,FMN,FMD
0.15095815652601868,0.13605310350679056,793.0535403410822,0.005729375935080885,106.37584130242956,3330,63.68852028334196,64.33350488934637
