RMS,MAV,IEMG,VAR,WL,WAMP,FMN,FMD
0.0479694566097381,0.033947421027799296,203.2771571144622,0.0016512142638327525,59.54591749880621,2081,60.7515053909319,61.62324649298596
