RMS,MAV,IEMG,VAR,WL,WAMP,FMN,FMD
<<<<<<<< HEAD:features/17/5672c957-2295-4553-8053-f0197ba2f208-o7p1.csv
0.12562985039667168,0.11099834885243559,581.8533446844674,0.004459951631087694,88.75598927442665,2925,61.132926653349,57.23006486074018
========
0.12562985039667168,0.11099834885243559,581.8533446844674,0.004459951631087694,88.75598927442665,2925,10.058742643318952,0.0
>>>>>>>> devP:features/17/1abb615b-f142-4566-a39c-1d4a7152919f-o7p1.csv
