RMS,MAV,IEMG,VAR,WL,WAMP,FMN,FMD
0.1618200382385721,0.16089362821187578,681.5454091055058,0.0003004867311580375,17.91905446109582,358,61.49772132022483,62.08687440982059
