RMS,MAV,IEMG,VAR,WL,WAMP,FMN,FMD
0.15174466811869083,0.09802634128281136,588.4521267207166,0.02299917111566466,249.0786721945269,4474,64.87909743885785,66.1335998667333
