RMS,MAV,IEMG,VAR,WL,WAMP,FMN,FMD
0.06156267175245144,0.05351166062387443,302.8224874705054,0.001190232912034931,55.36374785640387,2026,0.1423060437915662,0.0
