RMS,MAV,IEMG,VAR,WL,WAMP,FMN,FMD
<<<<<<<< HEAD:features/17/0dffe1d8-357f-4a42-955f-67843c63c17c-o1p5.csv
0.08969345290258102,0.06839620854094534,366.60367777946703,0.004381705859811122,74.26619272773294,2287,63.54036769725211,69.58955223880596
========
0.08969345290258102,0.06839620854094534,366.60367777946703,0.004381705859811122,74.26619272773294,2287,23.779657369149586,0.0
>>>>>>>> devP:features/17/1f0ea11e-d5c6-401f-b21d-1f1c0e8ca255-o1p5.csv
