RMS,MAV,IEMG,VAR,WL,WAMP,FMN,FMD
0.08969345290258102,0.06839620854094534,366.60367777946703,0.004381705859811122,74.26619272773294,2287,23.779657369149586,0.0
