RMS,MAV,IEMG,VAR,WL,WAMP,FMN,FMD
0.03208469302406762,0.02401313971208972,145.73574491267252,0.0010258150820775494,49.30782254161366,1829,50.993296444165765,47.61904761904762
