RMS,MAV,IEMG,VAR,WL,WAMP,FMN,FMD
<<<<<<<< HEAD:features/17/212a97d3-e300-4686-baae-4a06694bf02b-o5p5.csv
0.03208469302406762,0.02401313971208972,145.73574491267252,0.0010258150820775494,49.30782254161366,1829,50.993296444165765,47.61904761904762
========
0.03208469302406762,0.02401313971208972,145.73574491267252,0.0010258150820775494,49.30782254161366,1829,50.63665884657582,47.28950403690888
>>>>>>>> devP:features/17/b94e2f99-e1cd-4a17-8ad8-57a3c8bb1a20-o5p5.csv
