RMS,MAV,IEMG,VAR,WL,WAMP,FMN,FMD
<<<<<<<< HEAD:features/17/06b56437-7860-4267-9ad6-561182718578-o5p4.csv
0.1351397910683672,0.1302991706572314,405.7516174266186,0.0013811452826405207,29.80865185606614,1128,56.39044391367892,52.02312138728324
========
0.1351397910683672,0.1302991706572314,405.7516174266186,0.0013811452826405207,29.80865185606614,1128,2.2160983136229175,0.0
>>>>>>>> devP:features/17/212d2b91-c69c-4077-ba0d-3ff4d90f7917-o5p4.csv
