RMS,MAV,IEMG,VAR,WL,WAMP,FMN,FMD
0.15743485128087914,0.1464891194711177,801.2954835070138,0.003733388870754747,94.50894660818136,3160,61.172259931479175,60.146252285191956
