RMS,MAV,IEMG,VAR,WL,WAMP,FMN,FMD
0.08209658472998367,0.04885315059033711,190.67384675408573,0.006318081023528461,69.22782421853574,2076,51.00821166476648,49.96156802459647
