RMS,MAV,IEMG,VAR,WL,WAMP,FMN,FMD
<<<<<<<< HEAD:features/17/7f691911-d062-482b-82de-e444d463c350-o9p1.csv
0.08209658472998367,0.04885315059033711,190.67384675408573,0.006318081023528461,69.22782421853574,2076,57.818393927292966,53.804765564950046
========
0.08209658472998367,0.04885315059033711,190.67384675408573,0.006318081023528461,69.22782421853574,2076,51.00821166476648,49.96156802459647
>>>>>>>> devP:features/17/2bc164ab-4748-4f8c-8d90-8d35ace7e61d-o9p1.csv
