RMS,MAV,IEMG,VAR,WL,WAMP,FMN,FMD
<<<<<<<< HEAD:features/17/82d52b52-4ef2-4bb9-99ec-a00e290fa959-o11p6.csv
0.07751224782528864,0.051102803292214366,144.21211089062894,0.0059210973650241925,55.92322602050239,1670,59.25436838212051,56.34301913536498
========
0.07751224782528864,0.051102803292214366,144.21211089062894,0.0059210973650241925,55.92322602050239,1670,57.5618356634197,55.988660524450744
>>>>>>>> devP:features/17/2c979db9-7581-48f1-99bb-7aaad514a124-o11p6.csv
