RMS,MAV,IEMG,VAR,WL,WAMP,FMN,FMD
<<<<<<<< HEAD:features/17/4510a9d9-1cc8-4220-b419-369f94a1164a-o4p2.csv
0.13372767780331646,0.12917066231860547,694.9381632740974,0.0012600230178814347,55.98777011142931,2047,65.60202205756426,65.61338289962826
========
0.13372767780331646,0.12917066231860547,694.9381632740974,0.0012600230178814347,55.98777011142931,2047,2.395515992610004,0.0
>>>>>>>> devP:features/17/2f07413b-27fb-4c34-a5c2-2465a10e2066-o4p2.csv
