RMS,MAV,IEMG,VAR,WL,WAMP,FMN,FMD
<<<<<<<< HEAD:features/17/3bdb1aa7-7b71-46fb-b5be-89de62bd795e-o3p1.csv
0.1252212623666283,0.10669283126065512,658.4014617095028,0.006116285114660973,126.71664686021893,3536,65.91917197751135,67.25004051207259
========
0.1252212623666283,0.10669283126065512,658.4014617095028,0.006116285114660973,126.71664686021893,3536,15.97105686355231,0.0
>>>>>>>> devP:features/17/3332bb69-fdb2-4565-8a56-a11c06aeef7b-o3p1.csv
