RMS,MAV,IEMG,VAR,WL,WAMP,FMN,FMD
<<<<<<<< HEAD:features/17/cdff1d3f-b8e1-4db0-a45e-406f61beac07-o3p5.csv
0.12590059331185924,0.08241829249888567,498.7955062032561,0.013793262414471045,184.4946670203979,4245,68.03579608836677,69.39854593522801
========
0.12590059331185924,0.08241829249888567,498.7955062032561,0.013793262414471045,184.4946670203979,4245,52.40122895223486,60.14540647719762
>>>>>>>> devP:features/17/3585c4e9-91df-42e1-a7e3-ff24496181fa-o3p5.csv
