RMS,MAV,IEMG,VAR,WL,WAMP,FMN,FMD
<<<<<<<< HEAD:features/17/62917b4f-f7c8-49bb-a9aa-63b056e9107b-o5p1.csv
0.03387639398757711,0.032951809921219495,195.2394737832255,6.887239707089392e-05,14.481992881047182,86,63.007489078652185,61.77215189873417
========
0.03387639398757711,0.032951809921219495,195.2394737832255,6.887239707089392e-05,14.481992881047182,86,1.9491460045271112,0.0
>>>>>>>> devP:features/17/376511b7-4ca1-4cba-91f8-7d28941f94a8-o5p1.csv
