RMS,MAV,IEMG,VAR,WL,WAMP,FMN,FMD
0.13010125008869491,0.11534529833615176,731.5198820478745,0.004189153319013978,118.7017559017024,3869,0.03487846201220173,0.0
