RMS,MAV,IEMG,VAR,WL,WAMP,FMN,FMD
<<<<<<<< HEAD:features/17/97461eda-2e1c-47e2-9025-5070ebf6e596-o6p1.csv
0.13010125008869491,0.11534529833615176,731.5198820478745,0.004189153319013978,118.7017559017024,3869,60.20145503357006,55.18763796909492
========
0.13010125008869491,0.11534529833615176,731.5198820478745,0.004189153319013978,118.7017559017024,3869,8.501794523346629,0.0
>>>>>>>> devP:features/17/3b36eb1f-4f67-446e-96ce-9e5d4efcf1d7-o6p1.csv
