RMS,MAV,IEMG,VAR,WL,WAMP,FMN,FMD
0.06873697159716938,0.0592722034829795,360.43426937999834,0.0015054228876455907,65.2628988444061,2470,57.62827378415887,53.774050320670945
