RMS,MAV,IEMG,VAR,WL,WAMP,FMN,FMD
<<<<<<<< HEAD:features/18/0008e780-8c45-4d81-8ec0-b406c2bcbb1a-o10p4.csv
0.07817310640672798,0.06759768244130122,560.790373533035,0.0022804000083991574,108.25659389308336,3647,65.04935867048572,64.97107039537127
========
0.09614741404862384,0.08152061073849445,454.31436364562956,0.004135872436840846,90.84038611399838,2997,16.881718812161917,0.0
>>>>>>>> devP:features/17/421bd5ce-efed-42d9-9976-2e2631cf1526-o11p4.csv
