RMS,MAV,IEMG,VAR,WL,WAMP,FMN,FMD
<<<<<<<< HEAD:features/17/64e819f9-6c4d-45ea-85d7-fd4b4113e45d-o11p3.csv
0.07776408354497516,0.05309203973168771,307.9869224835204,0.005355645497558723,112.4795596182691,3331,61.46483783456625,61.36872952939149
========
0.07776408354497516,0.05309203973168771,307.9869224835204,0.005355645497558723,112.4795596182691,3331,48.84860166104045,50.50853301154973
>>>>>>>> devP:features/17/429c41dc-a5b3-4cf3-8cc1-afd8cc894058-o11p3.csv
