RMS,MAV,IEMG,VAR,WL,WAMP,FMN,FMD
0.07303256436379271,0.052311937863009625,306.80951556655145,0.003668054083306032,74.89071792210258,2424,29.396106340659156,26.08695652173913
