RMS,MAV,IEMG,VAR,WL,WAMP,FMN,FMD
<<<<<<<< HEAD:features/17/68342190-62fd-4e53-9ce3-03113649b2bb-o11p1.csv
0.07303256436379271,0.052311937863009625,306.80951556655145,0.003668054083306032,74.89071792210258,2424,56.09425943057769,53.53793691389599
========
0.07303256436379271,0.052311937863009625,306.80951556655145,0.003668054083306032,74.89071792210258,2424,29.396106340659156,26.08695652173913
>>>>>>>> devP:features/17/438e2ca1-a879-4c37-9eea-f2c1e67363a8-o11p1.csv
