RMS,MAV,IEMG,VAR,WL,WAMP,FMN,FMD
<<<<<<<< HEAD:features/17/43af3b3e-fb95-46c8-b3d8-719654e6c658-o7p4.csv
0.06649719024327562,0.06053264299022068,64.4067321415948,0.0008282626114636997,10.432141088314854,412,70.9345080557556,71.42857142857143
========
0.06649719024327562,0.06053264299022068,64.4067321415948,0.0008282626114636997,10.432141088314854,412,7.329889176822956,0.0
>>>>>>>> devP:features/17/dda5f7bb-4263-4fd1-8762-f8e92fceca87-o7p4.csv
