RMS,MAV,IEMG,VAR,WL,WAMP,FMN,FMD
0.06649719024327562,0.06053264299022068,64.4067321415948,0.0008282626114636997,10.432141088314854,412,70.9345080557556,71.42857142857143
