RMS,MAV,IEMG,VAR,WL,WAMP,FMN,FMD
<<<<<<<< HEAD:features/17/44f7ec38-f465-44c3-a9f5-dc42f99378f4-o3p3.csv
0.09548715737204348,0.06737775282718159,371.79044010038797,0.008879742727482058,159.53124813008014,3816,68.52541233158102,69.77165639724538
========
0.09548715737204348,0.06737775282718159,371.79044010038797,0.008879742727482058,159.53124813008014,3816,65.03822958788436,67.41573033707866
>>>>>>>> devP:features/17/512e00eb-c546-4194-a857-02df12dace8a-o3p3.csv
