RMS,MAV,IEMG,VAR,WL,WAMP,FMN,FMD
0.10985718715990814,0.09623374415544733,569.3188304236264,0.0034630054366575494,92.06856786658966,2945,62.200682388895025,60.3448275862069
