RMS,MAV,IEMG,VAR,WL,WAMP,FMN,FMD
0.10943075270903752,0.056153592738607344,183.06071232785993,0.011802191095672893,70.56113477035206,1895,55.367435113955054,47.852760736196316
