RMS,MAV,IEMG,VAR,WL,WAMP,FMN,FMD
0.12562985039667168,0.11099834885243559,581.8533446844674,0.004459951631087694,88.75598927442665,2925,-0.6467551185205362,0.0
