RMS,MAV,IEMG,VAR,WL,WAMP,FMN,FMD
0.06623723380635883,0.0520202559714791,302.497788474151,0.0025895940179434746,95.56011481509648,3254,71.74655115951387,74.29062768701634
