RMS,MAV,IEMG,VAR,WL,WAMP,FMN,FMD
0.11218305120635812,0.10503602403996835,584.5254737824239,0.001895520915184363,68.59239521549986,2513,4.980536772221284,0.0
