RMS,MAV,IEMG,VAR,WL,WAMP,FMN,FMD
<<<<<<<< HEAD:features/17/2adf4f98-bdb9-4fb9-9194-5300063d4604-o10p3.csv
0.11218305120635812,0.10503602403996835,584.5254737824239,0.001895520915184363,68.59239521549986,2513,61.15457041274974,61.09613656783468
========
0.11218305120635812,0.10503602403996835,584.5254737824239,0.001895520915184363,68.59239521549986,2513,4.980536772221284,0.0
>>>>>>>> devP:features/17/58121c5a-9b84-43ec-93e7-54910feaca51-o10p3.csv
