RMS,MAV,IEMG,VAR,WL,WAMP,FMN,FMD
<<<<<<<< HEAD:features/17/de377954-bafc-493d-8075-9d236593b149-o2p3.csv
0.06156267175245144,0.05351166062387443,302.8224874705054,0.001190232912034931,55.36374785640387,2026,63.49672471214473,65.20586676091182
========
0.06156267175245144,0.05351166062387443,302.8224874705054,0.001190232912034931,55.36374785640387,2026,11.82778281919396,0.0
>>>>>>>> devP:features/17/59979eef-4d21-4228-b349-da04210adc1f-o2p3.csv
