RMS,MAV,SSI,IEMG,VAR,WL,WAMP
0.0026010340479233514,0.002110247099082385,0.0010148067177684803,0.3165370648623578,6.593781863807284e-06,0.15439909383769396,69
0.002875561219133864,0.002220446461566397,0.001240327848747995,0.3330669692349596,8.037536283970358e-06,0.14339696740388977,78
0.001974266103844349,0.0015605778793183396,0.000584658997318312,0.23408668189775095,3.6512171218635294e-06,0.1004947027065524,75
0.0019049555441360854,0.0014965753362221083,0.0005443283437702214,0.22448630043331624,3.3389989647571837e-06,0.08657642885046163,72
0.0018260800889136745,0.0014895453803081779,0.000500185273669046,0.22343180704622667,3.132112177277196e-06,0.0991272616223309,79
0.002209082438630547,0.0017393203142802764,0.0007320067830998826,0.26089804714204146,4.638601264162942e-06,0.12365835524712529,71
0.002285689412413169,0.0018678333201322917,0.0007836564135026489,0.28017499801984375,5.053400991201558e-06,0.1304939393051527,70
0.0019602944510875545,0.0016037695467756312,0.0005764131502446983,0.24056543201634467,3.5952909843691726e-06,0.10027394675472151,76
