RMS,MAV,IEMG,VAR,WL,WAMP,FMN,FMD
0.10943075270903752,0.056153592738607344,183.06071232785993,0.011802191095672893,70.56113477035206,1895,40.35437855011177,47.54601226993865
