RMS,MAV,IEMG,VAR,WL,WAMP,FMN,FMD
0.033753125405738216,0.023529977856998813,128.6854488999265,0.00110989774322959,53.38649312832791,2062,65.40424830798314,67.10550374840007
