RMS,MAV,IEMG,VAR,WL,WAMP,FMN,FMD
<<<<<<<< HEAD:features/17/bb7eefca-8a6e-4661-a41b-a4112bc09c43-o1p6.csv
0.07832176490474627,0.06157100647685446,375.9525655476734,0.0038624223483717675,122.63414890821652,3896,67.07363024082248,68.948575171962
========
0.07832176490474627,0.06157100647685446,375.9525655476734,0.0038624223483717675,122.63414890821652,3896,30.818615762167198,0.0
>>>>>>>> devP:features/17/5f689729-5881-477a-84c8-c4e332f32022-o1p6.csv
