RMS,MAV,IEMG,VAR,WL,WAMP,FMN,FMD
0.08740211117981592,0.06085840778712223,354.500225359987,0.005596573166688219,111.03944911462975,3406,63.81456941828919,63.00429184549356
