RMS,MAV,IEMG,VAR,WL,WAMP,FMN,FMD
<<<<<<<< HEAD:features/17/5d723825-95ad-4ba4-94de-3dce5eae3114-o8p6.csv
0.033753125405738216,0.023529977856998813,128.6854488999265,0.00110989774322959,53.38649312832791,2062,65.40424830798314,67.10550374840007
========
0.033753125405738216,0.023529977856998813,128.6854488999265,0.00110989774322959,53.38649312832791,2062,62.11618269785783,66.00841104406655
>>>>>>>> devP:features/17/607bc36b-df77-4791-89ea-7dfd98638900-o8p6.csv
