RMS,MAV,IEMG,VAR,WL,WAMP,FMN,FMD
0.10565438031736446,0.0852716250426578,515.8933315080797,0.006953130143291587,130.18205242779894,3402,-0.8936301693652415,0.0
