RMS,MAV,IEMG,VAR,WL,WAMP,FMN,FMD
<<<<<<<< HEAD:features/17/38e3577b-cc7b-4f6c-869d-2d1121ee34e6-o9p3.csv
0.04791812281510083,0.03020102716885864,166.10564942872253,0.002214892838689121,63.82606134220045,2204,57.437361908472795,52.0
========
0.04791812281510083,0.03020102716885864,166.10564942872253,0.002214892838689121,63.82606134220045,2204,53.51122820348516,50.18181818181818
>>>>>>>> devP:features/17/61bb1087-5b30-4380-8d81-84162ea0bde9-o9p3.csv
