RMS,MAV,IEMG,VAR,WL,WAMP,FMN,FMD
0.03387639398757711,0.032951809921219495,195.2394737832255,6.887239707089392e-05,14.481992881047182,86,63.007489078652185,61.77215189873417
