RMS,MAV,IEMG,VAR,WL,WAMP,FMN,FMD
0.07776408354497516,0.05309203973168771,307.9869224835204,0.005355645497558723,112.4795596182691,3331,61.46483783456625,61.36872952939149
