RMS,MAV,IEMG,VAR,WL,WAMP,FMN,FMD
<<<<<<<< HEAD:features/17/dd0ce968-3dd0-4c97-9900-3e1c2f299edc-o2p2.csv
0.07407243284598267,0.06506905017954386,367.5099954140637,0.001550215216067857,61.88362787771585,2334,60.62970821498473,58.60481586402267
========
0.07407243284598267,0.06506905017954386,367.5099954140637,0.001550215216067857,61.88362787771585,2334,9.974185426673879,0.0
>>>>>>>> devP:features/17/66714a66-bf99-49d1-92ac-30d9d21863ff-o2p2.csv
