RMS,MAV,IEMG,VAR,WL,WAMP,FMN,FMD
0.04611979793811827,0.04538636268201272,115.82599756449645,6.71138443496619e-05,6.60161268060904,18,0.9911571382189989,0.0
