RMS,MAV,IEMG,VAR,WL,WAMP,FMN,FMD
<<<<<<<< HEAD:features/17/a956118e-5c29-4f7a-afa9-a641d72659c1-o5p2.csv
0.04611979793811827,0.04538636268201272,115.82599756449645,6.71138443496619e-05,6.60161268060904,18,61.83420876050237,61.12852664576803
========
0.04611979793811827,0.04538636268201272,115.82599756449645,6.71138443496619e-05,6.60161268060904,18,0.9911571382189989,0.0
>>>>>>>> devP:features/17/678f1749-cd40-4c60-b678-c446bb26ba58-o5p2.csv
