RMS,MAV,IEMG,VAR,WL,WAMP,FMN,FMD
<<<<<<<< HEAD:features/17/6836d1de-eab9-41f2-8e79-97e74c17d685-o9p6.csv
0.1329709241895884,0.1273653134416755,214.2284572088982,0.0017893215582178155,17.80668392403313,519,60.74584181150697,58.85850178359097
========
0.1329709241895884,0.1273653134416755,214.2284572088982,0.0017893215582178155,17.80668392403313,519,3.237518449051203,0.0
>>>>>>>> devP:features/17/9d195920-d804-45a9-8f58-2126039151c9-o9p6.csv
