RMS,MAV,IEMG,VAR,WL,WAMP,FMN,FMD
0.0930905673183898,0.05309866024021951,282.90966175988956,0.008654366836883138,114.40453529193243,3007,71.27100709804843,31.156156156156154
