RMS,MAV,IEMG,VAR,WL,WAMP,FMN,FMD
0.060660072931874774,0.045415537814702214,269.49580139244296,0.002596814081244624,73.40734578636662,2638,56.84042594399549,55.61172901921132
