RMS,MAV,IEMG,VAR,WL,WAMP,FMN,FMD
0.1252212623666283,0.10669283126065512,658.4014617095028,0.006116285114660973,126.71664686021893,3536,1.424623807298501,0.0
