RMS,MAV,IEMG,VAR,WL,WAMP,FMN,FMD
0.09957449875625654,0.06799757757731703,379.2224901486971,0.007231232098346046,107.33896506188808,3108,-1.0893713978260067,0.0
