RMS,MAV,IEMG,VAR,WL,WAMP,FMN,FMD
0.06623723380635883,0.0520202559714791,302.497788474151,0.0025895940179434746,95.56011481509648,3254,30.038801283269855,0.0
