RMS,MAV,IEMG,VAR,WL,WAMP,FMN,FMD
0.025278271937803746,0.023153935877384416,19.6113836881446,0.00010554701369645396,2.817796681405661,18,-0.04799668062824382,0.0
