RMS,MAV,IEMG,VAR,WL,WAMP,FMN,FMD
<<<<<<<< HEAD:features/17/10044ddc-90fd-479d-9c97-b9f93a262a7a-o5p6.csv
0.0479694566097381,0.033947421027799296,203.2771571144622,0.0016512142638327525,59.54591749880621,2081,60.7515053909319,61.62324649298596
========
0.0479694566097381,0.033947421027799296,203.2771571144622,0.0016512142638327525,59.54591749880621,2081,33.994023424845196,32.398129592518366
>>>>>>>> devP:features/17/78b02c11-9a17-40d6-b0c0-9c4a931385a4-o5p6.csv
