RMS,MAV,IEMG,VAR,WL,WAMP,FMN,FMD
0.08740211117981592,0.06085840778712223,354.500225359987,0.005596573166688219,111.03944911462975,3406,-0.756151194619344,0.0
