RMS,MAV,IEMG,VAR,WL,WAMP,FMN,FMD
0.06207365760910449,0.05102566172987875,237.32035270566607,0.0016617653976477905,53.088015592831624,1991,18.346647322458978,0.0
