RMS,MAV,IEMG,VAR,WL,WAMP,FMN,FMD
<<<<<<<< HEAD:features/17/cd56c441-d32f-4a96-9591-363a7879a8ab-o6p4.csv
0.06207365760910449,0.05102566172987875,237.32035270566607,0.0016617653976477905,53.088015592831624,1991,66.73417316907685,62.56718985164481
========
0.06207365760910449,0.05102566172987875,237.32035270566607,0.0016617653976477905,53.088015592831624,1991,18.346647322458978,0.0
>>>>>>>> devP:features/17/81477db2-b648-4f88-a844-06915d87e8d1-o6p4.csv
