RMS,MAV,IEMG,VAR,WL,WAMP,FMN,FMD
<<<<<<<< HEAD:features/17/80606424-4cc7-4974-b6ef-057fc6eea28b-o10p2.csv
0.04537439325796784,0.03465389975477557,208.26993752620118,0.0013449406953733392,61.657393509890355,2272,62.309714695257014,61.23128119800334
========
0.04537439325796784,0.03465389975477557,208.26993752620118,0.0013449406953733392,61.657393509890355,2272,30.223952002511947,0.0
>>>>>>>> devP:features/17/818112f6-6c65-43fc-8650-3b6ec88f78dd-o10p2.csv
