RMS,MAV,IEMG,VAR,WL,WAMP,FMN,FMD
<<<<<<<< HEAD:features/17/21a2b8bd-f471-4e61-b547-d05aac17b32c-o6p2.csv
0.15743485128087914,0.1464891194711177,801.2954835070138,0.003733388870754747,94.50894660818136,3160,61.172259931479175,60.146252285191956
========
0.15743485128087914,0.1464891194711177,801.2954835070138,0.003733388870754747,94.50894660818136,3160,4.982319374445132,0.0
>>>>>>>> devP:features/17/81c065a4-de72-44f2-bbb3-566e16e20e96-o6p2.csv
