RMS,MAV,IEMG,VAR,WL,WAMP,FMN,FMD
0.07751224782528864,0.051102803292214366,144.21211089062894,0.0059210973650241925,55.92322602050239,1670,59.25436838212051,56.34301913536498
