RMS,MAV,IEMG,VAR,WL,WAMP,FMN,FMD
<<<<<<<< HEAD:features/17/861dc1ea-50ab-43a5-ae3d-792bca25303b-o3p6.csv
0.15174466811869083,0.09802634128281136,588.4521267207166,0.02299917111566466,249.0786721945269,4474,65.03296904876247,66.1335998667333
========
0.15174466811869083,0.09802634128281136,588.4521267207166,0.02299917111566466,249.0786721945269,4474,64.87909743885785,66.1335998667333
>>>>>>>> devP:features/17/1d5cdb31-8cd2-4920-850e-1d4b36de80d3-o3p6.csv
