RMS,MAV,IEMG,VAR,WL,WAMP,FMN,FMD
<<<<<<<< HEAD:features/17/9ea9ad17-56f4-4685-a5bc-af455e047a74-o8p5.csv
0.026025469297819678,0.01876185997082301,107.16774415334103,0.0006165774509745923,42.61779285204893,1522,64.78919680936815,62.67507002801121
========
0.026025469297819678,0.01876185997082301,107.16774415334103,0.0006165774509745923,42.61779285204893,1522,54.12415393469522,57.42296918767507
>>>>>>>> devP:features/17/8638b098-c632-44bd-89fd-879468b98758-o8p5.csv
