RMS,MAV,IEMG,VAR,WL,WAMP,FMN,FMD
<<<<<<<< HEAD:features/17/d27aa86f-a4b6-4ba5-84df-4172394f81eb-o6p6.csv
0.054693311387800314,0.03172278644767582,176.7593660864497,0.0028552399103164215,71.6475416197544,2459,66.41643342641308,70.17229002153626
========
0.054693311387800314,0.03172278644767582,176.7593660864497,0.0028552399103164215,71.6475416197544,2459,60.63509640074116,68.55707106963388
>>>>>>>> devP:features/17/863c9850-0a12-4987-b6bf-3ffbbb6cdd8b-o6p6.csv
