RMS,MAV,IEMG,VAR,WL,WAMP,FMN,FMD
0.10142829717732388,0.08302136228526356,498.37723779843714,0.004902423085538288,109.26359483364658,3225,19.056814426853027,0.0
