RMS,MAV,IEMG,VAR,WL,WAMP,FMN,FMD
<<<<<<<< HEAD:features/17/9bd27433-6609-4e7f-baaa-d6087f267341-o1p3.csv
0.09957449875625654,0.06799757757731703,379.2224901486971,0.007231232098346046,107.33896506188808,3108,59.20652167146163,57.55782678859602
========
0.09957449875625654,0.06799757757731703,379.2224901486971,0.007231232098346046,107.33896506188808,3108,33.98194264932747,39.806347498655185
>>>>>>>> devP:features/17/8a6e241a-b7e2-471c-b8bd-63333012fe13-o1p3.csv
