RMS,MAV,IEMG,VAR,WL,WAMP,FMN,FMD
0.07408505209953796,0.06662302745727557,176.3511536794084,0.0011500488869648623,30.917776722319537,1241,-0.24916568985811552,0.0
