RMS,MAV,IEMG,VAR,WL,WAMP,FMN,FMD
<<<<<<<< HEAD:features/17/fbf1dc95-9231-41bd-ac91-11faf35c2ba5-o7p6.csv
0.07408505209953796,0.06662302745727557,176.3511536794084,0.0011500488869648623,30.917776722319537,1241,68.65896581384536,70.64601435587457
========
0.07408505209953796,0.06662302745727557,176.3511536794084,0.0011500488869648623,30.917776722319537,1241,8.035009083165953,0.0
>>>>>>>> devP:features/17/8e1f0670-9f8a-46f4-891f-8d716caa3beb-o7p6.csv
