RMS,MAV,IEMG,VAR,WL,WAMP,FMN,FMD
0.10356682895523339,0.0997048460349288,593.9417678300708,0.000815049528004717,54.46523304649941,2090,2.7239057052589266,0.0
