RMS,MAV,IEMG,VAR,WL,WAMP,FMN,FMD
<<<<<<<< HEAD:features/17/e6eda7a9-f436-4909-a1df-81432f765f2b-o4p3.csv
0.10356682895523339,0.0997048460349288,593.9417678300708,0.000815049528004717,54.46523304649941,2090,68.96953489543483,70.67315762967937
========
0.10356682895523339,0.0997048460349288,593.9417678300708,0.000815049528004717,54.46523304649941,2090,2.7239057052589266,0.0
>>>>>>>> devP:features/17/919edc5c-e937-4175-b8ba-26c31c4ce828-o4p3.csv
