RMS,MAV,IEMG,VAR,WL,WAMP,FMN,FMD
0.09614741404862384,0.08152061073849445,454.31436364562956,0.004135872436840846,90.84038611399838,2997,-0.2346978933276867,0.0
