RMS,MAV,IEMG,VAR,WL,WAMP,FMN,FMD
0.07776408354497516,0.05309203973168771,307.9869224835204,0.005355645497558723,112.4795596182691,3331,5.618879771862433,50.50853301154973
