RMS,MAV,IEMG,VAR,WL,WAMP,FMN,FMD
<<<<<<<< HEAD:features/17/3c831c10-8ba4-4395-8ecb-b5d85a3d05bc-o7p3.csv
0.06873697159716938,0.0592722034829795,360.43426937999834,0.0015054228876455907,65.2628988444061,2470,57.62827378415887,53.774050320670945
========
0.06873697159716938,0.0592722034829795,360.43426937999834,0.0015054228876455907,65.2628988444061,2470,10.92064649704379,0.0
>>>>>>>> devP:features/17/96973308-3c37-44c1-8e5b-f05cbb0a6683-o7p3.csv
