RMS,MAV,IEMG,VAR,WL,WAMP,FMN,FMD
<<<<<<<< HEAD:features/17/a36542d8-fe63-4383-b7e8-c858ab2518ee-o4p4.csv
0.04486290213462516,0.03433519730099891,211.88250254446427,0.0012066593226832355,62.83982924155563,2350,65.55097237348656,68.87052341597796
========
0.04486290213462516,0.03433519730099891,211.88250254446427,0.0012066593226832355,62.83982924155563,2350,28.061756694758746,0.0
>>>>>>>> devP:features/17/987e0f52-20ff-49fa-9961-7046d00be6f2-o4p4.csv
