RMS,MAV,IEMG,VAR,WL,WAMP,FMN,FMD
<<<<<<<< HEAD:features/17/aed27a9b-9c7f-4b1e-9f14-9cc45caf67dc-o10p4.csv
0.10739326607437284,0.08481377306005053,538.0585762929605,0.007707078504065556,135.14868810021275,2796,66.4592207209162,67.46532156368222
========
0.10739326607437284,0.08481377306005053,538.0585762929605,0.007707078504065556,135.14868810021275,2796,33.34775273022403,19.388398486759144
>>>>>>>> devP:features/17/9902e9fa-ae69-4327-8ee0-87e3930983d9-o10p4.csv
