RMS,MAV,IEMG,VAR,WL,WAMP,FMN,FMD
0.07940994618794184,0.07174779280667919,403.58133453757046,0.0012324444411147063,62.12887753108243,2540,6.742067364323855,0.0
