RMS,MAV,IEMG,VAR,WL,WAMP,FMN,FMD
<<<<<<<< HEAD:features/18/8e441c1a-e3a5-440c-b7d9-8dc92cb8f384-o4p6.csv
0.04691372855385791,0.04287722556805553,21.48149000959582,0.00043550266756182265,3.216181184410057,99,69.12388597071445,67.86427145708582
========
0.07940994618794184,0.07174779280667919,403.58133453757046,0.0012324444411147063,62.12887753108243,2540,6.742067364323855,0.0
>>>>>>>> devP:features/17/9c83490b-7c37-4d80-b35c-ed080bd97a80-o8p3.csv
