RMS,MAV,IEMG,VAR,WL,WAMP,FMN,FMD
0.026025469297819678,0.01876185997082301,107.16774415334103,0.0006165774509745923,42.61779285204893,1522,64.78919680936815,62.67507002801121
