RMS,MAV,IEMG,VAR,WL,WAMP,FMN,FMD
<<<<<<<< HEAD:features/17/a35d226d-0360-4a7b-9bc9-ab9ad5a5205b-o11p4.csv
0.09614741404862384,0.08152061073849445,454.31436364562956,0.004135872436840846,90.84038611399838,2997,58.584873300860494,55.80477301273999
========
0.07817310640672798,0.06759768244130122,560.790373533035,0.0022804000083991574,108.25659389308336,3647,14.920890684197884,0.0
>>>>>>>> devP:features/18/e29290d5-dc2d-4b94-a7b3-bc3c61219740-o10p4.csv
