RMS,MAV,IEMG,VAR,WL,WAMP,FMN,FMD
0.04486290213462516,0.03433519730099891,211.88250254446427,0.0012066593226832355,62.83982924155563,2350,65.55097237348656,68.87052341597796
