RMS,MAV,IEMG,VAR,WL,WAMP,FMN,FMD
0.04537439325796784,0.03465389975477557,208.26993752620118,0.0013449406953733392,61.657393509890355,2272,-5.271571661817194,0.0
