RMS,MAV,IEMG,VAR,WL,WAMP,FMN,FMD
0.09928987417333447,0.07714662044451966,409.7257011808439,0.007744736710351708,142.552384033786,3786,62.662691892272896,62.51176802861985
