RMS,MAV,IEMG,VAR,WL,WAMP,FMN,FMD
0.1329709241895884,0.1273653134416755,214.2284572088982,0.0017893215582178155,17.80668392403313,519,-0.07017428161976967,0.0
