RMS,MAV,IEMG,VAR,WL,WAMP,FMN,FMD
0.13372767780331646,0.12917066231860547,694.9381632740974,0.0012600230178814347,55.98777011142931,2047,-0.137094639626392,0.0
