RMS,MAV,SSI,IEMG,VAR,WL,WAMP
0.004224269861354789,0.003177961873699521,0.0026766683792325613,0.47669428105492817,1.7535231104872067e-05,0.19122770041095388,70
0.0041393399481980744,0.003364788911255836,0.002570120281012266,0.5047183366883754,1.680507008700116e-05,0.21785744625972842,75
0.0031986920785130593,0.0025322491109367948,0.0015347446519713291,0.3798373666405192,1.0020867242345963e-05,0.12814833046848095,74
0.001866389588788005,0.0015879886351626699,0.0005225115145704388,0.23819829527440048,3.1587025004117636e-06,0.09009678870354929,76
0.0024097107179528055,0.0020274072688623475,0.000871005861632494,0.30411109032935213,5.62943951005512e-06,0.13816387744196765,75
0.0029068224724618967,0.0023880851792156747,0.0012674425329614243,0.3582127768823512,8.34153779516055e-06,0.18186381140688623,71
0.003038101969250117,0.0025430543308465376,0.0013845095363342157,0.38145814962698066,9.007434557921587e-06,0.16456091875516038,73
