RMS,MAV,IEMG,VAR,WL,WAMP,FMN,FMD
0.1351397910683672,0.1302991706572314,405.7516174266186,0.0013811452826405207,29.80865185606614,1128,-0.01920343558810303,0.0
