RMS,MAV,IEMG,VAR,WL,WAMP,FMN,FMD
0.04791812281510083,0.03020102716885864,166.10564942872253,0.002214892838689121,63.82606134220045,2204,103.95594448952511,0.0
