RMS,MAV,IEMG,VAR,WL,WAMP,FMN,FMD
0.06095455703727882,0.05039211376556736,61.528770907757746,0.00203482535745567,17.369284262954835,643,24.67637550589759,0.0
