RMS,MAV,IEMG,VAR,WL,WAMP,FMN,FMD
<<<<<<<< HEAD:features/17/dcdf284a-23a9-4818-9a55-bf94e32dc7df-o11p5.csv
0.06095455703727882,0.05039211376556736,61.528770907757746,0.00203482535745567,17.369284262954835,643,65.4385201347417,63.882063882063875
========
0.06095455703727882,0.05039211376556736,61.528770907757746,0.00203482535745567,17.369284262954835,643,24.67637550589759,0.0
>>>>>>>> devP:features/17/b7db6d85-8b47-4dd2-bdb8-f0c9eb0cde5d-o11p5.csv
