RMS,MAV,IEMG,VAR,WL,WAMP,FMN,FMD
<<<<<<<< HEAD:features/17/b86c6786-51ed-48b2-8188-ba4053f60083-o9p2.csv
0.10142829717732388,0.08302136228526356,498.37723779843714,0.004902423085538288,109.26359483364658,3225,60.92436068828484,59.30368149258704
========
0.10142829717732388,0.08302136228526356,498.37723779843714,0.004902423085538288,109.26359483364658,3225,19.056814426853027,0.0
>>>>>>>> devP:features/17/88afaa64-b22d-4d2d-90b9-663cc14bebb2-o9p2.csv
