RMS,MAV,IEMG,VAR,WL,WAMP,FMN,FMD
0.03557779818825689,0.02889521475200204,51.838015265091656,0.0007022910268895072,15.360465056374498,565,68.2247546008217,66.88963210702342
