RMS,MAV,IEMG,VAR,WL,WAMP,FMN,FMD
<<<<<<<< HEAD:features/17/9abfb2c3-00b1-486b-85b6-9568e6e984a0-o5p3.csv
0.025278271937803746,0.023153935877384416,19.6113836881446,0.00010554701369645396,2.817796681405661,18,64.46945519023876,66.11570247933884
========
0.025278271937803746,0.023153935877384416,19.6113836881446,0.00010554701369645396,2.817796681405661,18,5.80378287592994,0.0
>>>>>>>> devP:features/17/bb789e86-423c-4d07-be21-df1cb85afff1-o5p3.csv
