RMS,MAV,IEMG,VAR,WL,WAMP,FMN,FMD
0.07832176490474627,0.06157100647685446,375.9525655476734,0.0038624223483717675,122.63414890821652,3896,3.5004248494770103,0.0
