RMS,MAV,IEMG,VAR,WL,WAMP,FMN,FMD
<<<<<<<< HEAD:features/17/af6a0368-e5a6-4db1-923a-6336c6e6178b-o6p3.csv
0.09928987417333447,0.07714662044451966,409.7257011808439,0.007744736710351708,142.552384033786,3786,62.662691892272896,62.51176802861985
========
0.09928987417333447,0.07714662044451966,409.7257011808439,0.007744736710351708,142.552384033786,3786,40.53600658861139,45.942383731877236
>>>>>>>> devP:features/17/c1dd393b-d8c4-43b8-adfc-166235ec8707-o6p3.csv
