RMS,MAV,IEMG,VAR,WL,WAMP,FMN,FMD
0.1066754739126121,0.07382996301275384,475.6126217281602,0.009619189391315182,152.200338345426,3404,-10.309475431237304,53.71002794163304
