RMS,MAV,IEMG,VAR,WL,WAMP,FMN,FMD
0.09548715737204348,0.06737775282718159,371.79044010038797,0.008879742727482058,159.53124813008014,3816,37.43075934307926,0.0
