RMS,MAV,IEMG,VAR,WL,WAMP,FMN,FMD
0.09576605378282685,0.08873627215596883,508.1038943650775,0.001361993988181255,71.15011833266453,2790,68.20955893532474,70.55536150890674
