RMS,MAV,IEMG,VAR,WL,WAMP,FMN,FMD
<<<<<<<< HEAD:features/17/cd5750ae-0ed5-4d6f-bc98-ef375aa89f33-o4p1.csv
0.09576605378282685,0.08873627215596883,508.1038943650775,0.001361993988181255,71.15011833266453,2790,68.20955893532474,70.55536150890674
========
0.09576605378282685,0.08873627215596883,508.1038943650775,0.001361993988181255,71.15011833266453,2790,5.471111711019803,0.0
>>>>>>>> devP:features/17/afee62fd-bbd9-42ee-8e4a-0c50be2b9c89-o4p1.csv
