RMS,MAV,IEMG,VAR,WL,WAMP,FMN,FMD
<<<<<<<< HEAD:features/17/ca6a1ac2-61f3-4b80-aa83-77a60b7265fd-o6p5.csv
0.07934830632483704,0.06253257994996643,344.42945036441506,0.003165578062046734,76.2795348266872,2594,63.9258618383102,66.99346405228758
========
0.07934830632483704,0.06253257994996643,344.42945036441506,0.003165578062046734,76.2795348266872,2594,21.466862787842665,0.0
>>>>>>>> devP:features/17/cd719b49-2ffc-416b-8b91-88662d9c9ffb-o6p5.csv
