RMS,MAV,IEMG,VAR,WL,WAMP,FMN,FMD
0.07751224782528864,0.051102803292214366,144.21211089062894,0.0059210973650241925,55.92322602050239,1670,121.83187715241446,55.988660524450744
