RMS,MAV,IEMG,VAR,WL,WAMP,FMN,FMD
0.05534478160517688,0.03593923550950993,209.52574302044286,0.0030529675538127667,87.1354654817001,2892,63.56608755323966,63.12178387650086
