RMS,MAV,IEMG,VAR,WL,WAMP,FMN,FMD
<<<<<<<< HEAD:features/17/77a278a7-1d8a-40ef-8c56-0d81324fc913-o3p2.csv
0.05534478160517688,0.03593923550950993,209.52574302044286,0.0030529675538127667,87.1354654817001,2892,63.985727999182735,63.293310463121784
========
0.05534478160517688,0.03593923550950993,209.52574302044286,0.0030529675538127667,87.1354654817001,2892,63.56608755323966,63.12178387650086
>>>>>>>> devP:features/17/d0c0b6da-8cc1-49c6-9699-677cb6a28a04-o3p2.csv
