RMS,MAV,IEMG,VAR,WL,WAMP,FMN,FMD
<<<<<<<< HEAD:features/17/4df32371-f7eb-4f24-b126-5bd2e3c75351-o9p5.csv
0.10943075270903752,0.056153592738607344,183.06071232785993,0.011802191095672893,70.56113477035206,1895,55.367435113955054,47.852760736196316
========
0.10943075270903752,0.056153592738607344,183.06071232785993,0.011802191095672893,70.56113477035206,1895,53.79138137828588,47.54601226993865
>>>>>>>> devP:features/17/d0eca0b6-ea19-484a-b28f-384acb3465c1-o9p5.csv
