RMS,MAV,IEMG,VAR,WL,WAMP,FMN,FMD
<<<<<<<< HEAD:features/17/34d20073-a7e0-4cd6-a0cc-f2a5ba545002-o9p4.csv
0.11369301618147719,0.08771082619548128,359.7898090538642,0.007322559577473227,82.64804703444776,2356,60.08723604423749,58.02047781569966
========
0.11369301618147719,0.08771082619548128,359.7898090538642,0.007322559577473227,82.64804703444776,2356,23.74533737859591,0.0
>>>>>>>> devP:features/17/d189200c-40e2-4482-984e-7a47740822f1-o9p4.csv
