RMS,MAV,IEMG,VAR,WL,WAMP,FMN,FMD
0.11369301618147719,0.08771082619548128,359.7898090538642,0.007322559577473227,82.64804703444776,2356,23.74533737859591,0.0
