RMS,MAV,IEMG,VAR,WL,WAMP,FMN,FMD
0.054693311387800314,0.03172278644767582,176.7593660864497,0.0028552399103164215,71.6475416197544,2459,66.41643342641308,70.17229002153626
