RMS,MAV,IEMG,VAR,WL,WAMP,FMN,FMD
0.15120544651413062,0.14238470619104815,819.7087535418642,0.002653677819360767,88.32904441865196,3172,3.841020272043682,0.0
