RMS,MAV,IEMG,VAR,WL,WAMP,FMN,FMD
0.07934830632483704,0.06253257994996643,344.42945036441506,0.003165578062046734,76.2795348266872,2594,-2.4483678496779016,0.0
