RMS,MAV,IEMG,VAR,WL,WAMP,FMN,FMD
0.07407243284598267,0.06506905017954386,367.5099954140637,0.001550215216067857,61.88362787771585,2334,60.62970821498473,58.60481586402267
