RMS,MAV,IEMG,VAR,WL,WAMP,FMN,FMD
0.16763961921356152,0.16527768422063044,935.9675257414301,0.0007876775736648974,47.36935812703579,1734,0.94436098428379,0.0
