RMS,MAV,IEMG,VAR,WL,WAMP,FMN,FMD
<<<<<<<< HEAD:features/17/ca3cb39a-5c50-46d0-af45-d6346db046c3-o4p5.csv
0.16763961921356152,0.16527768422063044,935.9675257414301,0.0007876775736648974,47.36935812703579,1734,66.44213629775828,67.98516687268233
========
0.16763961921356152,0.16527768422063044,935.9675257414301,0.0007876775736648974,47.36935812703579,1734,0.94436098428379,0.0
>>>>>>>> devP:features/17/df87254b-0663-4dd6-b596-d57fd3b69ec5-o4p5.csv
