RMS,MAV,IEMG,VAR,WL,WAMP,FMN,FMD
<<<<<<<< HEAD:features/17/552e2cb6-2fd2-45dc-8664-49fb991daf81-o1p1.csv
0.0930905673183898,0.05309866024021951,282.90966175988956,0.008654366836883138,114.40453529193243,3007,60.19683446167837,59.309309309309306
========
0.0930905673183898,0.05309866024021951,282.90966175988956,0.008654366836883138,114.40453529193243,3007,60.037459793292406,59.309309309309306
>>>>>>>> devP:features/17/e7687679-320b-4be2-b75a-712a7213145f-o1p1.csv
