RMS,MAV,IEMG,VAR,WL,WAMP,FMN,FMD
<<<<<<<< HEAD:features/17/e7d83455-bb8c-4e65-b7cc-16e7418f54d9-o1p2.csv
0.17835850628261035,0.12689722323615105,717.6037974004341,0.03146222826972524,301.1606024998714,4395,65.97543958434606,68.43501326259947
========
0.17835850628261035,0.12689722323615105,717.6037974004341,0.03146222826972524,301.1606024998714,4395,64.54139888411953,68.25817860300619
>>>>>>>> devP:features/17/4bb356ed-83c9-49da-93d7-6f11e105b06c-o1p2.csv
