RMS,MAV,IEMG,VAR,WL,WAMP,FMN,FMD
0.17835850628261035,0.12689722323615105,717.6037974004341,0.03146222826972524,301.1606024998714,4395,65.97543958434606,68.43501326259947
