RMS,MAV,IEMG,VAR,WL,WAMP,FMN,FMD
<<<<<<<< HEAD:features/17/5f97ab41-8e67-4835-97ec-a8a9cefe1751-o7p2.csv
0.08740211117981592,0.06085840778712223,354.500225359987,0.005596573166688219,111.03944911462975,3406,63.81456941828919,63.00429184549356
========
0.08740211117981592,0.06085840778712223,354.500225359987,0.005596573166688219,111.03944911462975,3406,36.88850754230155,36.39484978540772
>>>>>>>> devP:features/17/e8bfd2a3-e9c2-4273-8419-457ea96c1819-o7p2.csv
