RMS,MAV,IEMG,VAR,WL,WAMP,FMN,FMD
<<<<<<<< HEAD:features/17/bae191c8-61b1-4762-80a2-8c48043e2555-o8p4.csv
0.03557779818825689,0.02889521475200204,51.838015265091656,0.0007022910268895072,15.360465056374498,565,68.2247546008217,66.88963210702342
========
0.03557779818825689,0.02889521475200204,51.838015265091656,0.0007022910268895072,15.360465056374498,565,26.192817686897413,0.0
>>>>>>>> devP:features/17/ea615dcd-9a33-4678-b5cc-7034ae9d74ac-o8p4.csv
