RMS,MAV,IEMG,VAR,WL,WAMP,FMN,FMD
<<<<<<<< HEAD:features/17/46218496-52c9-49bd-b76c-86e65a6cf35d-o2p1.csv
0.10985718715990814,0.09623374415544733,569.3188304236264,0.0034630054366575494,92.06856786658966,2945,62.200682388895025,60.3448275862069
========
0.10985718715990814,0.09623374415544733,569.3188304236264,0.0034630054366575494,92.06856786658966,2945,10.418848320646772,0.0
>>>>>>>> devP:features/17/eba445e5-5cb6-4206-a950-0241af532772-o2p1.csv
