RMS,MAV,IEMG,VAR,WL,WAMP,FMN,FMD
<<<<<<<< HEAD:features/17/6e5e7e42-5ff9-4919-9dad-ba86554d3d82-o10p6.csv
0.060660072931874774,0.045415537814702214,269.49580139244296,0.002596814081244624,73.40734578636662,2638,56.84042594399549,55.61172901921132
========
0.060660072931874774,0.045415537814702214,269.49580139244296,0.002596814081244624,73.40734578636662,2638,30.993134073947637,31.513313110886415
>>>>>>>> devP:features/17/ec709cc4-d4ce-4128-80ac-2bd340c84d1d-o10p6.csv
