RMS,MAV,IEMG,VAR,WL,WAMP,FMN,FMD
<<<<<<<< HEAD:features/17/caf965be-75a6-4d48-9768-7a998a9bfd19-o7p5.csv
0.04518781019064882,0.03747869117568468,32.831333469899775,0.0008623512373565027,9.284458212267932,389,71.12449046415338,69.63470319634703
========
0.04518781019064882,0.03747869117568468,32.831333469899775,0.0008623512373565027,9.284458212267932,389,19.038921042742572,0.0
>>>>>>>> devP:features/17/f00435d8-5ed2-4c93-b12b-c98cf8091fd0-o7p5.csv
