RMS,MAV,IEMG,VAR,WL,WAMP,FMN,FMD
0.04518781019064882,0.03747869117568468,32.831333469899775,0.0008623512373565027,9.284458212267932,389,19.038921042742572,0.0
