RMS,MAV,IEMG,VAR,WL,WAMP,FMN,FMD
0.0930905673183898,0.05309866024021951,282.90966175988956,0.008654366836883138,114.40453529193243,3007,60.19683446167837,59.309309309309306
