RMS,MAV,IEMG,VAR,WL,WAMP,FMN,FMD
0.034488612383852986,0.025430937694753752,151.56838866073235,0.0011823027189742008,62.583840164350306,2416,63.668323266188864,63.08724832214765
