RMS,MAV,IEMG,VAR,WL,WAMP,FMN,FMD
0.12590059331185924,0.08241829249888567,498.7955062032561,0.013793262414471045,184.4946670203979,4245,-4.0193659360374685,60.14540647719762
