RMS,MAV,IEMG,VAR,WL,WAMP,FMN,FMD
<<<<<<<< HEAD:features/17/f88d19b0-5911-4e73-ac80-99f860aeb4b2-o8p2.csv
0.15120544651413062,0.14238470619104815,819.7087535418642,0.002653677819360767,88.32904441865196,3172,62.34454319094935,62.53256904637831
========
0.15120544651413062,0.14238470619104815,819.7087535418642,0.002653677819360767,88.32904441865196,3172,3.841020272043682,0.0
>>>>>>>> devP:features/17/dc6c2543-b651-45e1-899c-6524a83e950a-o8p2.csv
