RMS,MAV,IEMG,VAR,WL,WAMP,FMN,FMD
0.10739326607437284,0.08481377306005053,538.0585762929605,0.007707078504065556,135.14868810021275,2796,1.4776390140076978,0.0
