RMS,MAV,IEMG,VAR,WL,WAMP,FMN,FMD
<<<<<<<< HEAD:features/7/027c4af8-27a6-4bdf-b4f5-f3d04e78df7a-o11p1.csv
0.09312934058171565,0.06908040422140693,493.3031665450669,0.007005029243947456,162.90450024189155,4480,60.57252905655958,59.51547402324605
========
0.09312934058171565,0.06908040422140693,493.3031665450669,0.007005029243947456,162.90450024189155,4480,41.031569320162056,43.97143257246884
>>>>>>>> devP:features/7/4fda0392-2591-4472-8d42-5fa9c2cea883-o11p1.csv
