RMS,MAV,IEMG,VAR,WL,WAMP,FMN,FMD
0.2032464894765095,0.14756757228543838,1124.4649008150404,0.03861454145074306,458.5468049686314,5978,27.882546036216088,70.07874015748031
