RMS,MAV,IEMG,VAR,WL,WAMP,FMN,FMD
<<<<<<<< HEAD:features/9/c2dab54b-a2a7-4867-b76d-14d91bc3feb4-o7p1.csv
0.15036000283237513,0.12531177092237888,847.4835067480484,0.011299563126639739,230.4669433297324,5091,66.64406013978066,67.7214254029277
========
0.04090098891035309,0.0305537653337074,183.01705434890732,0.0015915974086695309,73.21666135697984,2776,57.744391526780376,60.10016694490818
>>>>>>>> devP:features/7/0faa2fba-5bb8-4e1b-9d5b-d8c32693c4ab-o9p3.csv
