RMS,MAV,IEMG,VAR,WL,WAMP,FMN,FMD
0.08890613630279817,0.0684744372563246,487.8118910140564,0.006156356679232278,155.9908193326188,4530,-3.33791648868552,37.478944413250986
