RMS,MAV,IEMG,VAR,WL,WAMP,FMN,FMD
<<<<<<<< HEAD:features/7/da97557c-81b8-4673-9675-640826f7f96e-o1p5.csv
0.177089892464162,0.13258415102249374,982.9788956807686,0.027699591479652393,378.6240293921056,5592,68.20841980180181,69.73293768545994
========
0.177089892464162,0.13258415102249374,982.9788956807686,0.027699591479652393,378.6240293921056,5592,53.94728074267274,63.39357971405449
>>>>>>>> devP:features/7/1045c90b-0885-4bfd-b381-ccb3e11c71b0-o1p5.csv
