RMS,MAV,IEMG,VAR,WL,WAMP,FMN,FMD
<<<<<<<< HEAD:features/7/10d90e9e-1ade-4241-b895-bc90065969bb-o9p4.csv
0.10777582993245197,0.0881059567979008,646.2571931126024,0.005909017168120664,173.7523679928018,5031,62.97422796892121,61.486025903203824
========
0.10777582993245197,0.0881059567979008,646.2571931126024,0.005909017168120664,173.7523679928018,5031,21.481965040764297,0.0
>>>>>>>> devP:features/7/3b2d7191-c669-4f2e-9675-804608002071-o9p4.csv
