RMS,MAV,IEMG,VAR,WL,WAMP,FMN,FMD
0.23753497799188825,0.19373546888592882,1696.3477655651927,0.035389488623111684,523.3478872502021,7210,-1.6153950202171306,0.0
