RMS,MAV,IEMG,VAR,WL,WAMP,FMN,FMD
0.117431540188977,0.089744860259931,652.4451340896984,0.009961343200537294,200.5931450411979,4793,0.35922852762624835,0.0
