RMS,MAV,IEMG,VAR,WL,WAMP,FMN,FMD
0.06656963498168617,0.04859831151748471,360.59947145973655,0.004341441109500219,142.57147582218698,4705,57.20496949099518,58.2210242587601
