RMS,MAV,IEMG,VAR,WL,WAMP,FMN,FMD
0.1916194319024,0.13447861519250798,953.1844244844965,0.03636947011098822,419.86998349407105,5577,69.9577519731381,72.09367945823928
