RMS,MAV,IEMG,VAR,WL,WAMP,FMN,FMD
<<<<<<<< HEAD:features/7/2c49c958-a8f2-4a4e-a851-41dbe33c7029-o1p1.csv
0.2109056227859913,0.14865096898045815,1033.421536352145,0.044469835025570496,451.6740973715489,5556,68.53940039435244,70.77100115074798
========
0.2109056227859913,0.14865096898045815,1033.421536352145,0.044469835025570496,451.6740973715489,5556,68.5044419036439,70.77100115074798
>>>>>>>> devP:features/7/1ae3a381-d094-483a-82f0-9836935d8a6c-o1p1.csv
