RMS,MAV,IEMG,VAR,WL,WAMP,FMN,FMD
0.22515015049904463,0.1677447626770158,1104.263772702795,0.048425420738748226,465.2071849324186,5300,-12.082997407689138,69.57314294394654
