RMS,MAV,IEMG,VAR,WL,WAMP,FMN,FMD
<<<<<<<< HEAD:features/7/22e20d55-c98b-4499-b2ba-916f3c5d9f2f-o2p1.csv
0.1942504790916661,0.14962014753163974,986.8944931186957,0.02914771504207897,338.4745125146245,4922,69.69789968956336,72.61976955730745
========
0.1942504790916661,0.14962014753163974,986.8944931186957,0.02914771504207897,338.4745125146245,4922,43.85984307735065,52.001212856276524
>>>>>>>> devP:features/7/8fdf6523-edc4-4b80-b912-6d7f196f593d-o2p1.csv
