RMS,MAV,IEMG,VAR,WL,WAMP,FMN,FMD
0.1942504790916661,0.14962014753163974,986.8944931186957,0.02914771504207897,338.4745125146245,4922,69.69789968956336,72.61976955730745
