RMS,MAV,IEMG,VAR,WL,WAMP,FMN,FMD
0.23118019088428596,0.1695906241877856,1117.9413946458826,0.051327157694350846,461.32229249376354,5469,67.63350487086127,69.3264563106796
