RMS,MAV,IEMG,VAR,WL,WAMP,FMN,FMD
0.20944333780243332,0.1694726197092472,1331.376900435846,0.026794469259871972,406.12511839608936,6070,30.10969257617538,0.0
