RMS,MAV,IEMG,VAR,WL,WAMP,FMN,FMD
<<<<<<<< HEAD:features/7/a8776d12-9d34-458d-971d-8a4531e74ac5-o8p1.csv
0.07806942463000105,0.05676212576138581,384.0525429015364,0.006087859339893439,161.99098875314178,4362,67.00756624578817,68.87378066804611
========
0.07806942463000105,0.05676212576138581,384.0525429015364,0.006087859339893439,161.99098875314178,4362,66.85435724550142,68.87378066804611
>>>>>>>> devP:features/7/2a4a8fed-34a2-4e48-8789-8e9407f69f43-o8p1.csv
