RMS,MAV,IEMG,VAR,WL,WAMP,FMN,FMD
0.24799767556324667,0.18461449455042186,1200.363443566843,0.05838633471111039,481.9608167526537,5484,-3.7206758275368492,62.28852660719779
