RMS,MAV,IEMG,VAR,WL,WAMP,FMN,FMD
0.2109056227859913,0.14865096898045815,1033.421536352145,0.044469835025570496,451.6740973715489,5556,68.53940039435244,70.77100115074798
