RMS,MAV,IEMG,VAR,WL,WAMP,FMN,FMD
0.22016935127260384,0.16242859228594833,1003.8087003271608,0.047673115592612204,443.2472075042749,5302,69.64341168209842,72.6537216828479
