RMS,MAV,IEMG,VAR,WL,WAMP,FMN,FMD
<<<<<<<< HEAD:features/7/2e3308bf-c6a7-4bb5-91f0-2e7fcbf4dc70-o4p4.csv
0.22016935127260384,0.16242859228594833,1003.8087003271608,0.047673115592612204,443.2472075042749,5302,69.64341168209842,72.6537216828479
========
0.22016935127260384,0.16242859228594833,1003.8087003271608,0.047673115592612204,443.2472075042749,5302,67.3780415827166,71.84466019417476
>>>>>>>> devP:features/7/3d834ea9-526e-4fbf-a99d-e0e6c20df1ff-o4p4.csv
