RMS,MAV,IEMG,VAR,WL,WAMP,FMN,FMD
<<<<<<<< HEAD:features/7/1ac1e40a-a6d2-4d35-a445-495db13a77d3-o1p2.csv
0.1916194319024,0.13447861519250798,953.1844244844965,0.03636947011098822,419.86998349407105,5577,69.9577519731381,72.09367945823928
========
0.1916194319024,0.13447861519250798,953.1844244844965,0.03636947011098822,419.86998349407105,5577,68.64212700053942,71.8115124153499
>>>>>>>> devP:features/7/344a1185-5a8c-4473-b063-a063199167ca-o1p2.csv
