RMS,MAV,IEMG,VAR,WL,WAMP,FMN,FMD
<<<<<<<< HEAD:features/7/36a05c54-0204-4a7a-a7f4-c19e58849388-o2p2.csv
0.23793414324622755,0.16924665196602556,1229.9154198371077,0.05267076639332379,494.7091543097981,5398,70.91638641847254,74.44612632448052
========
0.23793414324622755,0.16924665196602556,1229.9154198371077,0.05267076639332379,494.7091543097981,5398,61.68356678507658,69.07940002752167
>>>>>>>> devP:features/7/cd37e9ca-aed7-4f89-a6e2-d63fd5fc1d2b-o2p2.csv
