RMS,MAV,IEMG,VAR,WL,WAMP,FMN,FMD
<<<<<<<< HEAD:features/7/1b6003a8-fa56-44d2-bdd2-2fcc2c72ab78-o2p3.csv
0.19199919952360162,0.14131245730781225,928.1402195977109,0.034246330576595804,366.58457628431427,4795,68.4166436549816,70.49330085261875
========
0.19199919952360162,0.14131245730781225,928.1402195977109,0.034246330576595804,366.58457628431427,4795,59.345400711726086,64.09866017052374
>>>>>>>> devP:features/7/379d145c-675c-40b3-8cf4-d22009439a1c-o2p3.csv
