RMS,MAV,IEMG,VAR,WL,WAMP,FMN,FMD
0.19199919952360162,0.14131245730781225,928.1402195977109,0.034246330576595804,366.58457628431427,4795,59.345400711726086,64.09866017052374
