RMS,MAV,IEMG,VAR,WL,WAMP,FMN,FMD
0.2141077195450489,0.1720623313369681,1047.8595978421358,0.028993148860836045,319.2762518542031,4895,-1.1706703350536047,0.0
