RMS,MAV,IEMG,VAR,WL,WAMP,FMN,FMD
<<<<<<<< HEAD:features/7/bb54113f-242a-47a3-84e8-1ea9d1da8150-o8p2.csv
0.17393372399056384,0.15155172756566174,1016.7605402380245,0.010012573754695298,207.19910849404397,4897,64.10739125715487,66.17975853331346
========
0.17393372399056384,0.15155172756566174,1016.7605402380245,0.010012573754695298,207.19910849404397,4897,12.712179538998118,0.0
>>>>>>>> devP:features/7/3ccdf89a-9a57-454a-878f-4ac20884ecd5-o8p2.csv
