RMS,MAV,IEMG,VAR,WL,WAMP,FMN,FMD
0.07650582681390529,0.056357309997501694,416.93137936151754,0.005824270366688421,172.16252087499169,5056,75.19916897852195,62.58448229251149
