RMS,MAV,IEMG,VAR,WL,WAMP,FMN,FMD
<<<<<<<< HEAD:features/7/f7021297-2681-4f9e-9b8b-e42d1d6c48d2-o6p5.csv
0.24799767556324667,0.18461449455042186,1200.363443566843,0.05838633471111039,481.9608167526537,5484,65.56365061786198,65.67210089203323
========
0.24799767556324667,0.18461449455042186,1200.363443566843,0.05838633471111039,481.9608167526537,5484,59.23954195433023,62.28852660719779
>>>>>>>> devP:features/7/42ffa71a-e6b1-4281-9261-dbf0a0977865-o6p5.csv
