RMS,MAV,IEMG,VAR,WL,WAMP,FMN,FMD
<<<<<<<< HEAD:features/7/55e99c66-fbfd-4f30-afcb-66024a9caa61-o1p6.csv
0.22515015049904463,0.1677447626770158,1104.263772702795,0.048425420738748226,465.2071849324186,5300,69.26364254911306,72.61127145678262
========
0.22515015049904463,0.1677447626770158,1104.263772702795,0.048425420738748226,465.2071849324186,5300,63.3333883114101,69.57314294394654
>>>>>>>> devP:features/7/4613e32c-b78a-4a05-851e-eaded71b5f0f-o1p6.csv
