RMS,MAV,IEMG,VAR,WL,WAMP,FMN,FMD
<<<<<<<< HEAD:features/7/64cd1fb7-86e4-4c03-be1f-c5df11e1dec8-o5p1.csv
0.233495064699452,0.14811327225290136,1134.2514389127186,0.05343650538435161,463.4296322117135,4429,69.0420940222079,69.0780882737007
========
0.233495064699452,0.14811327225290136,1134.2514389127186,0.05343650538435161,463.4296322117135,4429,66.35150401251283,68.2945938887438
>>>>>>>> devP:features/7/4927119d-8015-45ce-b9d9-224f17d84676-o5p1.csv
