RMS,MAV,IEMG,VAR,WL,WAMP,FMN,FMD
<<<<<<<< HEAD:features/7/d0669769-dcb1-4e2b-a639-3ad65e099667-o7p3.csv
0.11687652159096025,0.09142335832050426,637.4036542105557,0.010462635360268037,220.72984727742303,4790,67.81319228009222,69.70740103270224
========
0.11687652159096025,0.09142335832050426,637.4036542105557,0.010462635360268037,220.72984727742303,4790,42.0881026962697,49.196787148594375
>>>>>>>> devP:features/7/4a6abfde-9a27-4bf5-ab96-418d90cffe88-o7p3.csv
