RMS,MAV,IEMG,VAR,WL,WAMP,FMN,FMD
0.11687652159096025,0.09142335832050426,637.4036542105557,0.010462635360268037,220.72984727742303,4790,42.0881026962697,49.196787148594375
