RMS,MAV,IEMG,VAR,WL,WAMP,FMN,FMD
<<<<<<<< HEAD:features/7/3e8f8df7-4809-43d5-9a22-b016e9766769-o10p4.csv
0.09881330683135202,0.08033223628212517,563.450305282826,0.005937732526444237,157.39999882840786,4222,64.3412605893318,67.57912745936699
========
0.09881330683135202,0.08033223628212517,563.450305282826,0.005937732526444237,157.39999882840786,4222,28.11109381523587,0.0
>>>>>>>> devP:features/7/4dd63659-16ff-419c-8ddb-eb7445289c97-o10p4.csv
