RMS,MAV,IEMG,VAR,WL,WAMP,FMN,FMD
0.09312934058171565,0.06908040422140693,493.3031665450669,0.007005029243947456,162.90450024189155,4480,41.031569320162056,43.97143257246884
