RMS,MAV,IEMG,VAR,WL,WAMP,FMN,FMD
0.13046922848859746,0.10327609541670178,712.1919539935755,0.011956010151037064,229.20478081338243,4985,65.65092177382697,66.85034802784223
