RMS,MAV,IEMG,VAR,WL,WAMP,FMN,FMD
<<<<<<<< HEAD:features/7/1794d9c2-daab-4f8a-873b-623ff5aa9885-o11p6.csv
0.06656963498168617,0.04859831151748471,360.59947145973655,0.004341441109500219,142.57147582218698,4705,57.20496949099518,58.2210242587601
========
0.06656963498168617,0.04859831151748471,360.59947145973655,0.004341441109500219,142.57147582218698,4705,54.925794736209454,56.064690026954175
>>>>>>>> devP:features/7/50deb5c5-cce5-4aed-a8a0-1340e1fb3a3d-o11p6.csv
