RMS,MAV,IEMG,VAR,WL,WAMP,FMN,FMD
<<<<<<<< HEAD:features/7/46f05a02-aed8-41f7-abfe-8e685fcdb9bd-o3p6.csv
0.07650582681390529,0.056357309997501694,416.93137936151754,0.005824270366688421,172.16252087499169,5056,63.17866606059655,63.53068396864017
========
0.07650582681390529,0.056357309997501694,416.93137936151754,0.005824270366688421,172.16252087499169,5056,62.55845590939765,62.58448229251149
>>>>>>>> devP:features/7/52eb2ea1-33df-4c2e-8965-c04bb554052a-o3p6.csv
