RMS,MAV,IEMG,VAR,WL,WAMP,FMN,FMD
<<<<<<<< HEAD:features/7/2936e0ff-36db-42dd-b1e4-b5170e70c205-o3p1.csv
0.1814828820813855,0.141504359981094,1216.229974037503,0.023387215741530937,351.87479628896546,5209,64.96488602039425,63.64165212332751
========
0.1814828820813855,0.141504359981094,1216.229974037503,0.023387215741530937,351.87479628896546,5209,35.76210216636325,41.41942990110529
>>>>>>>> devP:features/7/540f06c2-a2c4-4388-a004-e7b06e6c02bb-o3p1.csv
