RMS,MAV,IEMG,VAR,WL,WAMP,FMN,FMD
<<<<<<<< HEAD:features/7/54298d2e-00aa-413a-9c44-820f4cad3bc4-o7p2.csv
0.14000389936317875,0.10631674104252758,760.90891564137,0.017553450014744464,298.8499696922442,5333,68.19158392498278,68.88361045130641
========
0.14000389936317875,0.10631674104252758,760.90891564137,0.017553450014744464,298.8499696922442,5333,55.291804994482156,62.31661310605002
>>>>>>>> devP:features/7/cefa0fab-0f2d-4ecf-9c92-abf7f77eb7ca-o7p2.csv
