RMS,MAV,IEMG,VAR,WL,WAMP,FMN,FMD
0.24845897364424088,0.1813223655914806,1223.925967742494,0.05994199499728812,528.4015908067701,5648,-8.447892853325564,0.0
