RMS,MAV,IEMG,VAR,WL,WAMP,FMN,FMD
0.13046922848859746,0.10327609541670178,712.1919539935755,0.011956010151037064,229.20478081338243,4985,0.9667689549367201,35.382830626450115
