RMS,MAV,IEMG,VAR,WL,WAMP,FMN,FMD
<<<<<<<< HEAD:features/7/5f05dd71-6a98-45be-aa03-753df5807e4e-o9p1.csv
0.04556877255227977,0.03538865359486184,207.8375625626236,0.001652708883898418,71.93993482855625,2757,61.57905897653304,58.91367273965605
========
0.04556877255227977,0.03538865359486184,207.8375625626236,0.001652708883898418,71.93993482855625,2757,40.703738969183156,46.31363868550996
>>>>>>>> devP:features/7/977bd73d-62ec-45f6-927e-4077177d3b36-o9p1.csv
