RMS,MAV,IEMG,VAR,WL,WAMP,FMN,FMD
0.11706421930957063,0.09283562203786103,672.037067932076,0.010147443089143974,218.62876117195336,5189,62.6510029316274,63.26840723856886
