RMS,MAV,IEMG,VAR,WL,WAMP,FMN,FMD
0.233495064699452,0.14811327225290136,1134.2514389127186,0.05343650538435161,463.4296322117135,4429,-7.112379072611298,0.0
