RMS,MAV,IEMG,VAR,WL,WAMP,FMN,FMD
0.23553438753157244,0.185689658936727,1327.4953717386613,0.042731728040498476,444.3130318393818,5743,0.6718944753317396,0.0
