RMS,MAV,IEMG,VAR,WL,WAMP,FMN,FMD
0.10261010961911846,0.0756408988950712,517.6863120378673,0.009847548492319209,192.76817203010393,4740,52.23908889338278,54.646405610753945
