RMS,MAV,IEMG,VAR,WL,WAMP,FMN,FMD
<<<<<<<< HEAD:features/7/79058133-092a-4a78-acc7-dc2a173e340b-o5p4.csv
0.2141077195450489,0.1720623313369681,1047.8595978421358,0.028993148860836045,319.2762518542031,4895,68.5462813099094,71.42857142857143
========
0.2141077195450489,0.1720623313369681,1047.8595978421358,0.028993148860836045,319.2762518542031,4895,31.701041696973746,0.0
>>>>>>>> devP:features/7/870838fe-beef-45b2-b3e4-425984e4a2c2-o5p4.csv
