RMS,MAV,IEMG,VAR,WL,WAMP,FMN,FMD
<<<<<<<< HEAD:features/7/e836b3ec-e414-4f42-9d22-9521625e963d-o9p2.csv
0.09170677495546582,0.07881485452492241,438.5258505766683,0.003024765819884413,91.09231036355735,3173,61.84628999687117,59.66930265995686
========
0.09170677495546582,0.07881485452492241,438.5258505766683,0.003024765819884413,91.09231036355735,3173,13.56025940390562,0.0
>>>>>>>> devP:features/7/7959e765-33cb-42fb-b96c-c74d9b75f5dc-o9p2.csv
