RMS,MAV,IEMG,VAR,WL,WAMP,FMN,FMD
<<<<<<<< HEAD:features/7/78c8fc7a-55b4-4428-9564-2be32cdfaac8-o9p6.csv
0.1276329663958636,0.12571591459270906,886.2971978785988,0.00048568292912633395,48.485537727209056,1747,61.394459893226255,59.858156028368796
========
0.1276329663958636,0.12571591459270906,886.2971978785988,0.00048568292912633395,48.485537727209056,1747,0.9290715759671102,0.0
>>>>>>>> devP:features/7/79c635de-81cc-497b-8475-e0680cd3c9f9-o9p6.csv
