RMS,MAV,IEMG,VAR,WL,WAMP,FMN,FMD
<<<<<<<< HEAD:features/7/61e0d199-a91a-47f2-bc28-f4f0f35b677c-o7p4.csv
0.11706421930957063,0.09283562203786103,672.037067932076,0.010147443089143974,218.62876117195336,5189,62.6510029316274,63.26840723856886
========
0.11706421930957063,0.09283562203786103,672.037067932076,0.010147443089143974,218.62876117195336,5189,36.8322513467766,39.50821936731593
>>>>>>>> devP:features/7/7a1a13c2-4897-4e0c-9c57-d64e5d90820d-o7p4.csv
