RMS,MAV,IEMG,VAR,WL,WAMP,FMN,FMD
0.08041917303177801,0.06238648483764356,524.7951104542576,0.005373548628323405,192.30151504614741,5427,47.662697730020206,54.56490727532096
