RMS,MAV,IEMG,VAR,WL,WAMP,FMN,FMD
<<<<<<<< HEAD:features/7/6bab98cb-373f-454a-8bd6-2275d6ed58c3-o10p6.csv
0.08041917303177801,0.06238648483764356,524.7951104542576,0.005373548628323405,192.30151504614741,5427,67.06456653230158,69.42463147883974
========
0.08041917303177801,0.06238648483764356,524.7951104542576,0.005373548628323405,192.30151504614741,5427,47.662697730020206,54.56490727532096
>>>>>>>> devP:features/7/7d5d1216-d4f9-4b6f-9a4a-f663e81c4e68-o10p6.csv
