RMS,MAV,IEMG,VAR,WL,WAMP,FMN,FMD
0.22016935127260384,0.16242859228594833,1003.8087003271608,0.047673115592612204,443.2472075042749,5302,66.58934097915177,71.84466019417476
