RMS,MAV,IEMG,VAR,WL,WAMP,FMN,FMD
0.24533112152782555,0.15736817085941118,1299.0742504444393,0.05965251683382602,557.3816111799921,5356,68.97888839381665,69.77589339794064
