RMS,MAV,IEMG,VAR,WL,WAMP,FMN,FMD
<<<<<<<< HEAD:features/7/8bc321f0-4a5e-4010-b7c7-f918c81b2aa9-o5p3.csv
0.24533112152782555,0.15736817085941118,1299.0742504444393,0.05965251683382602,557.3816111799921,5356,68.97888839381665,69.77589339794064
========
0.24533112152782555,0.15736817085941118,1299.0742504444393,0.05965251683382602,557.3816111799921,5356,67.76375355804885,69.41247728649303
>>>>>>>> devP:features/7/9b36ed55-73e4-4487-b57d-803228b91f2e-o5p3.csv
