RMS,MAV,IEMG,VAR,WL,WAMP,FMN,FMD
<<<<<<<< HEAD:features/7/aca619e4-d14f-425e-8e51-a9838784944b-o10p5.csv
0.09742985175271048,0.07954401998924837,603.5800236784166,0.005285942044406926,167.00159369060415,4739,64.80356761864478,65.23458091723775
========
0.09742985175271048,0.07954401998924837,603.5800236784166,0.005285942044406926,167.00159369060415,4739,25.004938606853557,0.0
>>>>>>>> devP:features/7/8cda5966-df9f-4289-962c-c09a51d37069-o10p5.csv
