RMS,MAV,IEMG,VAR,WL,WAMP,FMN,FMD
0.09742985175271048,0.07954401998924837,603.5800236784166,0.005285942044406926,167.00159369060415,4739,25.004938606853557,0.0
