RMS,MAV,IEMG,VAR,WL,WAMP,FMN,FMD
0.23223122039231256,0.15921209049913676,1158.2679583812198,0.051858082274105634,477.32218644851184,4951,21.370087928475666,0.0
