RMS,MAV,IEMG,VAR,WL,WAMP,FMN,FMD
0.15327872570273265,0.11218868840965521,776.1213464179947,0.022322848147231976,315.90486635184266,5191,60.45933437903736,65.91500433651343
