RMS,MAV,IEMG,VAR,WL,WAMP,FMN,FMD
<<<<<<<< HEAD:features/7/6b869ddc-019d-4a05-a4ce-ca7bcda3e748-o7p5.csv
0.15327872570273265,0.11218868840965521,776.1213464179947,0.022322848147231976,315.90486635184266,5191,66.8052356605673,69.09511419485399
========
0.15327872570273265,0.11218868840965521,776.1213464179947,0.022322848147231976,315.90486635184266,5191,60.45933437903736,65.91500433651343
>>>>>>>> devP:features/7/91e4b763-4865-40a6-8142-641ba51e0d67-o7p5.csv
