RMS,MAV,IEMG,VAR,WL,WAMP,FMN,FMD
<<<<<<<< HEAD:features/7/922df72e-3f5d-4319-adbb-741275af8545-o10p3.csv
0.12445530754986439,0.10849737193636118,744.9429557150559,0.004779145892572789,146.45416518547523,4158,66.27019581286253,66.4142149723274
========
0.12445530754986439,0.10849737193636118,744.9429557150559,0.004779145892572789,146.45416518547523,4158,12.088770953343754,0.0
>>>>>>>> devP:features/7/bd0285dc-434d-483c-a778-f2db6237a5b8-o10p3.csv
