RMS,MAV,IEMG,VAR,WL,WAMP,FMN,FMD
0.2513617950917646,0.20827583113607387,1586.2287299323386,0.035860081149165814,461.48196961851977,6068,-2.5984103893324897,0.0
