RMS,MAV,IEMG,VAR,WL,WAMP,FMN,FMD
0.23553438753157244,0.185689658936727,1327.4953717386613,0.042731728040498476,444.3130318393818,5743,41.31066397297491,51.75549027836061
