RMS,MAV,IEMG,VAR,WL,WAMP,FMN,FMD
<<<<<<<< HEAD:features/7/b6f665c1-f73d-4680-90a2-cd815aa97d74-o6p1.csv
0.23553438753157244,0.185689658936727,1327.4953717386613,0.042731728040498476,444.3130318393818,5743,65.95243980718946,66.44285914113863
========
0.23553438753157244,0.185689658936727,1327.4953717386613,0.042731728040498476,444.3130318393818,5743,41.31066397297491,51.75549027836061
>>>>>>>> devP:features/7/95e37286-9bb3-46c1-bac1-4577323cbde3-o6p1.csv
