RMS,MAV,IEMG,VAR,WL,WAMP,FMN,FMD
0.18723936664129157,0.14927891768830212,1079.5851327218008,0.025167644111337803,352.50883293259994,5361,38.44799212107012,40.376106194690266
