RMS,MAV,IEMG,VAR,WL,WAMP,FMN,FMD
<<<<<<<< HEAD:features/7/eb3c8e72-7f7e-45b3-935d-e87a2492d70d-o4p6.csv
0.24845897364424088,0.1813223655914806,1223.925967742494,0.05994199499728812,528.4015908067701,5648,69.20971528320972,71.85185185185185
========
0.24845897364424088,0.1813223655914806,1223.925967742494,0.05994199499728812,528.4015908067701,5648,65.30943862377357,69.77777777777777
>>>>>>>> devP:features/7/96e0433c-ed90-4933-a2c7-654747ee2ef5-o4p6.csv
