RMS,MAV,IEMG,VAR,WL,WAMP,FMN,FMD
0.04556877255227977,0.03538865359486184,207.8375625626236,0.001652708883898418,71.93993482855625,2757,40.703738969183156,46.31363868550996
