RMS,MAV,IEMG,VAR,WL,WAMP,FMN,FMD
<<<<<<<< HEAD:features/7/5844385f-92ee-4735-ad73-d6403f63a7eb-o3p4.csv
0.08890613630279817,0.0684744372563246,487.8118910140564,0.006156356679232278,155.9908193326188,4530,57.90500936833021,56.0078607523863
========
0.08890613630279817,0.0684744372563246,487.8118910140564,0.006156356679232278,155.9908193326188,4530,36.932742922546,37.478944413250986
>>>>>>>> devP:features/7/99775bc3-576d-4bfc-8f48-bd69fa5e60ca-o3p4.csv
