RMS,MAV,IEMG,VAR,WL,WAMP,FMN,FMD
<<<<<<<< HEAD:features/7/9f70b361-a280-4031-a003-60f2cce74bb1-o3p2.csv
0.20133364678292,0.1409855791289691,978.4399191550456,0.04052576234085194,414.9147535431641,5202,66.61193357870529,67.14697406340058
========
0.20133364678292,0.1409855791289691,978.4399191550456,0.04052576234085194,414.9147535431641,5202,66.58080019033956,67.14697406340058
>>>>>>>> devP:features/7/99961bc8-7202-4798-9683-d35a41e78c6f-o3p2.csv
