RMS,MAV,IEMG,VAR,WL,WAMP,FMN,FMD
0.24533112152782555,0.15736817085941118,1299.0742504444393,0.05965251683382602,557.3816111799921,5356,67.76375355804885,69.41247728649303
