RMS,MAV,IEMG,VAR,WL,WAMP,FMN,FMD
<<<<<<<< HEAD:features/7/5ae37059-67de-428e-8de8-ab5676e71f78-o6p2.csv
0.23753497799188825,0.19373546888592882,1696.3477655651927,0.035389488623111684,523.3478872502021,7210,67.99291774884423,69.43809958885336
========
0.23753497799188825,0.19373546888592882,1696.3477655651927,0.035389488623111684,523.3478872502021,7210,31.065728200374835,0.0
>>>>>>>> devP:features/7/9dba9ff0-a419-42a3-bf3f-c0d75448d3c2-o6p2.csv
