RMS,MAV,IEMG,VAR,WL,WAMP,FMN,FMD
0.20133364678292,0.1409855791289691,978.4399191550456,0.04052576234085194,414.9147535431641,5202,66.61193357870529,67.14697406340058
