RMS,MAV,IEMG,VAR,WL,WAMP,FMN,FMD
<<<<<<<< HEAD:features/7/a0e901dd-63ed-44fc-8366-b6df8f675697-o8p6.csv
0.10587073628614271,0.07670030095889824,479.83708279886736,0.011178987689836415,207.27835063607145,4408,68.12004853041628,69.37340153452685
========
0.10587073628614271,0.07670030095889824,479.83708279886736,0.011178987689836415,207.27835063607145,4408,67.76090609616557,69.37340153452685
>>>>>>>> devP:features/7/e4a55b8c-0acd-4ed5-b57f-a08be93936ca-o8p6.csv
