RMS,MAV,IEMG,VAR,WL,WAMP,FMN,FMD
<<<<<<<< HEAD:features/7/3dee89d3-e915-4751-944e-f3c5dd6671fb-o8p5.csv
0.10612763339059235,0.07255965652700007,568.3597895759915,0.01120227783673791,239.1322686740973,5036,65.9614733600922,68.04544874249967
========
0.10612763339059235,0.07255965652700007,568.3597895759915,0.01120227783673791,239.1322686740973,5036,65.25319225471087,67.9177837354781
>>>>>>>> devP:features/7/a2d9f7c4-9399-4911-9081-bc241b2ffb26-o8p5.csv
