RMS,MAV,IEMG,VAR,WL,WAMP,FMN,FMD
0.1870601687347262,0.1347680441577439,845.669477089843,0.034857605203291495,357.61543222738106,5085,65.73925505736872,65.4980079681275
