RMS,MAV,IEMG,VAR,WL,WAMP,FMN,FMD
<<<<<<<< HEAD:features/7/a4b1e322-42bc-41fc-b864-d8b0fc0cc38e-o6p6.csv
0.1870601687347262,0.1347680441577439,845.669477089843,0.034857605203291495,357.61543222738106,5085,65.73925505736872,65.4980079681275
========
0.1870601687347262,0.1347680441577439,845.669477089843,0.034857605203291495,357.61543222738106,5085,65.23804599747649,65.17928286852589
>>>>>>>> devP:features/7/cb59f3af-d31d-4055-b91d-ded853d27f90-o6p6.csv
