RMS,MAV,IEMG,VAR,WL,WAMP,FMN,FMD
<<<<<<<< HEAD:features/7/b2536bad-a866-405a-9cc8-8ef70ba377dd-o5p5.csv
0.15772707192629654,0.10867485653857445,710.950911475354,0.024874198423322107,306.33883652831173,4977,67.9790241958522,69.39773769489453
========
0.15772707192629654,0.10867485653857445,710.950911475354,0.024874198423322107,306.33883652831173,4977,67.95918469212295,69.39773769489453
>>>>>>>> devP:features/7/a5e9ec49-12a6-489f-ac65-ca4b8d58bd2f-o5p5.csv
