RMS,MAV,IEMG,VAR,WL,WAMP,FMN,FMD
0.1276329663958636,0.12571591459270906,886.2971978785988,0.00048568292912633395,48.485537727209056,1747,0.0059208639693653685,0.0
