RMS,MAV,IEMG,VAR,WL,WAMP,FMN,FMD
0.054719892619204735,0.041445505874589984,245.60606781282024,0.0028208728806957553,96.92375526152253,3413,62.616517396495446,61.42423219709754
