RMS,MAV,IEMG,VAR,WL,WAMP,FMN,FMD
<<<<<<<< HEAD:features/7/aab2ed06-f35d-4b8d-981f-6c5a8f68d6ae-o9p5.csv
0.054719892619204735,0.041445505874589984,245.60606781282024,0.0028208728806957553,96.92375526152253,3413,62.616517396495446,61.42423219709754
========
0.054719892619204735,0.041445505874589984,245.60606781282024,0.0028208728806957553,96.92375526152253,3413,55.761417796301366,57.205534930813364
>>>>>>>> devP:features/7/aae52e3a-a54d-41f2-af67-8a5c95b1d4f0-o9p5.csv
