RMS,MAV,IEMG,VAR,WL,WAMP,FMN,FMD
0.09742985175271048,0.07954401998924837,603.5800236784166,0.005285942044406926,167.00159369060415,4739,64.80356761864478,65.23458091723775
