RMS,MAV,IEMG,VAR,WL,WAMP,FMN,FMD
0.04090098891035309,0.0305537653337074,183.01705434890732,0.0015915974086695309,73.21666135697984,2776,28.375597470727055,60.10016694490818
