RMS,MAV,IEMG,VAR,WL,WAMP,FMN,FMD
<<<<<<<< HEAD:features/7/9fa803fa-f30f-47e4-9c1c-f474866fd57f-o11p5.csv
0.06277181325240025,0.04988068404102827,8.67923902313892,0.0022754694317550276,2.6495288038690195,99,68.2893705336158,63.218390804597696
========
0.06277181325240025,0.04988068404102827,8.67923902313892,0.0022754694317550276,2.6495288038690195,99,27.72399216990412,0.0
>>>>>>>> devP:features/7/b53f22ea-db98-4c5f-a86c-e6040b73d86a-o11p5.csv
