RMS,MAV,IEMG,VAR,WL,WAMP,FMN,FMD
<<<<<<<< HEAD:features/7/db3bbb6e-b3cf-4045-a783-164cc7dba3cb-o6p4.csv
0.21600436989442712,0.1598690148364526,1042.345976733671,0.04446308159620616,425.3306177501312,5359,66.33443750913268,67.94478527607362
========
0.21600436989442712,0.1598690148364526,1042.345976733671,0.04446308159620616,425.3306177501312,5359,60.374019711682834,62.88343558282209
>>>>>>>> devP:features/7/b68069c3-c384-408f-b5b0-3d189cb53e1f-o6p4.csv
