RMS,MAV,IEMG,VAR,WL,WAMP,FMN,FMD
0.08908539534751651,0.06905871183335135,457.16867233678596,0.005914622680892736,154.93396160276913,4356,38.14458470377974,41.389728096676734
