RMS,MAV,IEMG,VAR,WL,WAMP,FMN,FMD
<<<<<<<< HEAD:features/7/fc630beb-25a3-4077-b749-6c4c7a30729a-o3p5.csv
0.08908539534751651,0.06905871183335135,457.16867233678596,0.005914622680892736,154.93396160276913,4356,64.2197965112468,65.10574018126889
========
0.08908539534751651,0.06905871183335135,457.16867233678596,0.005914622680892736,154.93396160276913,4356,38.14458470377974,41.389728096676734
>>>>>>>> devP:features/7/b6c9f83d-1010-44a1-8be7-5545910d377a-o3p5.csv
