RMS,MAV,IEMG,VAR,WL,WAMP,FMN,FMD
<<<<<<<< HEAD:features/7/3015997d-3eb2-4771-a6e8-dd343dfc202f-o4p2.csv
0.2313963598579308,0.1870050705136327,1260.9751904734253,0.03690872497178886,413.0438756630482,5604,67.40411506277755,69.99851698057243
========
0.2313963598579308,0.1870050705136327,1260.9751904734253,0.03690872497178886,413.0438756630482,5604,35.44893306038524,34.25774877650897
>>>>>>>> devP:features/7/b6ddec54-92e2-443e-ac89-c213ca4cf0b5-o4p2.csv
