RMS,MAV,IEMG,VAR,WL,WAMP,FMN,FMD
0.23553438753157244,0.185689658936727,1327.4953717386613,0.042731728040498476,444.3130318393818,5743,65.95243980718946,66.44285914113863
