RMS,MAV,IEMG,VAR,WL,WAMP,FMN,FMD
<<<<<<<< HEAD:features/7/4fe40c3a-3bd9-4d8c-aec8-f3674bde9793-o8p3.csv
0.13046922848859746,0.10327609541670178,712.1919539935755,0.011956010151037064,229.20478081338243,4985,65.65092177382697,66.85034802784223
========
0.13046922848859746,0.10327609541670178,712.1919539935755,0.011956010151037064,229.20478081338243,4985,35.53548737220259,35.382830626450115
>>>>>>>> devP:features/7/b7052ebf-c2e2-44f1-b9b0-f99262dd4eaa-o8p3.csv
