RMS,MAV,IEMG,VAR,WL,WAMP,FMN,FMD
<<<<<<<< HEAD:features/7/254d8801-30c4-43c8-9cba-636874ef68db-o6p3.csv
0.23118019088428596,0.1695906241877856,1117.9413946458826,0.051327157694350846,461.32229249376354,5469,67.63350487086127,69.3264563106796
========
0.23118019088428596,0.1695906241877856,1117.9413946458826,0.051327157694350846,461.32229249376354,5469,62.47926342790604,65.23058252427184
>>>>>>>> devP:features/7/b708e4d3-6145-4830-8758-24408d030b56-o6p3.csv
