RMS,MAV,IEMG,VAR,WL,WAMP,FMN,FMD
0.1496267383730016,0.12452881862216458,812.9241279654904,0.011087896931209457,216.36736777255675,4781,68.57348674166603,71.23161764705881
