RMS,MAV,IEMG,VAR,WL,WAMP,FMN,FMD
0.17393372399056384,0.15155172756566174,1016.7605402380245,0.010012573754695298,207.19910849404397,4897,64.10739125715487,66.17975853331346
