RMS,MAV,IEMG,VAR,WL,WAMP,FMN,FMD
0.15772707192629654,0.10867485653857445,710.950911475354,0.024874198423322107,306.33883652831173,4977,97.19335023156235,69.39773769489453
