RMS,MAV,IEMG,VAR,WL,WAMP,FMN,FMD
0.09881330683135202,0.08033223628212517,563.450305282826,0.005937732526444237,157.39999882840786,4222,2.108316580498316,0.0
