RMS,MAV,IEMG,VAR,WL,WAMP,FMN,FMD
0.12445530754986439,0.10849737193636118,744.9429557150559,0.004779145892572789,146.45416518547523,4158,12.088770953343754,0.0
