RMS,MAV,IEMG,VAR,WL,WAMP,FMN,FMD
0.1814828820813855,0.141504359981094,1216.229974037503,0.023387215741530937,351.87479628896546,5209,-1.722811736818218,41.41942990110529
