RMS,MAV,IEMG,VAR,WL,WAMP,FMN,FMD
<<<<<<<< HEAD:features/7/beeadfef-8236-406e-9de1-37be799976ed-o11p3.csv
0.10261010961911846,0.0756408988950712,517.6863120378673,0.009847548492319209,192.76817203010393,4740,59.467235948673434,60.05260081823495
========
0.10261010961911846,0.0756408988950712,517.6863120378673,0.009847548492319209,192.76817203010393,4740,52.23908889338278,54.646405610753945
>>>>>>>> devP:features/7/7078f49f-797c-4b8d-babe-cb96d7f7c38b-o11p3.csv
