RMS,MAV,IEMG,VAR,WL,WAMP,FMN,FMD
<<<<<<<< HEAD:features/7/6db64489-ebe1-4b11-959c-347e4ba642de-o8p4.csv
0.15088568523093945,0.11087446872435164,707.8226083362608,0.02220239801497033,295.48782454113984,4987,67.32456623299427,69.70551378446115
========
0.15088568523093945,0.11087446872435164,707.8226083362608,0.02220239801497033,295.48782454113984,4987,64.06898961289585,69.3922305764411
>>>>>>>> devP:features/7/c2a8ce6b-9e65-488b-a931-9b15df71f8ed-o8p4.csv
