RMS,MAV,IEMG,VAR,WL,WAMP,FMN,FMD
0.15088568523093945,0.11087446872435164,707.8226083362608,0.02220239801497033,295.48782454113984,4987,64.06898961289585,69.3922305764411
