RMS,MAV,IEMG,VAR,WL,WAMP,FMN,FMD
<<<<<<<< HEAD:features/7/b7ad6f7b-d2fa-48b6-bc45-2f5e9239c7c3-o7p1.csv
0.1496267383730016,0.12452881862216458,812.9241279654904,0.011087896931209457,216.36736777255675,4781,68.57348674166603,71.23161764705881
========
0.1496267383730016,0.12452881862216458,812.9241279654904,0.011087896931209457,216.36736777255675,4781,22.569644014417943,0.0
>>>>>>>> devP:features/7/c3014ae9-53c7-459d-b993-61f735c6ccda-o7p1.csv
