RMS,MAV,IEMG,VAR,WL,WAMP,FMN,FMD
<<<<<<<< HEAD:features/7/c3996945-9929-4d6d-b577-37c846651a59-o10p2.csv
0.07149122880957041,0.05384879768734613,349.1556042047523,0.004397548465810648,126.29234324331736,3616,65.43416975374795,66.1628624305984
========
0.07149122880957041,0.05384879768734613,349.1556042047523,0.004397548465810648,126.29234324331736,3616,49.403853166228664,56.60086366440469
>>>>>>>> devP:features/7/e1c5f98b-a83c-4a39-a864-9f82a6d89634-o10p2.csv
