RMS,MAV,IEMG,VAR,WL,WAMP,FMN,FMD
<<<<<<<< HEAD:features/7/37789f24-09a6-4ba8-b97b-d2dc43e6349f-o5p6.csv
0.1737906816542324,0.11809277409011087,801.8499360718529,0.02954955249366305,331.40013505734737,5081,68.6447107201709,71.72312223858616
========
0.1737906816542324,0.11809277409011087,801.8499360718529,0.02954955249366305,331.40013505734737,5081,65.73647379517827,70.10309278350516
>>>>>>>> devP:features/7/c3ea72e6-0bcd-4257-8bbd-c100815a0f01-o5p6.csv
