RMS,MAV,IEMG,VAR,WL,WAMP,FMN,FMD
0.1737906816542324,0.11809277409011087,801.8499360718529,0.02954955249366305,331.40013505734737,5081,65.73647379517827,70.10309278350516
