RMS,MAV,IEMG,VAR,WL,WAMP,FMN,FMD
0.07806942463000105,0.05676212576138581,384.0525429015364,0.006087859339893439,161.99098875314178,4362,70.51912671650112,68.87378066804611
