RMS,MAV,IEMG,VAR,WL,WAMP,FMN,FMD
0.2313963598579308,0.1870050705136327,1260.9751904734253,0.03690872497178886,413.0438756630482,5604,5.127024866858761,0.0
