RMS,MAV,IEMG,VAR,WL,WAMP,FMN,FMD
0.23793414324622755,0.16924665196602556,1229.9154198371077,0.05267076639332379,494.7091543097981,5398,61.68356678507658,69.07940002752167
