RMS,MAV,IEMG,VAR,WL,WAMP,FMN,FMD
<<<<<<<< HEAD:features/7/d371e3ba-58d7-4d1f-8083-91d32ce05f7c-o11p2.csv
0.117431540188977,0.089744860259931,652.4451340896984,0.009961343200537294,200.5931450411979,4793,60.66757279762719,62.17331499312242
========
0.117431540188977,0.089744860259931,652.4451340896984,0.009961343200537294,200.5931450411979,4793,34.29995205711655,33.83768913342503
>>>>>>>> devP:features/7/839f0b31-b3d1-4bd4-ba02-7d7a214039e5-o11p2.csv
