RMS,MAV,IEMG,VAR,WL,WAMP,FMN,FMD
0.117431540188977,0.089744860259931,652.4451340896984,0.009961343200537294,200.5931450411979,4793,60.66757279762719,62.17331499312242
