RMS,MAV,IEMG,VAR,WL,WAMP,FMN,FMD
0.16922669216482156,0.131775375863286,911.358499470486,0.024306436449165275,337.1551237074648,5496,1.123446467771506,0.0
