RMS,MAV,IEMG,VAR,WL,WAMP,FMN,FMD
0.2513617950917646,0.20827583113607387,1586.2287299323386,0.035860081149165814,461.48196961851977,6068,68.97477122606072,70.50945378151259
