RMS,MAV,IEMG,VAR,WL,WAMP,FMN,FMD
0.177089892464162,0.13258415102249374,982.9788956807686,0.027699591479652393,378.6240293921056,5592,68.20841980180181,69.73293768545994
