RMS,MAV,IEMG,VAR,WL,WAMP,FMN,FMD
0.20060026889834814,0.15435097796767783,1030.1384269562818,0.032413337590139916,372.86114568167926,5251,3.880593562997503,0.0
