RMS,MAV,IEMG,VAR,WL,WAMP,FMN,FMD
0.21600436989442712,0.1598690148364526,1042.345976733671,0.04446308159620616,425.3306177501312,5359,66.33443750913268,67.94478527607362
