RMS,MAV,IEMG,VAR,WL,WAMP,FMN,FMD
<<<<<<<< HEAD:features/7/f404c3e9-14a5-4f81-ba64-da722d2ccee9-o3p3.csv
0.2734505374071922,0.2001560695999898,1328.2356778655324,0.07454492277697955,552.6796525528183,5689,65.6351588431451,66.30500301386377
========
0.2734505374071922,0.2001560695999898,1328.2356778655324,0.07454492277697955,552.6796525528183,5689,65.23214700077445,66.1543098251959
>>>>>>>> devP:features/7/dc9d20f5-eb31-4ae1-b59a-3384ba5b4643-o3p3.csv
