RMS,MAV,IEMG,VAR,WL,WAMP,FMN,FMD
0.2734505374071922,0.2001560695999898,1328.2356778655324,0.07454492277697955,552.6796525528183,5689,65.23214700077445,66.1543098251959
