RMS,MAV,IEMG,VAR,WL,WAMP,FMN,FMD
0.10777582993245197,0.0881059567979008,646.2571931126024,0.005909017168120664,173.7523679928018,5031,-0.17014643745994487,0.0
