RMS,MAV,IEMG,VAR,WL,WAMP,FMN,FMD
0.14000389936317875,0.10631674104252758,760.90891564137,0.017553450014744464,298.8499696922442,5333,0.6974296583343489,62.31661310605002
