RMS,MAV,IEMG,VAR,WL,WAMP,FMN,FMD
0.07149122880957041,0.05384879768734613,349.1556042047523,0.004397548465810648,126.29234324331736,3616,49.403853166228664,56.60086366440469
