RMS,MAV,IEMG,VAR,WL,WAMP,FMN,FMD
0.10587073628614271,0.07670030095889824,479.83708279886736,0.011178987689836415,207.27835063607145,4408,67.76090609616557,69.37340153452685
