RMS,MAV,IEMG,VAR,WL,WAMP,FMN,FMD
<<<<<<<< HEAD:features/7/d9ab5a89-9271-4b89-b4e1-b642e44c2fa9-o4p5.csv
0.2513617950917646,0.20827583113607387,1586.2287299323386,0.035860081149165814,461.48196961851977,6068,68.97477122606072,70.50945378151259
========
0.2513617950917646,0.20827583113607387,1586.2287299323386,0.035860081149165814,461.48196961851977,6068,27.329201082122324,0.0
>>>>>>>> devP:features/7/e4b72dbb-cf48-4b3e-a7d3-df75575bfd4e-o4p5.csv
