RMS,MAV,IEMG,VAR,WL,WAMP,FMN,FMD
<<<<<<<< HEAD:features/7/3bbaeff0-aeea-4858-91c6-03ed2c0160eb-o4p1.csv
0.20060026889834814,0.15435097796767783,1030.1384269562818,0.032413337590139916,372.86114568167926,5251,69.32411554874113,70.57237039256817
========
0.20060026889834814,0.15435097796767783,1030.1384269562818,0.032413337590139916,372.86114568167926,5251,46.74720697634042,54.54000599340725
>>>>>>>> devP:features/7/e6c46aeb-3ccc-4760-b1f5-7dc04b2f1566-o4p1.csv
