RMS,MAV,IEMG,VAR,WL,WAMP,FMN,FMD
0.09170677495546582,0.07881485452492241,438.5258505766683,0.003024765819884413,91.09231036355735,3173,61.84628999687117,59.66930265995686
