RMS,MAV,IEMG,VAR,WL,WAMP,FMN,FMD
0.18723936664129157,0.14927891768830212,1079.5851327218008,0.025167644111337803,352.50883293259994,5361,-1.157198460665194,40.376106194690266
