RMS,MAV,IEMG,VAR,WL,WAMP,FMN,FMD
<<<<<<<< HEAD:features/7/ede4937a-2f56-407e-9afe-9ead63bd798a-o1p4.csv
0.20944333780243332,0.1694726197092472,1331.376900435846,0.026794469259871972,406.12511839608936,6070,68.4783533599886,71.02851323828921
========
0.20944333780243332,0.1694726197092472,1331.376900435846,0.026794469259871972,406.12511839608936,6070,30.10969257617538,0.0
>>>>>>>> devP:features/7/29e63fbd-e701-493c-846d-927cf8266495-o1p4.csv
