RMS,MAV,IEMG,VAR,WL,WAMP,FMN,FMD
0.16670073463322455,0.16091105732395303,1100.4707210385147,0.0018989369243975426,89.95648507674659,3073,66.67401814104852,67.9923965492031
