RMS,MAV,IEMG,VAR,WL,WAMP,FMN,FMD
<<<<<<<< HEAD:features/7/ee651bf9-fe29-4c37-903c-3f138450d54d-o10p1.csv
0.16670073463322455,0.16091105732395303,1100.4707210385147,0.0018989369243975426,89.95648507674659,3073,66.67401814104852,67.9923965492031
========
0.16670073463322455,0.16091105732395303,1100.4707210385147,0.0018989369243975426,89.95648507674659,3073,2.3586313024943752,0.0
>>>>>>>> devP:features/7/a8d5b10f-64f3-46d7-8f4c-e324b6175a79-o10p1.csv
