RMS,MAV,SSI,IEMG,VAR,WL,WAMP
0.007799161815377452,0.005734698531998457,0.009124038753366258,0.8602047797997686,6.057587617505083e-05,0.380962849034002,78
