RMS,MAV,IEMG,VAR,WL,WAMP,FMN,FMD
<<<<<<<< HEAD:features/7/b204429c-171f-44ff-b5ea-5094869c3af6-o5p2.csv
0.23223122039231256,0.15921209049913676,1158.2679583812198,0.051858082274105634,477.32218644851184,4951,71.65996843456321,74.77663230240549
========
0.23223122039231256,0.15921209049913676,1158.2679583812198,0.051858082274105634,477.32218644851184,4951,66.35434814718742,71.61512027491408
>>>>>>>> devP:features/7/f1254a8a-4198-4da6-8396-4e02f702f739-o5p2.csv
