RMS,MAV,IEMG,VAR,WL,WAMP,FMN,FMD
0.18723936664129157,0.14927891768830212,1079.5851327218008,0.025167644111337803,352.50883293259994,5361,68.66827333484109,70.51991150442477
