RMS,MAV,IEMG,VAR,WL,WAMP,FMN,FMD
<<<<<<<< HEAD:features/7/f2f0b0f9-363a-481d-89b3-c1c604649255-o4p3.csv
0.18723936664129157,0.14927891768830212,1079.5851327218008,0.025167644111337803,352.50883293259994,5361,68.66827333484109,70.51991150442477
========
0.18723936664129157,0.14927891768830212,1079.5851327218008,0.025167644111337803,352.50883293259994,5361,38.44799212107012,40.376106194690266
>>>>>>>> devP:features/7/9692bfa3-0a18-44ab-9e58-986e910afc2d-o4p3.csv
