RMS,MAV,IEMG,VAR,WL,WAMP,FMN,FMD
<<<<<<<< HEAD:features/7/80594999-f096-40ce-8226-ca7e255e100e-o11p4.csv
0.11575850724267626,0.0828161937200563,403.81176057899455,0.008184183868438558,80.06834630687888,2600,40.35489359593465,31.788351107465132
========
0.11575850724267626,0.0828161937200563,403.81176057899455,0.008184183868438558,80.06834630687888,2600,17.741405021144907,0.0
>>>>>>>> devP:features/7/f53cb135-a001-45b2-add8-f5af5626018f-o11p4.csv
