RMS,MAV,IEMG,VAR,WL,WAMP,FMN,FMD
0.11575850724267626,0.0828161937200563,403.81176057899455,0.008184183868438558,80.06834630687888,2600,17.741405021144907,0.0
