RMS,MAV,IEMG,VAR,WL,WAMP,FMN,FMD
0.06277181325240025,0.04988068404102827,8.67923902313892,0.0022754694317550276,2.6495288038690195,99,13.600030655575095,0.0
