RMS,MAV,IEMG,VAR,WL,WAMP,FMN,FMD
0.10612763339059235,0.07255965652700007,568.3597895759915,0.01120227783673791,239.1322686740973,5036,52.80501219111022,73.1520490233627
