RMS,MAV,IEMG,VAR,WL,WAMP,FMN,FMD
0.24799767556324667,0.18461449455042186,1200.363443566843,0.05838633471111039,481.9608167526537,5484,65.56365061786198,65.67210089203323
