RMS,MAV,IEMG,VAR,WL,WAMP,FMN,FMD
0.08908539534751651,0.06905871183335135,457.16867233678596,0.005914622680892736,154.93396160276913,4356,64.2197965112468,65.10574018126889
