RMS,MAV,IEMG,VAR,WL,WAMP,FMN,FMD
<<<<<<<< HEAD:features/7/aaa63988-359d-43cc-b814-05424202e4c8-o1p3.csv
0.2032464894765095,0.14756757228543838,1124.4649008150404,0.03861454145074306,458.5468049686314,5978,70.48926825111441,73.49081364829397
========
0.2032464894765095,0.14756757228543838,1124.4649008150404,0.03861454145074306,458.5468049686314,5978,61.85636537079196,70.07874015748031
>>>>>>>> devP:features/7/fe8ba0da-b0fc-4dbd-a6ce-1266a5b61ba1-o1p3.csv
