{"window_size": 800, "threshold": 0.0023, "cutoff": 100, "segments": [[10.761, 11.676], [25.555000000000003, 31.134], [40.457, 46.35], [55.535, 61.579], [70.485, 77.055], [85.73700000000001, 91.994], [100.21100000000001, 108.465], [115.676, 121.81400000000001], [130.731, 137.15], [145.775, 151.132], [160.89600000000002, 166.553], [175.937, 181.96200000000002], [191.62300000000002, 193.53300000000002], [205.722, 211.60600000000002], [221.013, 226.827], [235.92100000000002, 241.925], [251.05200000000002, 251.898], [265.86699999999996, 272.779]]}