{"window_size": 900, "threshold": 0.0015, "cutoff": 100, "segments": [[9.929, 16.321], [28.372000000000003, 33.603], [40.605, 46.347], [55.083999999999996, 61.862], [70.37, 77.51400000000001], [85.31500000000001, 91.99600000000001], [100.31700000000001, 107.90400000000001], [115.396, 122.47200000000001], [130.595, 138.29600000000002], [146.01600000000002, 151.697], [160.586, 167.035], [176.19, 182.198], [191.26600000000002, 196.53], [205.95600000000002, 213.544], [221.17100000000002, 227.562], [236.167, 242.09300000000002], [251.04000000000002, 257.089], [266.221, 272.358]]}