{"window_size": 800, "threshold": 0.003, "cutoff": 100, "segments": [[11.128, 16.554000000000002], [25.661, 32.036], [40.812999999999995, 46.858], [55.788, 62.099], [70.879, 77.444], [86.253, 92.36800000000001], [101.063, 108.21100000000001], [117.11200000000001, 122.87800000000001], [131.172, 138.02700000000002], [146.287, 151.97], [161.31300000000002, 166.969], [176.401, 182.217], [191.49800000000002, 197.156], [206.518, 212.31900000000002], [221.73600000000002, 227.668], [236.573, 242.827], [251.639, 257.97999999999996], [266.674, 273.548], [281.54999999999995, 282.14]]}