{"window_size": 1000, "threshold": 0.0025, "cutoff": 100, "segments": [[10.421, 16.163], [25.471, 31.797], [40.415, 47.419], [55.424, 62.321], [70.39500000000001, 77.575], [85.997, 92.414], [100.78, 107.545], [115.665, 122.47000000000001], [130.882, 138.48000000000002], [145.838, 151.787], [160.88500000000002, 166.872], [176.121, 182.121], [191.11100000000002, 192.862], [206.322, 211.798], [221.673, 227.209], [236.413, 242.51600000000002], [251.33700000000002, 257.296], [266.09499999999997, 273.525]]}