{"window_size": 800, "threshold": 0.0025, "cutoff": 100, "segments": [[11.072, 16.147000000000002], [25.687, 31.789], [40.686, 48.554], [55.851, 62.113], [70.816, 77.48100000000001], [86.046, 92.385], [101.00800000000001, 108.84], [115.971, 122.144], [131.03, 137.45100000000002], [146.041, 151.061], [160.8, 166.85], [176.163, 181.618], [191.142, 192.073], [206.198, 207.54000000000002], [221.531, 226.812], [236.05200000000002, 242.073], [251.175, 256.88599999999997], [265.945, 272.388]]}