{"window_size": 1000, "threshold": 0.0033, "cutoff": 100, "segments": [[10.129999999999999, 18.162000000000003], [25.794, 32.196999999999996], [39.841, 47.193999999999996], [55.105, 61.824999999999996], [70.054, 76.90400000000001], [85.36800000000001, 92.024], [100.525, 107.79400000000001], [115.566, 122.35700000000001], [130.489, 137.554], [145.597, 151.241], [160.773, 166.06300000000002], [175.78900000000002, 183.243], [190.98600000000002, 196.50900000000001], [205.964, 212.63], [220.86100000000002, 227.328], [236.341, 242.00400000000002], [251.17100000000002, 258.59999999999997], [266.102, 272.578]]}