{"window_size": 500, "threshold": 0.0028, "cutoff": 100, "segments": [[10.844999999999999, 16.006], [25.798000000000002, 31.368000000000002], [40.787, 46.61], [55.8, 61.714], [70.84700000000001, 77.23100000000001], [86.051, 91.872], [101.06800000000001, 107.32300000000001], [115.92800000000001, 121.962], [130.98000000000002, 137.499], [145.994, 153.024], [160.822, 166.899], [175.971, 181.501], [191.12900000000002, 192.339], [206.15800000000002, 207.98000000000002], [221.23000000000002, 226.501], [236.047, 241.828], [251.369, 256.837], [266.15999999999997, 267.481]]}