RMS,MAV,IEMG,VAR,WL,WAMP,FMN,FMD
<<<<<<<< HEAD:features/6/eebfa113-61d2-4516-8c03-ae4a8abd44ba-o4p5.csv
0.20367091967048073,0.1781714791393617,1227.2451483119235,0.01416421048705103,274.20075642564217,5205,70.03012752354692,72.88037166085947
========
0.20367091967048073,0.1781714791393617,1227.2451483119235,0.01416421048705103,274.20075642564217,5205,14.417572891182301,0.0
>>>>>>>> devP:features/6/07524364-9ffa-435d-ba63-68eb8bef9769-o4p5.csv
