RMS,MAV,IEMG,VAR,WL,WAMP,FMN,FMD
<<<<<<<< HEAD:features/6/07a834d0-28d8-4158-ae06-0bf9aae84b4a-o4p4.csv
0.13481890939629365,0.10355975495809945,910.9116046114427,0.01737300682695302,381.4675774992028,7041,67.32362130381819,68.78126421100501
========
0.13481890939629365,0.10355975495809945,910.9116046114427,0.01737300682695302,381.4675774992028,7041,61.62585509086196,66.39381537062302
>>>>>>>> devP:features/6/6abafefa-2f2d-42df-b4a9-be7abde1ee5c-o4p4.csv
