RMS,MAV,IEMG,VAR,WL,WAMP,FMN,FMD
<<<<<<<< HEAD:features/6/44b41770-836a-47bb-825a-4e1624527f70-o10p4.csv
0.08290532583485508,0.06983048871559888,487.4168112348802,0.0030505081781207386,117.72021339829055,3812,67.16044984760096,68.33810888252148
========
0.08290532583485508,0.06983048871559888,487.4168112348802,0.0030505081781207386,117.72021339829055,3812,19.154077127106884,0.0
>>>>>>>> devP:features/6/0b00901f-7182-4f8e-96a4-13d2d89467a8-o10p4.csv
