RMS,MAV,IEMG,VAR,WL,WAMP,FMN,FMD
<<<<<<<< HEAD:features/6/32ff1d9f-7f7d-45f5-833b-741cb345ff8e-o9p1.csv
0.048040590201794936,0.03715434014193743,200.52197374603628,0.0018829189789218307,73.99923768004544,2910,63.58276822778392,62.442097461552706
========
0.048040590201794936,0.03715434014193743,200.52197374603628,0.0018829189789218307,73.99923768004544,2910,43.80774298026541,48.17491198814155
>>>>>>>> devP:features/6/0b9c07e7-4f6c-43cb-a70e-717dab81ec67-o9p1.csv
