RMS,MAV,IEMG,VAR,WL,WAMP,FMN,FMD
0.11306761510978956,0.08901410865824261,512.3652094368445,0.010646306363810676,194.76774690383417,4345,-0.1599889006551986,55.42043085476025
