RMS,MAV,IEMG,VAR,WL,WAMP,FMN,FMD
0.07903763936387799,0.061229666083805125,413.66762406218743,0.005556920562295734,154.79860033673077,4413,2.2832075340363422,0.0
