RMS,MAV,IEMG,VAR,WL,WAMP,FMN,FMD
<<<<<<<< HEAD:features/6/70fca174-edf7-463d-9ba1-8f2d7dfc4299-o4p2.csv
0.1651698669483243,0.1421741442502778,955.4102493618668,0.01066064296654689,233.38839472483644,5097,69.01559088043881,72.32142857142857
========
0.1651698669483243,0.1421741442502778,955.4102493618668,0.01066064296654689,233.38839472483644,5097,16.759111262786355,0.0
>>>>>>>> devP:features/6/0e86148e-949f-4511-a370-787c45be95cc-o4p2.csv
