RMS,MAV,IEMG,VAR,WL,WAMP,FMN,FMD
<<<<<<<< HEAD:features/6/f649edaf-6a64-466d-83e5-9218b501a08f-o10p2.csv
0.03905130954470357,0.0319220223317587,213.3987192878069,0.000813255368472898,59.869285754295305,2343,66.58097756410494,68.96035901271503
========
0.03905130954470357,0.0319220223317587,213.3987192878069,0.000813255368472898,59.869285754295305,2343,24.207996473182654,0.0
>>>>>>>> devP:features/6/0f7ff9b7-e377-4885-b1c4-50890ae33902-o10p2.csv
