RMS,MAV,IEMG,VAR,WL,WAMP,FMN,FMD
0.03905130954470357,0.0319220223317587,213.3987192878069,0.000813255368472898,59.869285754295305,2343,24.207996473182654,0.0
