RMS,MAV,IEMG,VAR,WL,WAMP,FMN,FMD
<<<<<<<< HEAD:features/6/5c4cb9d0-fc51-42be-886a-918fe98d935c-o1p5.csv
0.1197533609800743,0.09637622447820224,574.4986741145635,0.010683234140239669,201.68876446895348,4333,68.47954974188161,71.63227646368058
========
0.1197533609800743,0.09637622447820224,574.4986741145635,0.010683234140239669,201.68876446895348,4333,40.64688899220302,45.29441368897836
>>>>>>>> devP:features/6/13cee881-f28d-48b7-979c-e7660d43e3bd-o1p5.csv
