RMS,MAV,IEMG,VAR,WL,WAMP,FMN,FMD
<<<<<<<< HEAD:features/6/929a6749-a8dd-43b1-8e6b-aab22d173f33-o10p6.csv
0.058473156943686946,0.045994878075238915,280.66074601510786,0.0023272682307328672,86.27662326239272,3053,62.87455732621643,67.19108489019993
========
0.058473156943686946,0.045994878075238915,280.66074601510786,0.0023272682307328672,86.27662326239272,3053,32.43793369823737,13.929859062602423
>>>>>>>> devP:features/6/15e3858c-b68a-46e3-9ce6-131e83f23992-o10p6.csv
