RMS,MAV,IEMG,VAR,WL,WAMP,FMN,FMD
<<<<<<<< HEAD:features/6/20ade5f8-ca02-42a3-ac77-53fc37b70814-o5p3.csv
0.11882036893956036,0.08834910902570244,552.8887242828458,0.01358712038322931,228.55815672934224,4491,68.05279209357369,68.5522531160115
========
0.11882036893956036,0.08834910902570244,552.8887242828458,0.01358712038322931,228.55815672934224,4491,63.117872993306186,67.11409395973155
>>>>>>>> devP:features/6/e0cc2163-2e8b-4f5f-819d-8c34b877639f-o5p3.csv
