RMS,MAV,IEMG,VAR,WL,WAMP,FMN,FMD
0.1197533609800743,0.09637622447820224,574.4986741145635,0.010683234140239669,201.68876446895348,4333,4.607184020447443,0.0
