RMS,MAV,IEMG,VAR,WL,WAMP,FMN,FMD
0.17488147902147147,0.13236381924920965,929.0616473102025,0.02878520414904046,390.08779803505695,5436,62.701133808860334,69.6680438808947
