RMS,MAV,IEMG,VAR,WL,WAMP,FMN,FMD
0.0958251716400681,0.07060081912821328,478.9559569657989,0.009172681351695596,199.9917300938822,4590,66.28162247355952,69.13325471698114
