RMS,MAV,IEMG,VAR,WL,WAMP,FMN,FMD
<<<<<<<< HEAD:features/6/e8bad8c6-822a-48b6-a3af-bc8bceb5b090-o3p2.csv
0.0958251716400681,0.07060081912821328,478.9559569657989,0.009172681351695596,199.9917300938822,4590,66.42299399848696,69.13325471698114
========
0.0958251716400681,0.07060081912821328,478.9559569657989,0.009172681351695596,199.9917300938822,4590,66.28162247355952,69.13325471698114
>>>>>>>> devP:features/6/2662df3d-2785-4755-98bd-a7f0777bbf66-o3p2.csv
