RMS,MAV,IEMG,VAR,WL,WAMP,FMN,FMD
<<<<<<<< HEAD:features/6/af64c850-9386-42e0-a42c-3b27b958cf1b-o11p1.csv
0.07556913032936503,0.05970759921031063,397.59290314145846,0.004032441660579096,126.06936500638574,3944,62.52246661556953,63.52305150923562
========
0.07556913032936503,0.05970759921031063,397.59290314145846,0.004032441660579096,126.06936500638574,3944,34.12099972828426,31.53626670671272
>>>>>>>> devP:features/6/2f1191b2-1e8a-497a-920e-5e6c7e8c32d3-o11p1.csv
