RMS,MAV,IEMG,VAR,WL,WAMP,FMN,FMD
<<<<<<<< HEAD:features/6/a8ab5a0a-839a-40d4-9b7e-49230da34790-o10p1.csv
0.16261045407744482,0.16094537162878697,886.6480523029875,0.0005387471265444349,41.96323330123397,1604,68.08319722528633,70.06716282446904
========
0.16261045407744482,0.16094537162878697,886.6480523029875,0.0005387471265444349,41.96323330123397,1604,0.7007207137592205,0.0
>>>>>>>> devP:features/6/306272ee-3b46-4ef7-9cae-6af472d6d1f5-o10p1.csv
