RMS,MAV,IEMG,VAR,WL,WAMP,FMN,FMD
0.16261045407744482,0.16094537162878697,886.6480523029875,0.0005387471265444349,41.96323330123397,1604,0.7007207137592205,0.0
