RMS,MAV,IEMG,VAR,WL,WAMP,FMN,FMD
<<<<<<<< HEAD:features/6/4514a2ba-b9ca-4865-8f3e-f105b6e65a09-o8p4.csv
0.0705839209145213,0.05385450469471187,308.85558442417255,0.004417275311887404,115.48641613576568,3550,64.38955894251987,65.56233653007847
========
0.0705839209145213,0.05385450469471187,308.85558442417255,0.004417275311887404,115.48641613576568,3550,51.276601305141014,58.58761987794246
>>>>>>>> devP:features/6/317d0964-10f9-4dd2-80bf-976ea45773c8-o8p4.csv
