RMS,MAV,IEMG,VAR,WL,WAMP,FMN,FMD
0.0705839209145213,0.05385450469471187,308.85558442417255,0.004417275311887404,115.48641613576568,3550,51.276601305141014,58.58761987794246
