RMS,MAV,IEMG,VAR,WL,WAMP,FMN,FMD
0.157725572535742,0.13724609631314022,1016.4445892951164,0.007810095255150306,201.31115236421664,4743,12.418049359163659,0.0
