RMS,MAV,IEMG,VAR,WL,WAMP,FMN,FMD
0.048040590201794936,0.03715434014193743,200.52197374603628,0.0018829189789218307,73.99923768004544,2910,1.4137164111254523,0.0
