RMS,MAV,IEMG,VAR,WL,WAMP,FMN,FMD
0.10981958341344471,0.10388519843267462,627.67436893022,0.0013667285220657465,70.71531092411166,2645,0.2265121154195645,0.0
