RMS,MAV,IEMG,VAR,WL,WAMP,FMN,FMD
0.08710438458826987,0.06454271451119893,207.50482715350458,0.0059028970929683846,76.1056647680246,2193,43.87525633273078,53.810264385692065
