RMS,MAV,IEMG,VAR,WL,WAMP,FMN,FMD
<<<<<<<< HEAD:features/6/414cd2e3-91ba-473f-a101-69aae9a1baa1-o11p5.csv
0.08710438458826987,0.06454271451119893,207.50482715350458,0.0059028970929683846,76.1056647680246,2193,68.91315610588902,68.42923794712286
========
0.08710438458826987,0.06454271451119893,207.50482715350458,0.0059028970929683846,76.1056647680246,2193,43.87525633273078,53.810264385692065
>>>>>>>> devP:features/6/3956bc33-5398-454d-8619-dba4c4d9f1e8-o11p5.csv
