RMS,MAV,IEMG,VAR,WL,WAMP,FMN,FMD
<<<<<<<< HEAD:features/6/c0bc326a-2efd-4f6d-bfbf-7fbecddab850-o9p4.csv
0.10158615610212693,0.08536020688737264,462.14016008823546,0.004613504321549624,109.41883095547189,3543,61.492394307638584,60.76837827853713
========
0.10158615610212693,0.08536020688737264,462.14016008823546,0.004613504321549624,109.41883095547189,3543,17.70221031076777,0.0
>>>>>>>> devP:features/6/39ac7340-6815-4021-921d-655d59e9d624-o9p4.csv
