RMS,MAV,IEMG,VAR,WL,WAMP,FMN,FMD
<<<<<<<< HEAD:features/6/5b3599eb-37a7-49be-aa6b-31ab789d6444-o6p4.csv
0.1197022434878691,0.0933052708917746,583.251248344483,0.012122824535342872,216.64053529961257,4722,65.26667649434174,63.02991521356583
========
0.1197022434878691,0.0933052708917746,583.251248344483,0.012122824535342872,216.64053529961257,4722,47.85266160206168,54.391297392417215
>>>>>>>> devP:features/6/42dbd624-ad82-4f6c-8684-77336918584b-o6p4.csv
