RMS,MAV,IEMG,VAR,WL,WAMP,FMN,FMD
<<<<<<<< HEAD:features/6/449b1ebd-b319-49fd-93ff-a3be06a4b1f3-o11p3.csv
0.07903763936387799,0.061229666083805125,413.66762406218743,0.005556920562295734,154.79860033673077,4413,63.67444341343258,65.71936056838366
========
0.07903763936387799,0.061229666083805125,413.66762406218743,0.005556920562295734,154.79860033673077,4413,51.006924116151964,57.282415630550624
>>>>>>>> devP:features/6/196838e0-e0db-4f04-9a98-ea2ff0efcc29-o11p3.csv
