RMS,MAV,IEMG,VAR,WL,WAMP,FMN,FMD
0.07903763936387799,0.061229666083805125,413.66762406218743,0.005556920562295734,154.79860033673077,4413,63.67444341343258,65.71936056838366
