RMS,MAV,IEMG,VAR,WL,WAMP,FMN,FMD
0.0705839209145213,0.05385450469471187,308.85558442417255,0.004417275311887404,115.48641613576568,3550,64.38955894251987,65.56233653007847
