RMS,MAV,IEMG,VAR,WL,WAMP,FMN,FMD
0.10141102043783617,0.08011518608248945,516.582719859892,0.008239100564993796,188.84639973163246,4580,4.774480662432037,51.643920595533494
