RMS,MAV,IEMG,VAR,WL,WAMP,FMN,FMD
<<<<<<<< HEAD:features/6/7f449af3-2be4-4882-967d-90991ac5174b-o8p5.csv
0.06588510065168506,0.04922301568614815,312.07391945017923,0.004278955396783792,131.9544086844121,3988,65.869963447376,67.82334384858044
========
0.06588510065168506,0.04922301568614815,312.07391945017923,0.004278955396783792,131.9544086844121,3988,64.01804116860691,67.66561514195583
>>>>>>>> devP:features/6/4686711e-90da-42a6-b017-9e448dd4c4b7-o8p5.csv
