RMS,MAV,IEMG,VAR,WL,WAMP,FMN,FMD
0.0796174848819739,0.07285367361801612,440.91043273623353,0.001228197144040026,64.56214005154465,2427,6.9272183722759975,0.0
