RMS,MAV,IEMG,VAR,WL,WAMP,FMN,FMD
<<<<<<<< HEAD:features/6/10dbd6ae-ec00-42a0-bc59-eb26e7465ddb-o1p3.csv
0.10263477084880132,0.0826892611737824,496.2182563038682,0.007842079451027882,166.95500142605343,4182,65.66708420881197,66.15564072654557
========
0.10263477084880132,0.0826892611737824,496.2182563038682,0.007842079451027882,166.95500142605343,4182,38.93676618172325,43.82602899516747
>>>>>>>> devP:features/6/4b4ca6ad-90d7-4c61-8ab9-aa3d17cd61a4-o1p3.csv
