RMS,MAV,IEMG,VAR,WL,WAMP,FMN,FMD
0.10263477084880132,0.0826892611737824,496.2182563038682,0.007842079451027882,166.95500142605343,4182,38.93676618172325,43.82602899516747
