RMS,MAV,IEMG,VAR,WL,WAMP,FMN,FMD
<<<<<<<< HEAD:features/6/b2ed2071-0f99-4159-a7f4-4da18224aace-o10p5.csv
0.07710246323650388,0.06761302953882063,451.79026337839946,0.001738959067076189,89.55399434151556,3301,68.00720930412834,71.38581263094882
========
0.07710246323650388,0.06761302953882063,451.79026337839946,0.001738959067076189,89.55399434151556,3301,11.650691937512628,0.0
>>>>>>>> devP:features/6/54179abf-ab34-4135-bae6-3e9cb25ca823-o10p5.csv
