RMS,MAV,IEMG,VAR,WL,WAMP,FMN,FMD
0.07710246323650388,0.06761302953882063,451.79026337839946,0.001738959067076189,89.55399434151556,3301,11.650691937512628,0.0
