RMS,MAV,IEMG,VAR,WL,WAMP,FMN,FMD
<<<<<<<< HEAD:features/6/7a33676d-7699-4ace-9f42-8d6920ef6f89-o4p3.csv
0.14306489911942108,0.11922320216667422,820.3748541088853,0.01055472622428081,216.1593257619361,4773,66.67608015991415,67.28673157971225
========
0.14306489911942108,0.11922320216667422,820.3748541088853,0.01055472622428081,216.1593257619361,4773,23.164529356182065,0.0
>>>>>>>> devP:features/6/583586d7-af52-4bb6-bf67-05fa26a3ae3d-o4p3.csv
