RMS,MAV,IEMG,VAR,WL,WAMP,FMN,FMD
0.14306489911942108,0.11922320216667422,820.3748541088853,0.01055472622428081,216.1593257619361,4773,23.164529356182065,0.0
