RMS,MAV,IEMG,VAR,WL,WAMP,FMN,FMD
<<<<<<<< HEAD:features/6/a64088e7-f339-4759-a3be-c739b0fbf653-o9p5.csv
0.04873030384837383,0.037260041179085615,186.5610261836817,0.0021990623257179534,72.65249461067425,2720,63.844355816580816,63.31136409027362
========
0.04873030384837383,0.037260041179085615,186.5610261836817,0.0021990623257179534,72.65249461067425,2720,55.05312047979128,59.11723586978231
>>>>>>>> devP:features/6/587d5fa2-31fe-4cce-baf2-a0c35ddfd877-o9p5.csv
