RMS,MAV,IEMG,VAR,WL,WAMP,FMN,FMD
<<<<<<<< HEAD:features/6/58d5a08a-27b9-4ea5-92cf-c6042bf51468-o7p5.csv
0.1272388229951714,0.09621648049430497,588.5562111836634,0.01500926743406109,234.1677714132857,4677,65.72497940399307,66.37240477358182
========
0.1272388229951714,0.09621648049430497,588.5562111836634,0.01500926743406109,234.1677714132857,4677,56.79183713500702,60.16020925290175
>>>>>>>> devP:features/6/aa4db1c8-315d-4a31-bb5d-020800fd3cab-o7p5.csv
