RMS,MAV,IEMG,VAR,WL,WAMP,FMN,FMD
0.14848676249958886,0.11617992426396914,726.8216061953909,0.01893726400680545,277.0554687952748,4986,5.821633763242028,0.0
