RMS,MAV,IEMG,VAR,WL,WAMP,FMN,FMD
<<<<<<<< HEAD:features/6/5d3a41cc-9964-4940-a2c1-16fea325505f-o3p4.csv
0.06115622947945692,0.0499263160894044,306.7472860533006,0.0019782547225800627,84.9935617829712,3204,65.86955999335903,66.73177083333333
========
0.06115622947945692,0.0499263160894044,306.7472860533006,0.0019782547225800627,84.9935617829712,3204,23.683897425365235,0.0
>>>>>>>> devP:features/6/7d3b7337-d43c-44b0-af53-48a093574b27-o3p4.csv
