RMS,MAV,IEMG,VAR,WL,WAMP,FMN,FMD
<<<<<<<< HEAD:features/6/0bf90d9a-1a04-4da0-8499-917dc723e0c0-o6p5.csv
0.14848676249958886,0.11617992426396914,726.8216061953909,0.01893726400680545,277.0554687952748,4986,66.41373795341335,65.85677749360615
========
0.14848676249958886,0.11617992426396914,726.8216061953909,0.01893726400680545,277.0554687952748,4986,49.98910253105928,55.9462915601023
>>>>>>>> devP:features/6/5defe41a-7389-4f2b-bb25-6a654d67e5b1-o6p5.csv
