RMS,MAV,IEMG,VAR,WL,WAMP,FMN,FMD
0.09624337843185093,0.07350348709568501,433.8910843258286,0.009026916419899713,178.6433911130988,4350,43.23921963247446,65.22107403015414
