RMS,MAV,IEMG,VAR,WL,WAMP,FMN,FMD
0.058473156943686946,0.045994878075238915,280.66074601510786,0.0023272682307328672,86.27662326239272,3053,-3.5755747037082592,0.0
