RMS,MAV,IEMG,VAR,WL,WAMP,FMN,FMD
0.1272388229951714,0.09621648049430497,588.5562111836634,0.01500926743406109,234.1677714132857,4677,-35.44612600152221,60.16020925290175
