RMS,MAV,IEMG,VAR,WL,WAMP,FMN,FMD
0.13481890939629365,0.10355975495809945,910.9116046114427,0.01737300682695302,381.4675774992028,7041,61.62585509086196,66.39381537062302
