RMS,MAV,IEMG,VAR,WL,WAMP,FMN,FMD
0.1651698669483243,0.1421741442502778,955.4102493618668,0.01066064296654689,233.38839472483644,5097,69.01559088043881,72.32142857142857
