RMS,MAV,IEMG,VAR,WL,WAMP,FMN,FMD
0.10115883642932665,0.079972506661071,489.67165828573775,0.008167268338452537,171.28791550831548,4096,66.60110116100162,67.28727747836028
