RMS,MAV,IEMG,VAR,WL,WAMP,FMN,FMD
0.10128919435198142,0.08160410603320707,502.68129316455554,0.00668749403249842,160.94250781715073,4255,-2.27164430901372,0.0
