RMS,MAV,IEMG,VAR,WL,WAMP,FMN,FMD
<<<<<<<< HEAD:features/6/b717fe7c-5652-41bb-b46d-eb50536cf2e5-o5p5.csv
0.09123257315996788,0.06660677856637669,434.3428030313424,0.00831981191002008,178.65172897169677,4381,63.12505789447941,62.56709093697286
========
0.09123257315996788,0.06660677856637669,434.3428030313424,0.00831981191002008,178.65172897169677,4381,63.07092339184571,62.56709093697286
>>>>>>>> devP:features/6/771771d9-29b7-443e-9ae7-de62290f4b29-o5p5.csv
