RMS,MAV,IEMG,VAR,WL,WAMP,FMN,FMD
0.09123257315996788,0.06660677856637669,434.3428030313424,0.00831981191002008,178.65172897169677,4381,63.07092339184571,62.56709093697286
