RMS,MAV,IEMG,VAR,WL,WAMP,FMN,FMD
0.055199375991318106,0.04115125081034859,242.79237978105667,0.0030181082090407593,103.19232508914527,3460,64.49476477999221,66.61016949152543
