RMS,MAV,IEMG,VAR,WL,WAMP,FMN,FMD
<<<<<<<< HEAD:features/6/edbd44e7-4a80-45a3-bf1d-e3e82d91782a-o3p6.csv
0.055199375991318106,0.04115125081034859,242.79237978105667,0.0030181082090407593,103.19232508914527,3460,65.72832293244792,66.94915254237287
========
0.055199375991318106,0.04115125081034859,242.79237978105667,0.0030181082090407593,103.19232508914527,3460,64.49476477999221,66.61016949152543
>>>>>>>> devP:features/6/7aa4b020-c65c-43e6-85fb-3bd0cec54549-o3p6.csv
