RMS,MAV,IEMG,VAR,WL,WAMP,FMN,FMD
<<<<<<<< HEAD:features/6/da7b08d7-d0a8-4963-9a91-b6203d640692-o3p1.csv
0.12189879885130954,0.10451483249399422,669.208472459045,0.0053061373292194024,136.04163588134105,3981,61.118411168304576,62.15836326721849
========
0.12189879885130954,0.10451483249399422,669.208472459045,0.0053061373292194024,136.04163588134105,3981,13.284289726209078,0.0
>>>>>>>> devP:features/6/7bbcf5e8-0bbb-40c3-ac47-992a67ce52cd-o3p1.csv
