RMS,MAV,IEMG,VAR,WL,WAMP,FMN,FMD
0.06115622947945692,0.0499263160894044,306.7472860533006,0.0019782547225800627,84.9935617829712,3204,23.683897425365235,0.0
