RMS,MAV,IEMG,VAR,WL,WAMP,FMN,FMD
0.13128396901238115,0.11027612656557458,687.3510968832263,0.009425649870625493,197.52870299219603,4526,25.79739708457324,0.0
