RMS,MAV,IEMG,VAR,WL,WAMP,FMN,FMD
<<<<<<<< HEAD:features/6/b0afc0f9-4580-4fdd-a4a4-17f057765a56-o4p1.csv
0.13128396901238115,0.11027612656557458,687.3510968832263,0.009425649870625493,197.52870299219603,4526,68.54740481483641,71.23375581581902
========
0.13128396901238115,0.11027612656557458,687.3510968832263,0.009425649870625493,197.52870299219603,4526,25.79739708457324,0.0
>>>>>>>> devP:features/6/7d63bee1-2837-4301-905e-a53dd241d8f8-o4p1.csv
