RMS,MAV,IEMG,VAR,WL,WAMP,FMN,FMD
0.06588510065168506,0.04922301568614815,312.07391945017923,0.004278955396783792,131.9544086844121,3988,65.869963447376,67.82334384858044
