RMS,MAV,IEMG,VAR,WL,WAMP,FMN,FMD
<<<<<<<< HEAD:features/6/43fef107-46e4-4550-a4a4-640c68a8b373-o8p1.csv
0.04370423016183082,0.0325297145775481,208.7757081587037,0.0019032685909716282,84.48979567699085,3113,62.20033853426398,63.88282954191337
========
0.04370423016183082,0.0325297145775481,208.7757081587037,0.0019032685909716282,84.48979567699085,3113,61.75960378357832,63.72701776254284
>>>>>>>> devP:features/6/803bc068-38e5-4a74-afae-3b0ff1aeb963-o8p1.csv
