RMS,MAV,IEMG,VAR,WL,WAMP,FMN,FMD
<<<<<<<< HEAD:features/6/37231a8b-5735-4205-8ca2-d8d2f09e5eef-o2p1.csv
0.12157207411607801,0.10393330413530219,625.5745575903838,0.006192227315756668,143.74096943884194,3964,65.68331477240103,65.29323807941519
========
0.12157207411607801,0.10393330413530219,625.5745575903838,0.006192227315756668,143.74096943884194,3964,17.405768866033625,0.0
>>>>>>>> devP:features/6/82e199d6-91be-4647-8734-235916ec70a2-o2p1.csv
