RMS,MAV,IEMG,VAR,WL,WAMP,FMN,FMD
<<<<<<<< HEAD:features/6/cb198410-75e2-440b-aca3-84d400d590fc-o8p6.csv
0.05357836618703891,0.0402422853603525,234.29058536797226,0.0028420270379624834,98.01587615207161,3453,64.78761781551154,64.75437993816557
========
0.05357836618703891,0.0402422853603525,234.29058536797226,0.0028420270379624834,98.01587615207161,3453,63.508771397911424,64.41085537615939
>>>>>>>> devP:features/6/842a9554-76da-4d7d-8467-97dc94bf344b-o8p6.csv
