RMS,MAV,IEMG,VAR,WL,WAMP,FMN,FMD
<<<<<<<< HEAD:features/6/15ab62e6-f8b1-4024-8dce-2d02a490191e-o7p1.csv
0.13311344191483712,0.11472811261962754,733.5715520898984,0.006405596206449112,167.92821121327475,4531,67.32981678342755,69.7528933375039
========
0.13311344191483712,0.11472811261962754,733.5715520898984,0.006405596206449112,167.92821121327475,4531,14.855195079086219,0.0
>>>>>>>> devP:features/6/8930e235-6fe6-4530-aa2c-6b623381c81a-o7p1.csv
