RMS,MAV,IEMG,VAR,WL,WAMP,FMN,FMD
0.13311344191483712,0.11472811261962754,733.5715520898984,0.006405596206449112,167.92821121327475,4531,14.855195079086219,0.0
