RMS,MAV,IEMG,VAR,WL,WAMP,FMN,FMD
<<<<<<<< HEAD:features/6/a51eacd1-44ef-491a-8b71-0bc32de6895d-o11p2.csv
0.097427847801399,0.07913495780670993,526.801414119268,0.005660474856460716,147.84845182061582,4284,61.39436775138701,62.190175754844525
========
0.097427847801399,0.07913495780670993,526.801414119268,0.005660474856460716,147.84845182061582,4284,26.082556470090335,0.0
>>>>>>>> devP:features/6/8bbbd78c-a839-41e7-a2b0-284937ca216a-o11p2.csv
