RMS,MAV,IEMG,VAR,WL,WAMP,FMN,FMD
<<<<<<<< HEAD:features/6/716d653a-ed36-483d-b0ee-7b46d50ef9b9-o5p2.csv
0.10115883642932665,0.079972506661071,489.67165828573775,0.008167268338452537,171.28791550831548,4096,66.60110116100162,67.28727747836028
========
0.10115883642932665,0.079972506661071,489.67165828573775,0.008167268338452537,171.28791550831548,4096,44.22726937881525,51.608688551363706
>>>>>>>> devP:features/6/8d41ce8c-115a-47bf-8ace-6bf0b37dc47d-o5p2.csv
