RMS,MAV,IEMG,VAR,WL,WAMP,FMN,FMD
0.09543668867131604,0.08065442638175813,520.2210501623399,0.0040400970320864935,123.22276216198385,4015,61.31952631107544,61.860465116279066
