RMS,MAV,IEMG,VAR,WL,WAMP,FMN,FMD
0.0945952479471071,0.07066290387048563,427.4399055125675,0.008600520854019411,176.27406308506403,4364,64.91507836381767,65.30004959497437
