RMS,MAV,IEMG,VAR,WL,WAMP,FMN,FMD
0.103429814510449,0.08399900010117234,488.5381845884183,0.0067721114193108715,152.6541412665602,3972,0.6629090140350674,0.0
