RMS,MAV,IEMG,VAR,WL,WAMP,FMN,FMD
0.10740960617610462,0.08055774371158866,463.77093054761593,0.011400016982960564,192.72507644054815,4277,-37.331403573483044,65.65919749869722
