RMS,MAV,IEMG,VAR,WL,WAMP,FMN,FMD
<<<<<<<< HEAD:features/6/fe0bdc18-3a63-4aca-83fe-44656df9bd47-o9p3.csv
0.03289481408811163,0.024954600538470952,133.73170428566584,0.0010008981893645462,54.117538687120586,2179,65.03313813743227,66.24370218324314
========
0.03289481408811163,0.024954600538470952,133.73170428566584,0.0010008981893645462,54.117538687120586,2179,55.95714029197889,59.712632953909306
>>>>>>>> devP:features/6/974277f1-54f8-47c7-ae3b-8c9215fcdef3-o9p3.csv
