RMS,MAV,IEMG,VAR,WL,WAMP,FMN,FMD
0.03289481408811163,0.024954600538470952,133.73170428566584,0.0010008981893645462,54.117538687120586,2179,55.95714029197889,59.712632953909306
