RMS,MAV,IEMG,VAR,WL,WAMP,FMN,FMD
0.10128919435198142,0.08160410603320707,502.68129316455554,0.00668749403249842,160.94250781715073,4255,66.43817541088224,67.85714285714286
