RMS,MAV,IEMG,VAR,WL,WAMP,FMN,FMD
<<<<<<<< HEAD:features/6/9c9f904d-539c-42b4-a319-a36e5eb8dd9e-o7p4.csv
0.10128919435198142,0.08160410603320707,502.68129316455554,0.00668749403249842,160.94250781715073,4255,66.43817541088224,67.85714285714286
========
0.10128919435198142,0.08160410603320707,502.68129316455554,0.00668749403249842,160.94250781715073,4255,32.122666322412265,0.0
>>>>>>>> devP:features/6/42cb67eb-e76b-4b95-a9ff-9a59ee3e03e2-o7p4.csv
