RMS,MAV,IEMG,VAR,WL,WAMP,FMN,FMD
0.097427847801399,0.07913495780670993,526.801414119268,0.005660474856460716,147.84845182061582,4284,61.39436775138701,62.190175754844525
