RMS,MAV,IEMG,VAR,WL,WAMP,FMN,FMD
0.04873030384837383,0.037260041179085615,186.5610261836817,0.0021990623257179534,72.65249461067425,2720,63.844355816580816,63.31136409027362
