RMS,MAV,IEMG,VAR,WL,WAMP,FMN,FMD
0.1029399924434488,0.07550750144706067,477.1319016439764,0.009517697825377475,178.86170873668092,3953,64.9529868406409,65.04193701535053
