RMS,MAV,IEMG,VAR,WL,WAMP,FMN,FMD
<<<<<<<< HEAD:features/6/a9b28fe8-710b-410b-8c74-cd7479a51c5b-o10p3.csv
0.10981958341344471,0.10388519843267462,627.67436893022,0.0013667285220657465,70.71531092411166,2645,69.29680687085332,72.16153591525985
========
0.10981958341344471,0.10388519843267462,627.67436893022,0.0013667285220657465,70.71531092411166,2645,4.162350422774426,0.0
>>>>>>>> devP:features/6/f4623dd5-7326-4764-9f24-840ce57c741f-o10p3.csv
