RMS,MAV,IEMG,VAR,WL,WAMP,FMN,FMD
0.07556913032936503,0.05970759921031063,397.59290314145846,0.004032441660579096,126.06936500638574,3944,62.52246661556953,63.52305150923562
