RMS,MAV,IEMG,VAR,WL,WAMP,FMN,FMD
<<<<<<<< HEAD:features/6/e385bb12-4963-4ceb-a994-1692c2a16c19-o3p3.csv
0.09624337843185093,0.07350348709568501,433.8910843258286,0.009026916419899713,178.6433911130988,4350,65.30841658744444,66.40691173979332
========
0.09624337843185093,0.07350348709568501,433.8910843258286,0.009026916419899713,178.6433911130988,4350,62.06492889742806,65.22107403015414
>>>>>>>> devP:features/6/afcf9443-4557-4a84-a9b3-cdc69dcbb38f-o3p3.csv
