RMS,MAV,IEMG,VAR,WL,WAMP,FMN,FMD
<<<<<<<< HEAD:features/6/22dfadeb-7ed7-4dde-8537-d4be942ad2cd-o2p3.csv
0.09166916833595853,0.07331066048194947,551.5894094661878,0.005807397485330559,175.99201310661545,4990,63.98297588530025,63.92876129718235
========
0.09166916833595853,0.07331066048194947,551.5894094661878,0.005807397485330559,175.99201310661545,4990,33.782346375717204,32.29665071770335
>>>>>>>> devP:features/6/b0cd4015-b782-4044-b6ac-3cc313e5cad2-o2p3.csv
