RMS,MAV,IEMG,VAR,WL,WAMP,FMN,FMD
0.11306761510978956,0.08901410865824261,512.3652094368445,0.010646306363810676,194.76774690383417,4345,48.698687989152056,55.42043085476025
