RMS,MAV,IEMG,VAR,WL,WAMP,FMN,FMD
<<<<<<<< HEAD:features/6/247e3af7-0434-4ff3-b017-b86bbdded4f9-o6p3.csv
0.11306761510978956,0.08901410865824261,512.3652094368445,0.010646306363810676,194.76774690383417,4345,68.25791903848896,69.66643502432244
========
0.11306761510978956,0.08901410865824261,512.3652094368445,0.010646306363810676,194.76774690383417,4345,48.698687989152056,55.42043085476025
>>>>>>>> devP:features/6/b3c219da-20d1-4c6d-b2f2-8d01f9a692cf-o6p3.csv
