RMS,MAV,IEMG,VAR,WL,WAMP,FMN,FMD
<<<<<<<< HEAD:features/6/b50b891c-d62e-44c0-ade3-142fccd2d162-o1p4.csv
0.157725572535742,0.13724609631314022,1016.4445892951164,0.007810095255150306,201.31115236421664,4743,66.69193009850082,68.1879557115852
========
0.157725572535742,0.13724609631314022,1016.4445892951164,0.007810095255150306,201.31115236421664,4743,12.418049359163659,0.0
>>>>>>>> devP:features/6/3723cc5a-8087-40a8-90de-958ae939d6b3-o1p4.csv
