RMS,MAV,IEMG,VAR,WL,WAMP,FMN,FMD
0.1197022434878691,0.0933052708917746,583.251248344483,0.012122824535342872,216.64053529961257,4722,1.3013214319010367,0.0
