RMS,MAV,IEMG,VAR,WL,WAMP,FMN,FMD
<<<<<<<< HEAD:features/6/933487c7-a94b-4ba5-9d3d-db815977de59-o1p2.csv
0.0945952479471071,0.07066290387048563,427.4399055125675,0.008600520854019411,176.27406308506403,4364,64.91507836381767,65.30004959497437
========
0.0945952479471071,0.07066290387048563,427.4399055125675,0.008600520854019411,176.27406308506403,4364,60.05845786243835,62.820300876177875
>>>>>>>> devP:features/6/b829f9cd-e378-47ac-9a33-71eb40be3250-o1p2.csv
