RMS,MAV,IEMG,VAR,WL,WAMP,FMN,FMD
0.15844563767803171,0.14430157083141013,857.0070291677448,0.004870396413632192,125.55601392560891,3813,6.788007686745843,0.0
