RMS,MAV,IEMG,VAR,WL,WAMP,FMN,FMD
<<<<<<<< HEAD:features/6/76927af6-f6ac-4322-a821-a698d243af03-o8p2.csv
0.15844563767803171,0.14430157083141013,857.0070291677448,0.004870396413632192,125.55601392560891,3813,63.19112950721283,65.16248526687995
========
0.15844563767803171,0.14430157083141013,857.0070291677448,0.004870396413632192,125.55601392560891,3813,6.788007686745843,0.0
>>>>>>>> devP:features/6/bb3679f2-6815-472f-ace7-8c97db3750d1-o8p2.csv
