RMS,MAV,IEMG,VAR,WL,WAMP,FMN,FMD
0.11882036893956036,0.08834910902570244,552.8887242828458,0.01358712038322931,228.55815672934224,4491,17.454370760763734,67.11409395973155
