RMS,MAV,IEMG,VAR,WL,WAMP,FMN,FMD
<<<<<<<< HEAD:features/6/a7861d79-96d8-4e65-9ae5-0fbc9dad1659-o5p1.csv
0.1029399924434488,0.07550750144706067,477.1319016439764,0.009517697825377475,178.86170873668092,3953,64.9529868406409,65.04193701535053
========
0.1029399924434488,0.07550750144706067,477.1319016439764,0.009517697825377475,178.86170873668092,3953,52.948339181627894,55.23025795220763
>>>>>>>> devP:features/6/bc81b3f4-708c-4604-b640-7033a2f0d6d1-o5p1.csv
