RMS,MAV,IEMG,VAR,WL,WAMP,FMN,FMD
<<<<<<<< HEAD:features/6/b87a0236-249d-455d-8e42-4bdc32427c2e-o7p3.csv
0.10262443173554112,0.0821122808233988,561.6480008320478,0.007330386947781164,191.2053742076413,4567,71.85920171465004,74.41520467836257
========
0.10262443173554112,0.0821122808233988,561.6480008320478,0.007330386947781164,191.2053742076413,4567,38.35648276488581,38.888888888888886
>>>>>>>> devP:features/6/bd56afe5-92fc-4a53-b3f0-0201601adb83-o7p3.csv
