RMS,MAV,IEMG,VAR,WL,WAMP,FMN,FMD
0.10262443173554112,0.0821122808233988,561.6480008320478,0.007330386947781164,191.2053742076413,4567,38.35648276488581,38.888888888888886
