RMS,MAV,IEMG,VAR,WL,WAMP,FMN,FMD
<<<<<<<< HEAD:features/6/be8ad70e-1dce-4ef7-861d-83f66d6d40d0-o4p6.csv
0.17488147902147147,0.13236381924920965,929.0616473102025,0.02878520414904046,390.08779803505695,5436,70.53551817647453,74.36956831457472
========
0.17488147902147147,0.13236381924920965,929.0616473102025,0.02878520414904046,390.08779803505695,5436,62.701133808860334,69.6680438808947
>>>>>>>> devP:features/6/2553815d-c896-46ba-be54-6f73fc57fb88-o4p6.csv
