RMS,MAV,IEMG,VAR,WL,WAMP,FMN,FMD
0.16796786899175592,0.12917240811598485,981.9686464977169,0.023863258510896056,366.99965386152644,6054,66.12255724978463,67.87687450670876
