RMS,MAV,IEMG,VAR,WL,WAMP,FMN,FMD
<<<<<<<< HEAD:features/6/c2a5fb64-534f-4b4a-87c2-bcfd5d2a70d0-o11p6.csv
0.055374869494706935,0.04246569240045312,210.20517738224297,0.002976173050529718,88.99645714766817,3167,65.66891365730964,66.46464646464646
========
0.055374869494706935,0.04246569240045312,210.20517738224297,0.002976173050529718,88.99645714766817,3167,61.91577438923556,65.45454545454545
>>>>>>>> devP:features/6/566cbf96-888d-4f92-b4c1-42d015ae4589-o11p6.csv
