RMS,MAV,IEMG,VAR,WL,WAMP,FMN,FMD
0.055374869494706935,0.04246569240045312,210.20517738224297,0.002976173050529718,88.99645714766817,3167,65.66891365730964,66.46464646464646
