RMS,MAV,IEMG,VAR,WL,WAMP,FMN,FMD
<<<<<<<< HEAD:features/6/03d4cfbc-fd4e-4d8e-839f-ec3c60ad62ae-o3p5.csv
0.06372227935575416,0.0527937068308682,414.53618603597715,0.0020445585235644406,106.97296010538895,3928,62.270828741649524,64.18746816097809
========
0.06372227935575416,0.0527937068308682,414.53618603597715,0.0020445585235644406,106.97296010538895,3928,20.952253688608863,0.0
>>>>>>>> devP:features/6/c7d3b2b1-459f-40e9-9af9-c921c736d0a3-o3p5.csv
