RMS,MAV,IEMG,VAR,WL,WAMP,FMN,FMD
0.06372227935575416,0.0527937068308682,414.53618603597715,0.0020445585235644406,106.97296010538895,3928,20.952253688608863,0.0
