RMS,MAV,IEMG,VAR,WL,WAMP,FMN,FMD
0.08602186567128041,0.07536502076021638,395.666358991136,0.0020197996875512157,71.09124011709456,2660,9.786913839401722,0.0
