RMS,MAV,IEMG,VAR,WL,WAMP,FMN,FMD
<<<<<<<< HEAD:features/6/1a8a053e-111a-47bc-ac50-bbd30c3bad40-o9p2.csv
0.08602186567128041,0.07536502076021638,395.666358991136,0.0020197996875512157,71.09124011709456,2660,61.92398586250868,58.095238095238095
========
0.08602186567128041,0.07536502076021638,395.666358991136,0.0020197996875512157,71.09124011709456,2660,9.786913839401722,0.0
>>>>>>>> devP:features/6/c8be8db9-a3a8-44b3-8a9c-1cd5b690aafa-o9p2.csv
