RMS,MAV,IEMG,VAR,WL,WAMP,FMN,FMD
0.09166916833595853,0.07331066048194947,551.5894094661878,0.005807397485330559,175.99201310661545,4990,-7.137447250543813,0.0
