RMS,MAV,IEMG,VAR,WL,WAMP,FMN,FMD
0.1732725543453881,0.1518749218202241,943.295139425412,0.00897444103607285,191.35562894828013,4483,-0.17008520045924172,0.0
