RMS,MAV,IEMG,VAR,WL,WAMP,FMN,FMD
<<<<<<<< HEAD:features/6/ca246d12-739f-4f92-ab8d-7992ad7bf259-o6p1.csv
0.14461109535151012,0.12371861560452753,756.6630530372904,0.00816899411370054,174.55031728222548,4341,65.57386991831856,65.23871811641595
========
0.14461109535151012,0.12371861560452753,756.6630530372904,0.00816899411370054,174.55031728222548,4341,15.916230042272986,0.0
>>>>>>>> devP:features/6/421f5259-babb-466d-8dd6-fc9253fd2e6a-o6p1.csv
