RMS,MAV,IEMG,VAR,WL,WAMP,FMN,FMD
0.14461109535151012,0.12371861560452753,756.6630530372904,0.00816899411370054,174.55031728222548,4341,65.57386991831856,65.23871811641595
