RMS,MAV,IEMG,VAR,WL,WAMP,FMN,FMD
0.05357836618703891,0.0402422853603525,234.29058536797226,0.0028420270379624834,98.01587615207161,3453,64.78761781551154,64.75437993816557
