RMS,MAV,IEMG,VAR,WL,WAMP,FMN,FMD
0.08290532583485508,0.06983048871559888,487.4168112348802,0.0030505081781207386,117.72021339829055,3812,1.2142997315518433,0.0
