RMS,MAV,IEMG,VAR,WL,WAMP,FMN,FMD
0.103429814510449,0.08399900010117234,488.5381845884183,0.0067721114193108715,152.6541412665602,3972,68.41772658760794,71.52682255845943
