RMS,MAV,IEMG,VAR,WL,WAMP,FMN,FMD
<<<<<<<< HEAD:features/6/cd71c7ce-3b31-48b8-a8a7-966d34892c1b-o2p2.csv
0.103429814510449,0.08399900010117234,488.5381845884183,0.0067721114193108715,152.6541412665602,3972,68.41772658760794,71.52682255845943
========
0.103429814510449,0.08399900010117234,488.5381845884183,0.0067721114193108715,152.6541412665602,3972,31.68444526070012,0.0
>>>>>>>> devP:features/6/41d133d7-0d62-498d-81a3-485b5a90e7e6-o2p2.csv
