RMS,MAV,IEMG,VAR,WL,WAMP,FMN,FMD
<<<<<<<< HEAD:features/6/ce835b3d-5167-4797-967f-3a762293d995-o11p4.csv
0.0796174848819739,0.07285367361801612,440.91043273623353,0.001228197144040026,64.56214005154465,2427,64.57799206209418,64.93721083939192
========
0.0796174848819739,0.07285367361801612,440.91043273623353,0.001228197144040026,64.56214005154465,2427,6.9272183722759975,0.0
>>>>>>>> devP:features/6/4a81b8a4-1010-4086-b464-400a1373be00-o11p4.csv
