RMS,MAV,IEMG,VAR,WL,WAMP,FMN,FMD
<<<<<<<< HEAD:features/6/8480a610-0c7d-4411-86ef-bbe580f9d053-o6p6.csv
0.10740960617610462,0.08055774371158866,463.77093054761593,0.011400016982960564,192.72507644054815,4277,65.78953756991758,66.52770540211915
========
0.10740960617610462,0.08055774371158866,463.77093054761593,0.011400016982960564,192.72507644054815,4277,64.24752580337295,65.65919749869722
>>>>>>>> devP:features/6/ceefded6-5b9d-44d6-88bd-66d2d0ab6f19-o6p6.csv
