RMS,MAV,IEMG,VAR,WL,WAMP,FMN,FMD
0.08710438458826987,0.06454271451119893,207.50482715350458,0.0059028970929683846,76.1056647680246,2193,8.508361534591934,0.0
