RMS,MAV,IEMG,VAR,WL,WAMP,FMN,FMD
0.04370423016183082,0.0325297145775481,208.7757081587037,0.0019032685909716282,84.48979567699085,3113,100.21101002962807,63.72701776254284
