RMS,MAV,IEMG,VAR,WL,WAMP,FMN,FMD
0.15877590040020842,0.13819282237821875,836.2047682106017,0.00834153458622422,165.7212598333671,4318,62.146310509457436,59.82482234341431
