RMS,MAV,IEMG,VAR,WL,WAMP,FMN,FMD
<<<<<<<< HEAD:features/6/d9cf6901-1ca1-410a-9804-0787751eddc9-o5p4.csv
0.15877590040020842,0.13819282237821875,836.2047682106017,0.00834153458622422,165.7212598333671,4318,62.146310509457436,59.82482234341431
========
0.15877590040020842,0.13819282237821875,836.2047682106017,0.00834153458622422,165.7212598333671,4318,12.319861307293902,0.0
>>>>>>>> devP:features/6/185e26b7-f0f3-462a-b7a1-989ed1246204-o5p4.csv
