RMS,MAV,IEMG,VAR,WL,WAMP,FMN,FMD
0.12189879885130954,0.10451483249399422,669.208472459045,0.0053061373292194024,136.04163588134105,3981,61.118411168304576,62.15836326721849
