RMS,MAV,IEMG,VAR,WL,WAMP,FMN,FMD
<<<<<<<< HEAD:features/6/bee138c2-1935-4ad6-b022-77958f481acc-o7p6.csv
0.16796786899175592,0.12917240811598485,981.9686464977169,0.023863258510896056,366.99965386152644,6054,66.12255724978463,67.87687450670876
========
0.16796786899175592,0.12917240811598485,981.9686464977169,0.023863258510896056,366.99965386152644,6054,48.45660217727277,57.0902394106814
>>>>>>>> devP:features/6/dac92582-a554-4314-8616-a9ef0fd233d5-o7p6.csv
