RMS,MAV,IEMG,VAR,WL,WAMP,FMN,FMD
0.08241407853707707,0.06183365494162526,423.18953442048326,0.006781182608147638,180.43691387743635,4805,64.7582077369827,68.67329047340736
