RMS,MAV,IEMG,VAR,WL,WAMP,FMN,FMD
<<<<<<<< HEAD:features/6/a66c9c5e-4776-4389-b5ec-0228b5208de7-o1p1.csv
0.08241407853707707,0.06183365494162526,423.18953442048326,0.006781182608147638,180.43691387743635,4805,64.96634772967268,68.81940385739334
========
0.08241407853707707,0.06183365494162526,423.18953442048326,0.006781182608147638,180.43691387743635,4805,64.7582077369827,68.67329047340736
>>>>>>>> devP:features/6/dd6ddd39-cfa5-4d74-bed9-1577471a317d-o1p1.csv
