RMS,MAV,IEMG,VAR,WL,WAMP,FMN,FMD
<<<<<<<< HEAD:features/6/e0c018cb-ab8f-4772-afbd-ea1635fbc5b1-o6p2.csv
0.1732725543453881,0.1518749218202241,943.295139425412,0.00897444103607285,191.35562894828013,4483,68.27239233894039,70.19803574303654
========
0.1732725543453881,0.1518749218202241,943.295139425412,0.00897444103607285,191.35562894828013,4483,11.996843255015275,0.0
>>>>>>>> devP:features/6/41c79cb8-5432-4b47-a588-dd3c5d8337ea-o6p2.csv
