RMS,MAV,IEMG,VAR,WL,WAMP,FMN,FMD
<<<<<<<< HEAD:features/6/e747b39c-cef0-489d-9e10-1c27e2c2fa74-o1p6.csv
0.1382376635572248,0.10570670670889667,703.0553063208718,0.01681725670068761,265.5637645050209,4978,65.89466439469851,67.8093519771463
========
0.1382376635572248,0.10570670670889667,703.0553063208718,0.01681725670068761,265.5637645050209,4978,51.778575646923606,58.487445496917765
>>>>>>>> devP:features/6/f8b0522e-0a53-4f6f-94a7-5dd6e354c735-o1p6.csv
