RMS,MAV,IEMG,VAR,WL,WAMP,FMN,FMD
0.1382376635572248,0.10570670670889667,703.0553063208718,0.01681725670068761,265.5637645050209,4978,65.89466439469851,67.8093519771463
