RMS,MAV,IEMG,VAR,WL,WAMP,FMN,FMD
0.0835257293723127,0.06407460916508463,298.5876787092944,0.006318946430020421,115.12336803154533,3045,54.327052865005655,62.017167381974254
