RMS,MAV,IEMG,VAR,WL,WAMP,FMN,FMD
<<<<<<<< HEAD:features/6/ec756d18-1a2c-461f-8765-3c243d60af5f-o5p6.csv
0.0835257293723127,0.06407460916508463,298.5876787092944,0.006318946430020421,115.12336803154533,3045,65.63448414835608,65.87982832618026
========
0.0835257293723127,0.06407460916508463,298.5876787092944,0.006318946430020421,115.12336803154533,3045,54.327052865005655,62.017167381974254
>>>>>>>> devP:features/6/ebddde97-cb1c-4cb1-bb91-edb207de41c6-o5p6.csv
