RMS,MAV,IEMG,VAR,WL,WAMP,FMN,FMD
0.0835257293723127,0.06407460916508463,298.5876787092944,0.006318946430020421,115.12336803154533,3045,65.63448414835608,65.87982832618026
