RMS,MAV,IEMG,VAR,WL,WAMP,FMN,FMD
<<<<<<<< HEAD:features/6/f088c7b4-3b82-4cc5-a839-47987859db95-o7p2.csv
0.10141102043783617,0.08011518608248945,516.582719859892,0.008239100564993796,188.84639973163246,4580,67.36463189696893,67.46277915632754
========
0.10141102043783617,0.08011518608248945,516.582719859892,0.008239100564993796,188.84639973163246,4580,45.01670387183078,51.643920595533494
>>>>>>>> devP:features/6/ee2ff590-845d-45c7-9139-a0b0715ca98b-o7p2.csv
