RMS,MAV,IEMG,VAR,WL,WAMP,FMN,FMD
0.20367091967048073,0.1781714791393617,1227.2451483119235,0.01416421048705103,274.20075642564217,5205,70.03012752354692,72.88037166085947
