RMS,MAV,IEMG,VAR,WL,WAMP,FMN,FMD
0.10141102043783617,0.08011518608248945,516.582719859892,0.008239100564993796,188.84639973163246,4580,67.36463189696893,67.46277915632754
