RMS,MAV,IEMG,VAR,WL,WAMP,FMN,FMD
0.07556913032936503,0.05970759921031063,397.59290314145846,0.004032441660579096,126.06936500638574,3944,-0.6604878216007027,31.53626670671272
