RMS,MAV,IEMG,VAR,WL,WAMP,FMN,FMD
0.097427847801399,0.07913495780670993,526.801414119268,0.005660474856460716,147.84845182061582,4284,0.7791457452385306,0.0
