RMS,MAV,IEMG,VAR,WL,WAMP,FMN,FMD
0.10158615610212693,0.08536020688737264,462.14016008823546,0.004613504321549624,109.41883095547189,3543,-1.5292025261303563,0.0
