RMS,MAV,IEMG,VAR,WL,WAMP,FMN,FMD
<<<<<<<< HEAD:features/6/52e6626c-ca8c-4e64-aae9-c4ab8738d78a-o9p6.csv
0.12745235338854174,0.12566368873025904,664.5095860056099,0.0004527397189822956,35.54530598786758,1270,62.85919932855155,62.02723146747352
========
0.12745235338854174,0.12566368873025904,664.5095860056099,0.0004527397189822956,35.54530598786758,1270,0.8883547672951264,0.0
>>>>>>>> devP:features/6/f8565900-6a69-432e-9470-ef2c7ecd6c93-o9p6.csv
