RMS,MAV,IEMG,VAR,WL,WAMP,FMN,FMD
0.12745235338854174,0.12566368873025904,664.5095860056099,0.0004527397189822956,35.54530598786758,1270,0.8883547672951264,0.0
