RMS,MAV,IEMG,VAR,WL,WAMP,FMN,FMD
<<<<<<<< HEAD:features/6/922429e4-4ae8-4fc2-97d9-119a7cd99862-o8p3.csv
0.09543668867131604,0.08065442638175813,520.2210501623399,0.0040400970320864935,123.22276216198385,4015,61.31952631107544,61.860465116279066
========
0.09543668867131604,0.08065442638175813,520.2210501623399,0.0040400970320864935,123.22276216198385,4015,17.475513978752822,0.0
>>>>>>>> devP:features/6/fb56626d-6552-4528-ae25-69656329496d-o8p3.csv
