RMS,MAV,IEMG,VAR,WL,WAMP,FMN,FMD
0.12157207411607801,0.10393330413530219,625.5745575903838,0.006192227315756668,143.74096943884194,3964,0.06824956504718407,0.0
