{"window_size": 900, "threshold": 0.001, "cutoff": 100, "segments": [[11.008, 16.686], [27.040000000000003, 33.153999999999996], [42.08, 48.558], [57.309, 63.816], [72.052, 78.852], [88.057, 94.93700000000001], [103.98, 111.21100000000001], [119.72000000000001, 125.846], [135.018, 141.80800000000002], [150.347, 156.51000000000002], [165.99, 172.174], [181.16400000000002, 187.56900000000002], [197.758, 202.93200000000002], [213.205, 219.398], [229.609, 234.708], [245.166, 251.239], [260.752, 266.70799999999997], [276.75399999999996, 283.452]]}