{"window_size": 1000, "threshold": 0.0015, "cutoff": 100, "segments": [[10.254, 15.918], [24.939, 32.451], [40.299, 46.554], [55.141999999999996, 61.752], [70.07300000000001, 77.902], [84.935, 91.914], [101.194, 108.20700000000001], [115.29700000000001, 122.156], [130.305, 140.42000000000002], [145.442, 151.68], [160.601, 166.948], [175.779, 182.303], [191.26600000000002, 196.049], [205.71800000000002, 212.07500000000002], [220.84900000000002, 226.638], [236.001, 241.83700000000002], [250.91, 257.253], [263.99699999999996, 272.292]]}