{"window_size": 1000, "threshold": 0.004, "cutoff": 100, "segments": [[10.568, 14.135], [25.610000000000003, 31.501], [40.623, 46.799], [56.007999999999996, 64.83000000000001], [72.83200000000001, 77.19600000000001], [86.286, 91.57300000000001], [101.174, 108.22300000000001], [116.22500000000001, 121.53200000000001], [131.208, 136.965], [146.119, 148.882], [161.43900000000002, 167.017], [176.32600000000002, 181.73600000000002], [191.44500000000002, 196.94400000000002], [206.37900000000002, 211.723], [221.77100000000002, 222.538], [236.73100000000002, 238.33100000000002], [251.62300000000002, 253.304], [266.921, 267.4]]}