{"window_size": 800, "threshold": 0.003, "cutoff": 100, "segments": [[10.668, 15.12], [25.130000000000003, 34.181999999999995], [41.184, 46.936], [55.402, 61.478], [70.367, 76.78200000000001], [85.415, 91.456], [100.68900000000001, 107.554], [115.70400000000001, 120.786], [130.812, 137.542], [145.931, 147.916], [160.70100000000002, 166.489], [175.89700000000002, 182.173], [191.27700000000002, 194.406], [206.221, 211.976], [221.268, 227.226], [235.95100000000002, 242.615], [251.073, 256.637], [266.303, 273.347]]}