{"window_size": 1000, "threshold": 0.004, "cutoff": 100, "segments": [[10.788, 12.327], [25.606, 31.268], [40.839999999999996, 46.665], [55.626999999999995, 61.991], [70.87700000000001, 77.135], [86.405, 91.411], [101.554, 107.47900000000001], [116.12200000000001, 120.426], [131.151, 138.07000000000002], [146.006, 151.322], [161.5, 167.45700000000002], [177.649, 182.231], [191.436, 194.02800000000002], [208.40900000000002, 211.88], [221.42600000000002, 222.93300000000002], [236.739, 237.98100000000002], [251.851, 255.11], [266.15099999999995, 267.721]]}