{"window_size": 500, "threshold": 0.002, "cutoff": 100, "segments": [[10.173, 15.663], [25.075000000000003, 31.276000000000003], [40.228, 46.583], [55.269999999999996, 61.528], [70.37700000000001, 77.07100000000001], [85.81, 91.748], [100.70500000000001, 107.41300000000001], [115.71100000000001, 122.51100000000001], [130.666, 137.497], [145.863, 150.788], [160.595, 166.185], [175.815, 181.485], [190.971, 192.026], [206.005, 211.681], [221.125, 226.53300000000002], [236.148, 241.71800000000002], [250.976, 256.73199999999997], [265.988, 267.40999999999997]]}