RMS,MAV,IEMG,VAR,WL,WAMP,FMN,FMD
<<<<<<<< HEAD:features/12/c156459e-c6c2-428a-9094-56121932fd01-o8p4.csv
0.12742560971572464,0.08275410438550933,604.2704702229892,0.015671253004960622,259.867500168611,4918,70.59059018237963,71.89811010682006
========
0.12742560971572464,0.08275410438550933,604.2704702229892,0.015671253004960622,259.867500168611,4918,65.83479119129561,69.70692960832649
>>>>>>>> devP:features/12/03956ae2-798c-4aaa-8586-cc2c7008c39d-o8p4.csv
