RMS,MAV,IEMG,VAR,WL,WAMP,FMN,FMD
<<<<<<<< HEAD:features/12/47c1e4e5-5cb2-427e-b045-7bc0dc386bab-o1p1.csv
0.13783337678227944,0.10129644670356124,588.025873114173,0.018987671563152977,264.7509447174466,4465,69.42549875904739,70.45650301464255
========
0.13783337678227944,0.10129644670356124,588.025873114173,0.018987671563152977,264.7509447174466,4465,69.34976207384001,70.45650301464255
>>>>>>>> devP:features/12/046ea439-d2c8-42fa-bb41-9472c0da1213-o1p1.csv
