RMS,MAV,IEMG,VAR,WL,WAMP,FMN,FMD
0.20508667423243482,0.17587735242986624,1016.9228517494865,0.01616356125154962,210.2744476004727,3510,67.9403962992892,69.52611553095815
