RMS,MAV,IEMG,VAR,WL,WAMP,FMN,FMD
0.07301672021447327,0.06310893101059586,331.57432352967066,0.001773046458965087,75.86041904736051,2860,14.174944950473671,0.0
