RMS,MAV,IEMG,VAR,WL,WAMP,FMN,FMD
<<<<<<<< HEAD:features/12/9eb496e6-0487-4d2d-afdf-3bc38e2d77c2-o7p4.csv
0.07301672021447327,0.06310893101059586,331.57432352967066,0.001773046458965087,75.86041904736051,2860,71.07142312657837,72.89684050247429
========
0.07301672021447327,0.06310893101059586,331.57432352967066,0.001773046458965087,75.86041904736051,2860,14.174944950473671,0.0
>>>>>>>> devP:features/12/09edb7aa-e9d2-4576-b645-91c152d2823e-o7p4.csv
