RMS,MAV,IEMG,VAR,WL,WAMP,FMN,FMD
0.09639145100017532,0.06621506888177676,361.26941581897404,0.009230955492827682,167.37313021642146,3816,62.52481249147789,75.1466275659824
