RMS,MAV,IEMG,VAR,WL,WAMP,FMN,FMD
<<<<<<<< HEAD:features/12/3ef3d280-5337-4c71-896a-59e810418834-o11p2.csv
0.18413240644832055,0.13290992222232073,990.843470167401,0.030092911688804652,395.93721574575056,5710,71.27851279242746,72.83702213279679
========
0.18413240644832055,0.13290992222232073,990.843470167401,0.030092911688804652,395.93721574575056,5710,56.870965034989155,63.98390342052314
>>>>>>>> devP:features/12/0f2bb76f-e9cf-4e96-a3a6-5bc7bb7e83d3-o11p2.csv
