RMS,MAV,IEMG,VAR,WL,WAMP,FMN,FMD
0.13281490027856913,0.09943960591442996,614.1390061275195,0.011975530393093436,182.77438121522388,4312,1.8892380809755227,34.32642487046632
