RMS,MAV,IEMG,VAR,WL,WAMP,FMN,FMD
<<<<<<<< HEAD:features/12/722772b4-8be7-460a-b7a5-1b0411acdcb8-o1p6.csv
0.12034331397018358,0.08884409341059465,483.2230240602243,0.012213209604826409,187.9998216101357,3969,71.5086727870744,76.48464791321935
========
0.12034331397018358,0.08884409341059465,483.2230240602243,0.012213209604826409,187.9998216101357,3969,52.13466802935192,62.32763375620519
>>>>>>>> devP:features/12/0fd573ae-5d5f-4c4a-a62e-6cc2436993cb-o1p6.csv
