RMS,MAV,IEMG,VAR,WL,WAMP,FMN,FMD
0.12034331397018358,0.08884409341059465,483.2230240602243,0.012213209604826409,187.9998216101357,3969,52.13466802935192,62.32763375620519
