RMS,MAV,IEMG,VAR,WL,WAMP,FMN,FMD
<<<<<<<< HEAD:features/12/94236a48-edb6-4064-85cd-d25ea1e22b11-o10p3.csv
0.24339042412369657,0.18277788787202817,1147.2968021727208,0.04856735158472184,416.31798484090695,4856,68.88409709239012,71.84960968615582
========
0.24339042412369657,0.18277788787202817,1147.2968021727208,0.04856735158472184,416.31798484090695,4856,47.85433903238039,55.59980882587224
>>>>>>>> devP:features/12/1265353e-3231-4c52-beea-67fcb8e24f45-o10p3.csv
