RMS,MAV,IEMG,VAR,WL,WAMP,FMN,FMD
<<<<<<<< HEAD:features/12/fe18fbf9-c4a4-4bf0-a4ee-9cd5b8549ebc-o6p6.csv
0.08115389318833471,0.05664995428478213,310.49839943489087,0.006450192541767953,126.6291347925913,3545,64.16649929588856,64.76920270023719
========
0.08115389318833471,0.05664995428478213,310.49839943489087,0.006450192541767953,126.6291347925913,3545,61.57449404266998,62.76226965882138
>>>>>>>> devP:features/12/17066c5f-b2a4-4101-97ef-8a0fdc166ffe-o6p6.csv
