RMS,MAV,IEMG,VAR,WL,WAMP,FMN,FMD
0.11866463020935715,0.09897713501934347,581.2927139686042,0.006240106719618591,156.6449592678253,4162,20.452711237644728,0.0
