RMS,MAV,IEMG,VAR,WL,WAMP,FMN,FMD
<<<<<<<< HEAD:features/12/415a4728-de57-4519-b61c-da5f5e9a4b93-o4p1.csv
0.11866463020935715,0.09897713501934347,581.2927139686042,0.006240106719618591,156.6449592678253,4162,71.85361057344515,75.25966286395368
========
0.11866463020935715,0.09897713501934347,581.2927139686042,0.006240106719618591,156.6449592678253,4162,20.452711237644728,0.0
>>>>>>>> devP:features/12/1b56a310-c252-4286-b4f8-8b88ae0d1ed7-o4p1.csv
