RMS,MAV,IEMG,VAR,WL,WAMP,FMN,FMD
0.08422074779607268,0.06368934690439913,375.0028745731021,0.006668223030840658,164.35926170949512,4178,19.39791516683227,0.0
