RMS,MAV,IEMG,VAR,WL,WAMP,FMN,FMD
0.1838061482010949,0.12440313336860696,717.8060795368622,0.033695011206693534,321.8643144504312,4446,70.2803557987357,71.75043327556325
