RMS,MAV,IEMG,VAR,WL,WAMP,FMN,FMD
<<<<<<<< HEAD:features/12/23347246-59a7-416b-bb2d-a126c8ffa3ec-o11p6.csv
0.1838061482010949,0.12440313336860696,717.8060795368622,0.033695011206693534,321.8643144504312,4446,70.2803557987357,71.75043327556325
========
0.1838061482010949,0.12440313336860696,717.8060795368622,0.033695011206693534,321.8643144504312,4446,69.90819449660417,71.57712305025996
>>>>>>>> devP:features/12/6dce9746-10ec-4cd6-b8a8-bc8700c4d19c-o11p6.csv
