RMS,MAV,IEMG,VAR,WL,WAMP,FMN,FMD
<<<<<<<< HEAD:features/12/714ab5fb-694a-4895-a996-84c4360bcd27-o9p4.csv
0.13281490027856913,0.09943960591442996,614.1390061275195,0.011975530393093436,182.77438121522388,4312,66.69881154691824,67.19559585492227
========
0.13281490027856913,0.09943960591442996,614.1390061275195,0.011975530393093436,182.77438121522388,4312,34.27529259574948,34.32642487046632
>>>>>>>> devP:features/12/25c09d8b-0aed-4651-8231-75edac59c950-o9p4.csv
