RMS,MAV,IEMG,VAR,WL,WAMP,FMN,FMD
0.1544680709015294,0.11623454697500353,758.430419011898,0.020042294351265092,282.7024612348297,4643,49.308446083556035,56.0919540229885
