RMS,MAV,IEMG,VAR,WL,WAMP,FMN,FMD
<<<<<<<< HEAD:features/12/698ed0a1-69a7-4d7d-884b-a0fcb9cb09ea-o11p3.csv
0.16816853308319596,0.1190073874618226,691.670935928113,0.027591140134164444,301.0935021915297,4475,69.42609723514597,72.26428079834824
========
0.16816853308319596,0.1190073874618226,691.670935928113,0.027591140134164444,301.0935021915297,4475,66.12129367122662,70.88781830695113
>>>>>>>> devP:features/12/2ec0f21a-3047-4e02-8d88-67579e7f7731-o11p3.csv
