RMS,MAV,IEMG,VAR,WL,WAMP,FMN,FMD
0.16816853308319596,0.1190073874618226,691.670935928113,0.027591140134164444,301.0935021915297,4475,66.12129367122662,70.88781830695113
