RMS,MAV,IEMG,VAR,WL,WAMP,FMN,FMD
0.1723358554084258,0.12060427639650961,725.4347225250053,0.028023181929765228,302.5104318962045,4559,69.85285242096651,70.98919368246051
