RMS,MAV,IEMG,VAR,WL,WAMP,FMN,FMD
<<<<<<<< HEAD:features/12/2f5a65e2-e66e-4a1b-bc10-95e8814872dc-o11p5.csv
0.1723358554084258,0.12060427639650961,725.4347225250053,0.028023181929765228,302.5104318962045,4559,69.85285242096651,70.98919368246051
========
0.1723358554084258,0.12060427639650961,725.4347225250053,0.028023181929765228,302.5104318962045,4559,62.3882009319066,66.83291770573565
>>>>>>>> devP:features/12/30988afd-edf2-410c-b0d0-2c4790529d18-o11p5.csv
