RMS,MAV,IEMG,VAR,WL,WAMP,FMN,FMD
<<<<<<<< HEAD:features/12/1ee822a5-85f9-4ad0-bc56-bf8fed0e74ae-o9p6.csv
0.13354173518531492,0.12608107354293815,682.2246889408384,0.002028928959107426,77.02629364387946,2778,67.30263252526377,67.63999260765107
========
0.13354173518531492,0.12608107354293815,682.2246889408384,0.002028928959107426,77.02629364387946,2778,4.059481061947227,0.0
>>>>>>>> devP:features/12/31a83b04-8408-4f46-9afc-f67e3cc5826d-o9p6.csv
