RMS,MAV,IEMG,VAR,WL,WAMP,FMN,FMD
0.13354173518531492,0.12608107354293815,682.2246889408384,0.002028928959107426,77.02629364387946,2778,4.059481061947227,0.0
