RMS,MAV,IEMG,VAR,WL,WAMP,FMN,FMD
0.16816853308319596,0.1190073874618226,691.670935928113,0.027591140134164444,301.0935021915297,4475,-8.080623254802699,0.0
