RMS,MAV,IEMG,VAR,WL,WAMP,FMN,FMD
<<<<<<<< HEAD:features/12/56854116-ef57-4f4a-bcca-5ca84014542c-o7p1.csv
0.12012369424692654,0.10790334359274568,598.1082335345893,0.0031107167736246655,88.12660729336677,3221,56.863432788122516,52.859462384990074
========
0.12012369424692654,0.10790334359274568,598.1082335345893,0.0031107167736246655,88.12660729336677,3221,6.869710821774415,0.0
>>>>>>>> devP:features/12/3ab375a1-284e-421a-84d5-0848cb89abad-o7p1.csv
