RMS,MAV,IEMG,VAR,WL,WAMP,FMN,FMD
0.12012369424692654,0.10790334359274568,598.1082335345893,0.0031107167736246655,88.12660729336677,3221,6.869710821774415,0.0
