RMS,MAV,IEMG,VAR,WL,WAMP,FMN,FMD
0.06516271061481256,0.04655589631381548,279.3819337792067,0.004238709273682361,119.25037605265817,3586,66.02188245505754,65.48908515247457
