RMS,MAV,IEMG,VAR,WL,WAMP,FMN,FMD
<<<<<<<< HEAD:features/12/3eefb03b-66f9-4b44-b38a-4dec1ef01173-o8p1.csv
0.06516271061481256,0.04655589631381548,279.3819337792067,0.004238709273682361,119.25037605265817,3586,66.02188245505754,65.48908515247457
========
0.06516271061481256,0.04655589631381548,279.3819337792067,0.004238709273682361,119.25037605265817,3586,65.7900081921036,65.48908515247457
>>>>>>>> devP:features/12/443386ce-d92b-49e4-a912-45feb0f151c5-o8p1.csv
