RMS,MAV,IEMG,VAR,WL,WAMP,FMN,FMD
0.08087743583008739,0.06311463131209868,366.94846644854175,0.004737021553805022,134.73032694867175,3954,39.88194927050417,47.29962160302718
