RMS,MAV,IEMG,VAR,WL,WAMP,FMN,FMD
<<<<<<<< HEAD:features/12/273a400f-d732-4819-9de1-53a44ae8570e-o4p6.csv
0.08087743583008739,0.06311463131209868,366.94846644854175,0.004737021553805022,134.73032694867175,3954,70.26076098688202,72.41142070863432
========
0.08087743583008739,0.06311463131209868,366.94846644854175,0.004737021553805022,134.73032694867175,3954,39.88194927050417,47.29962160302718
>>>>>>>> devP:features/12/3fe88b32-9388-4bfb-ae08-3dcf29a5baed-o4p6.csv
