RMS,MAV,IEMG,VAR,WL,WAMP,FMN,FMD
0.15604006373058302,0.11962693417445287,656.8714955519207,0.021220549150898133,243.65940977890568,4222,-18.116212897449778,0.0
