RMS,MAV,IEMG,VAR,WL,WAMP,FMN,FMD
0.07841087604065136,0.05605611530873305,256.90517645992355,0.005970117585627892,107.13246947890309,2887,67.73115403051173,69.16866681213179
