RMS,MAV,IEMG,VAR,WL,WAMP,FMN,FMD
0.053300955635903,0.04712903315236118,275.7519729744653,0.000774717821604323,48.76910428311696,1818,64.66934875526202,65.6298068706204
