RMS,MAV,IEMG,VAR,WL,WAMP,FMN,FMD
<<<<<<<< HEAD:features/12/4b85ca6f-db5e-4fb2-b3fd-03fe87edf0ca-o5p2.csv
0.053300955635903,0.04712903315236118,275.7519729744653,0.000774717821604323,48.76910428311696,1818,64.66934875526202,65.6298068706204
========
0.053300955635903,0.04712903315236118,275.7519729744653,0.000774717821604323,48.76910428311696,1818,10.209452226689955,0.0
>>>>>>>> devP:features/12/592502ee-72e6-40a0-b8cb-e87a41169023-o5p2.csv
