RMS,MAV,IEMG,VAR,WL,WAMP,FMN,FMD
0.09060706705454359,0.06487465332608366,380.4249671041546,0.0073960964441632145,157.0363926116915,4024,56.560926345498274,64.46111869031378
