RMS,MAV,IEMG,VAR,WL,WAMP,FMN,FMD
<<<<<<<< HEAD:features/12/d60e1ea8-3523-4808-b07f-ad2133b99bc8-o4p4.csv
0.09060706705454359,0.06487465332608366,380.4249671041546,0.0073960964441632145,157.0363926116915,4024,69.0039255298152,69.57708049113234
========
0.09060706705454359,0.06487465332608366,380.4249671041546,0.0073960964441632145,157.0363926116915,4024,56.560926345498274,64.46111869031378
>>>>>>>> devP:features/12/4e57e3ce-e17a-41d5-af19-1c70e5d5a222-o4p4.csv
