RMS,MAV,IEMG,VAR,WL,WAMP,FMN,FMD
0.05767850107121009,0.046658552007489223,224.8009035720831,0.002154697866249692,80.0219621960472,2886,6.311899660449749,0.0
