RMS,MAV,IEMG,VAR,WL,WAMP,FMN,FMD
<<<<<<<< HEAD:features/12/9bf4ca80-253f-4b30-a679-3ffafe32525b-o8p3.csv
0.10664358177998536,0.08632504515715848,497.4912352407043,0.006307204022043573,145.52768167637075,3921,67.50476229845275,69.75533576262363
========
0.10664358177998536,0.08632504515715848,497.4912352407043,0.006307204022043573,145.52768167637075,3921,25.900552321633022,0.0
>>>>>>>> devP:features/12/543a1421-12f8-41d9-97ff-594e1ee4bca7-o8p3.csv
