RMS,MAV,IEMG,VAR,WL,WAMP,FMN,FMD
0.10664358177998536,0.08632504515715848,497.4912352407043,0.006307204022043573,145.52768167637075,3921,25.900552321633022,0.0
