RMS,MAV,IEMG,VAR,WL,WAMP,FMN,FMD
<<<<<<<< HEAD:features/12/ded3f990-6a55-4ea1-9669-6750c9cc6b95-o2p3.csv
0.09435274213245513,0.07456493505723767,433.22227268255085,0.006308336722815332,147.3993874510619,3937,68.68871215033572,72.63339070567986
========
0.09435274213245513,0.07456493505723767,433.22227268255085,0.006308336722815332,147.3993874510619,3937,37.6905927863729,36.660929432013766
>>>>>>>> devP:features/12/54f280db-fb89-4612-96bc-dbf76a56dc21-o2p3.csv
