RMS,MAV,IEMG,VAR,WL,WAMP,FMN,FMD
0.12012369424692654,0.10790334359274568,598.1082335345893,0.0031107167736246655,88.12660729336677,3221,56.863432788122516,52.859462384990074
