RMS,MAV,IEMG,VAR,WL,WAMP,FMN,FMD
<<<<<<<< HEAD:features/12/57e6a2c0-4da9-4424-b184-249aa4603b26-o8p6.csv
0.09013306012715304,0.0609659708803392,337.2027849391561,0.008094136834176101,153.10597934006188,3768,69.51019936566134,71.0540589405171
========
0.09013306012715304,0.0609659708803392,337.2027849391561,0.008094136834176101,153.10597934006188,3768,69.00157592118975,71.0540589405171
>>>>>>>> devP:features/12/d0e2f1b2-7b2b-4c55-8dae-661ef55778ec-o8p6.csv
