RMS,MAV,IEMG,VAR,WL,WAMP,FMN,FMD
<<<<<<<< HEAD:features/12/5ca3cb8e-013e-44d5-b108-824ec7fd0cb1-o10p4.csv
0.1544680709015294,0.11623454697500353,758.430419011898,0.020042294351265092,282.7024612348297,4643,68.09512889017304,68.50574712643677
========
0.1544680709015294,0.11623454697500353,758.430419011898,0.020042294351265092,282.7024612348297,4643,49.308446083556035,56.0919540229885
>>>>>>>> devP:features/12/2ca45a62-a6de-41a5-85b3-999fca100111-o10p4.csv
