RMS,MAV,IEMG,VAR,WL,WAMP,FMN,FMD
0.08333479175782005,0.07072979974038822,453.73166533459045,0.0030165701849668835,113.7821978511225,3744,-2.007745275606178,0.0
