RMS,MAV,IEMG,VAR,WL,WAMP,FMN,FMD
0.06658394991898482,0.047963587829982224,274.30375879966834,0.004429867554598352,122.32955284019747,3592,100.78779826882239,68.0188844203532
