RMS,MAV,IEMG,VAR,WL,WAMP,FMN,FMD
<<<<<<<< HEAD:features/12/4418da9f-2215-4184-994a-0a288238d5eb-o9p5.csv
0.07841087604065136,0.05605611530873305,256.90517645992355,0.005970117585627892,107.13246947890309,2887,67.73115403051173,69.16866681213179
========
0.07841087604065136,0.05605611530873305,256.90517645992355,0.005970117585627892,107.13246947890309,2887,63.91661904730021,66.7684922539821
>>>>>>>> devP:features/12/696c5fd9-a40c-4e83-adc8-c06fbe71afc0-o9p5.csv
