RMS,MAV,IEMG,VAR,WL,WAMP,FMN,FMD
0.09435274213245513,0.07456493505723767,433.22227268255085,0.006308336722815332,147.3993874510619,3937,-2.166463567731576,0.0
