RMS,MAV,IEMG,VAR,WL,WAMP,FMN,FMD
<<<<<<<< HEAD:features/12/dbbfe947-ae42-4dbf-9dff-9e3fd4def1ac-o6p1.csv
0.25961062780180183,0.2018772909097563,1174.3202012220524,0.054676014895010186,352.17582311055287,4646,54.596474724770324,51.91679559910607
========
0.25961062780180183,0.2018772909097563,1174.3202012220524,0.054676014895010186,352.17582311055287,4646,37.25839003486188,42.63365996217982
>>>>>>>> devP:features/12/6b32d9c4-9406-49b4-b683-0f8ffd25e1db-o6p1.csv
