RMS,MAV,IEMG,VAR,WL,WAMP,FMN,FMD
<<<<<<<< HEAD:features/12/6c863427-65a5-411a-a936-bcfd9366934f-o3p6.csv
0.11265529219977537,0.07308477318553201,448.44816826642443,0.012663772874517141,197.49466333366422,4416,66.81544700992207,65.02607561929595
========
0.11265529219977537,0.07308477318553201,448.44816826642443,0.012663772874517141,197.49466333366422,4416,66.52712276994517,65.02607561929595
>>>>>>>> devP:features/12/cd8bc6c4-9b1d-4fce-9d08-29e5a5396a3d-o3p6.csv
