RMS,MAV,IEMG,VAR,WL,WAMP,FMN,FMD
<<<<<<<< HEAD:features/12/fa966298-6b95-4283-a97c-342ac61ad3f3-o2p1.csv
0.13202034254110914,0.1102599114552072,648.5487991795287,0.008831221696066661,185.65074577840335,4218,69.97773477796022,71.40428425705541
========
0.13202034254110914,0.1102599114552072,648.5487991795287,0.008831221696066661,185.65074577840335,4218,23.74367182276162,0.0
>>>>>>>> devP:features/12/6cad83bb-9e9e-46c6-b74b-52d5f108ee7c-o2p1.csv
