RMS,MAV,IEMG,VAR,WL,WAMP,FMN,FMD
0.13202034254110914,0.1102599114552072,648.5487991795287,0.008831221696066661,185.65074577840335,4218,23.74367182276162,0.0
