RMS,MAV,IEMG,VAR,WL,WAMP,FMN,FMD
<<<<<<<< HEAD:features/12/05a6fd69-f2b5-450f-b4c8-7d12b2d2607a-o10p1.csv
0.20508667423243482,0.17587735242986624,1016.9228517494865,0.01616356125154962,210.2744476004727,3510,67.9403962992892,69.52611553095815
========
0.20508667423243482,0.17587735242986624,1016.9228517494865,0.01616356125154962,210.2744476004727,3510,16.15948712753466,0.0
>>>>>>>> devP:features/12/6da85a43-8246-44d8-8b97-a39b979a3ef8-o10p1.csv
