RMS,MAV,IEMG,VAR,WL,WAMP,FMN,FMD
0.15669891268080224,0.1187286779163377,636.8606283432355,0.0218584001599993,248.02157282866375,4117,-2.7164886254525484,62.080536912751676
