RMS,MAV,IEMG,VAR,WL,WAMP,FMN,FMD
0.06449581815521063,0.052594669875814744,308.5729281614051,0.002115872192610884,85.47932066173445,3219,63.608490804916045,60.33748082495313
