RMS,MAV,IEMG,VAR,WL,WAMP,FMN,FMD
<<<<<<<< HEAD:features/12/88bfdbde-d830-421d-af82-fdea9dc0dd60-o11p4.csv
0.17501861729394738,0.1319608952317433,775.9300639626507,0.025520037174871623,296.6729537740973,4432,69.89386235809381,71.42857142857143
========
0.17501861729394738,0.1319608952317433,775.9300639626507,0.025520037174871623,296.6729537740973,4432,49.90331489905987,60.8843537414966
>>>>>>>> devP:features/12/73ed55e0-3f98-4d03-8c78-0aff23f28125-o11p4.csv
