RMS,MAV,IEMG,VAR,WL,WAMP,FMN,FMD
0.15552402373764918,0.11456302284212257,703.5315232734747,0.022171566750158345,296.26855725668656,4877,59.870599109434686,67.25289040872822
