RMS,MAV,IEMG,VAR,WL,WAMP,FMN,FMD
<<<<<<<< HEAD:features/12/dc08d9b3-9697-479a-9622-f0967134841b-o3p5.csv
0.15552402373764918,0.11456302284212257,703.5315232734747,0.022171566750158345,296.26855725668656,4877,70.7591774083008,71.97524833089072
========
0.15552402373764918,0.11456302284212257,703.5315232734747,0.022171566750158345,296.26855725668656,4877,59.870599109434686,67.25289040872822
>>>>>>>> devP:features/12/76955a27-18da-42f1-9426-1224f566e168-o3p5.csv
