RMS,MAV,IEMG,VAR,WL,WAMP,FMN,FMD
0.039851456860765015,0.03484831574101743,222.88982747954748,0.0005108620202054863,42.68488145187571,1423,64.4786519475451,63.16447779862414
