RMS,MAV,IEMG,VAR,WL,WAMP,FMN,FMD
0.1671291750887832,0.16529040780274254,912.4030510711389,0.000611242254260217,46.47953161647764,1832,0.7641229344279163,0.0
