RMS,MAV,IEMG,VAR,WL,WAMP,FMN,FMD
<<<<<<<< HEAD:features/12/e7ade3e9-5bb7-4450-8e2c-bc5044f68826-o4p5.csv
0.1671291750887832,0.16529040780274254,912.4030510711389,0.000611242254260217,46.47953161647764,1832,69.07268816134379,68.84057971014492
========
0.1671291750887832,0.16529040780274254,912.4030510711389,0.000611242254260217,46.47953161647764,1832,0.7641229344279163,0.0
>>>>>>>> devP:features/12/81025e77-c5b5-4b41-a5f0-abb71735f4c6-o4p5.csv
