RMS,MAV,IEMG,VAR,WL,WAMP,FMN,FMD
<<<<<<<< HEAD:features/12/81c7e5f3-bb49-44e4-93c9-eb8fd8787af9-o7p3.csv
0.0642934108635694,0.05752414637104257,355.26912798755893,0.0009265156561082039,59.48674443094436,2322,64.47707815070873,63.957253886010356
========
0.0642934108635694,0.05752414637104257,355.26912798755893,0.0009265156561082039,59.48674443094436,2322,8.137978206484593,0.0
>>>>>>>> devP:features/12/41b76bc7-a83c-4c87-a7d2-5076065343fc-o7p3.csv
