RMS,MAV,IEMG,VAR,WL,WAMP,FMN,FMD
<<<<<<<< HEAD:features/12/84bc52f6-a292-4f96-92f5-5fdb7bd9443b-o5p3.csv
0.03495419781575717,0.02796937452072244,168.54345086187342,0.0006891689579166324,47.98930021143308,1807,64.42195715080055,63.06007301692665
========
0.03495419781575717,0.02796937452072244,168.54345086187342,0.0006891689579166324,47.98930021143308,1807,25.306106872920644,0.0
>>>>>>>> devP:features/12/00c67a41-aa61-40b3-b0f7-96b18d01353d-o5p3.csv
