RMS,MAV,IEMG,VAR,WL,WAMP,FMN,FMD
0.03495419781575717,0.02796937452072244,168.54345086187342,0.0006891689579166324,47.98930021143308,1807,64.42195715080055,63.06007301692665
