RMS,MAV,IEMG,VAR,WL,WAMP,FMN,FMD
<<<<<<<< HEAD:features/12/970c1903-02cf-4054-8508-e10dc3cc4e3a-o6p5.csv
0.15604006373058302,0.11962693417445287,656.8714955519207,0.021220549150898133,243.65940977890568,4222,65.43002998850109,65.7439446366782
========
0.15604006373058302,0.11962693417445287,656.8714955519207,0.021220549150898133,243.65940977890568,4222,50.53276438248757,56.09178655982516
>>>>>>>> devP:features/12/86d6aa54-fb3a-41b1-be2c-412edfad2480-o6p5.csv
