RMS,MAV,IEMG,VAR,WL,WAMP,FMN,FMD
0.18413240644832055,0.13290992222232073,990.843470167401,0.030092911688804652,395.93721574575056,5710,6.8000153769371545,0.0
