RMS,MAV,IEMG,VAR,WL,WAMP,FMN,FMD
<<<<<<<< HEAD:features/12/54b0146b-cfc6-4791-b75f-ad5391f17a96-o1p3.csv
0.15669891268080224,0.1187286779163377,636.8606283432355,0.0218584001599993,248.02157282866375,4117,68.30992412587314,68.41909023117077
========
0.15669891268080224,0.1187286779163377,636.8606283432355,0.0218584001599993,248.02157282866375,4117,54.79293192252159,62.080536912751676
>>>>>>>> devP:features/12/88bb0191-90c1-4fed-b154-5828886feccf-o1p3.csv
