RMS,MAV,IEMG,VAR,WL,WAMP,FMN,FMD
<<<<<<<< HEAD:features/12/8a06d806-6e07-475b-bd78-9860f1f060bd-o7p6.csv
0.07589194931439265,0.06753221803379753,342.72600652152244,0.0014159637222195003,67.03839442891659,2611,71.07880391436032,73.69458128078817
========
0.07589194931439265,0.06753221803379753,342.72600652152244,0.0014159637222195003,67.03839442891659,2611,9.961684024577217,0.0
>>>>>>>> devP:features/12/d785f9b9-4bb5-4c16-9ce4-14c94af75a96-o7p6.csv
