RMS,MAV,IEMG,VAR,WL,WAMP,FMN,FMD
<<<<<<<< HEAD:features/12/cd0cbc3a-b050-4b5d-bfcb-7dc975a6308e-o6p3.csv
0.22481009460814558,0.16975009280357617,950.2610195144193,0.048402385505991886,390.760074657107,4730,67.59213119537993,67.70275098249375
========
0.22481009460814558,0.16975009280357617,950.2610195144193,0.048402385505991886,390.760074657107,4730,62.1074580251129,66.09503394069311
>>>>>>>> devP:features/12/8bd863f6-d3f8-4bd6-bac1-f896771b2f78-o6p3.csv
