RMS,MAV,IEMG,VAR,WL,WAMP,FMN,FMD
<<<<<<<< HEAD:features/12/73544b58-147d-4a30-9fa5-02e112fa12df-o7p2.csv
0.06449581815521063,0.052594669875814744,308.5729281614051,0.002115872192610884,85.47932066173445,3219,63.608490804916045,60.33748082495313
========
0.06449581815521063,0.052594669875814744,308.5729281614051,0.002115872192610884,85.47932066173445,3219,21.695232600667506,0.0
>>>>>>>> devP:features/12/8f17d79b-a070-4bd0-a44a-ba6edca270df-o7p2.csv
