RMS,MAV,IEMG,VAR,WL,WAMP,FMN,FMD
<<<<<<<< HEAD:features/12/c1a1a56b-39fa-40f2-b25a-31e39e9960a0-o6p2.csv
0.23941722164389886,0.19293081561468775,1057.4538003841035,0.036281258284144045,294.3150131117334,4232,62.24936851607976,59.478197409231896
========
0.23941722164389886,0.19293081561468775,1057.4538003841035,0.036281258284144045,294.3150131117334,4232,28.821934022723973,0.0
>>>>>>>> devP:features/12/8fe6e372-740b-4412-9146-2c8203f17006-o6p2.csv
