RMS,MAV,IEMG,VAR,WL,WAMP,FMN,FMD
0.11265529219977537,0.07308477318553201,448.44816826642443,0.012663772874517141,197.49466333366422,4416,63.98318138451662,65.02607561929595
