RMS,MAV,IEMG,VAR,WL,WAMP,FMN,FMD
<<<<<<<< HEAD:features/12/c4bb2d72-5776-4a23-9fb7-0d7add539c4e-o3p3.csv
0.08460374444653933,0.06382769303167306,348.0524101017132,0.0069213493547633466,146.80387919112823,3886,65.90669415141987,67.48578763983129
========
0.08460374444653933,0.06382769303167306,348.0524101017132,0.0069213493547633466,146.80387919112823,3886,61.69172100611205,65.65193471483586
>>>>>>>> devP:features/12/93305fe6-ebc3-4b7d-a211-447dd1a81922-o3p3.csv
