RMS,MAV,IEMG,VAR,WL,WAMP,FMN,FMD
0.24339042412369657,0.18277788787202817,1147.2968021727208,0.04856735158472184,416.31798484090695,4856,68.88409709239012,71.84960968615582
