RMS,MAV,IEMG,VAR,WL,WAMP,FMN,FMD
0.041725189937242224,0.029539050409299723,125.83635474361682,0.0017301315541837477,45.513638625738125,1675,55.6271270332295,37.79342723004695
