RMS,MAV,IEMG,VAR,WL,WAMP,FMN,FMD
0.15773124532477367,0.10887855056123792,604.6025912665542,0.02378537069271949,250.21868779583372,4093,68.40246613891513,70.95263821357825
