RMS,MAV,IEMG,VAR,WL,WAMP,FMN,FMD
0.13783337678227944,0.10129644670356124,588.025873114173,0.018987671563152977,264.7509447174466,4465,64.45163144610677,68.56158484065462
