RMS,MAV,IEMG,VAR,WL,WAMP,FMN,FMD
0.1415143683783518,0.13006186853018997,792.4669649544476,0.0034438179580084526,122.78976896114399,3886,6.824842940590195,0.0
