RMS,MAV,IEMG,VAR,WL,WAMP,FMN,FMD
<<<<<<<< HEAD:features/12/4d92886c-1a5a-4d36-966b-57e13e4a1f65-o4p2.csv
0.1415143683783518,0.13006186853018997,792.4669649544476,0.0034438179580084526,122.78976896114399,3886,72.55012180359533,73.19875266699492
========
0.1415143683783518,0.13006186853018997,792.4669649544476,0.0034438179580084526,122.78976896114399,3886,6.824842940590195,0.0
>>>>>>>> devP:features/12/99ff8fdb-fa70-4275-880e-57e84471ee32-o4p2.csv
