RMS,MAV,IEMG,VAR,WL,WAMP,FMN,FMD
0.0843359198577405,0.06419794545598391,392.89142619062153,0.005348185891564685,135.1638910580813,3796,40.34461442486998,46.568627450980394
