RMS,MAV,IEMG,VAR,WL,WAMP,FMN,FMD
<<<<<<<< HEAD:features/12/8696ae08-7a27-48aa-91ca-30b344cf37c5-o3p4.csv
0.0843359198577405,0.06419794545598391,392.89142619062153,0.005348185891564685,135.1638910580813,3796,66.9639146042084,67.48366013071896
========
0.0843359198577405,0.06419794545598391,392.89142619062153,0.005348185891564685,135.1638910580813,3796,40.34461442486998,46.568627450980394
>>>>>>>> devP:features/12/a115d0f5-34cb-49fb-afef-1b28351207cb-o3p4.csv
