RMS,MAV,IEMG,VAR,WL,WAMP,FMN,FMD
<<<<<<<< HEAD:features/12/c4c895c6-e9e2-4caf-843c-bb8702da0eb9-o8p2.csv
0.15764403742304095,0.14401574999738112,816.7133182351483,0.004617658480204115,117.42052930961611,3595,63.13489857153568,62.77552459883618
========
0.15764403742304095,0.14401574999738112,816.7133182351483,0.004617658480204115,117.42052930961611,3595,6.46626035471759,0.0
>>>>>>>> devP:features/12/a11dafd6-0032-4318-9a83-0ec3f79b4cc0-o8p2.csv
