RMS,MAV,IEMG,VAR,WL,WAMP,FMN,FMD
<<<<<<<< HEAD:features/12/be227ef1-7757-4ebd-9b7b-3234a1bc56c5-o2p2.csv
0.08333479175782005,0.07072979974038822,453.73166533459045,0.0030165701849668835,113.7821978511225,3744,68.5629555888891,70.6157443491816
========
0.08333479175782005,0.07072979974038822,453.73166533459045,0.0030165701849668835,113.7821978511225,3744,19.022227519231027,0.0
>>>>>>>> devP:features/12/a1e335db-dfec-4c5a-a450-4b37e3fb5c72-o2p2.csv
