RMS,MAV,IEMG,VAR,WL,WAMP,FMN,FMD
0.041725189937242224,0.029539050409299723,125.83635474361682,0.0017301315541837477,45.513638625738125,1675,56.44997705137198,55.16431924882629
