RMS,MAV,IEMG,VAR,WL,WAMP,FMN,FMD
0.0642934108635694,0.05752414637104257,355.26912798755893,0.0009265156561082039,59.48674443094436,2322,-1.478547811753075,0.0
