RMS,MAV,IEMG,VAR,WL,WAMP,FMN,FMD
0.17501861729394738,0.1319608952317433,775.9300639626507,0.025520037174871623,296.6729537740973,4432,-9.073198649906695,60.8843537414966
