RMS,MAV,IEMG,VAR,WL,WAMP,FMN,FMD
0.12176661892965342,0.10499251263814197,672.5820359599375,0.004931079023717223,147.33140833803796,4093,14.22815577147832,0.0
