RMS,MAV,IEMG,VAR,WL,WAMP,FMN,FMD
<<<<<<<< HEAD:features/12/d65bf021-a7b7-4744-8831-60ba22da4cc9-o4p3.csv
0.12176661892965342,0.10499251263814197,672.5820359599375,0.004931079023717223,147.33140833803796,4093,71.33624934185819,74.30533874492663
========
0.12176661892965342,0.10499251263814197,672.5820359599375,0.004931079023717223,147.33140833803796,4093,14.22815577147832,0.0
>>>>>>>> devP:features/12/aa663e0f-e10f-4987-bffb-9969f3392e8a-o4p3.csv
