RMS,MAV,IEMG,VAR,WL,WAMP,FMN,FMD
0.10838341394946974,0.0852524420406767,458.2318759686372,0.008086018400382582,156.6823747550707,3784,70.64621833313102,74.04651162790698
