RMS,MAV,IEMG,VAR,WL,WAMP,FMN,FMD
<<<<<<<< HEAD:features/12/ad0374de-6383-4773-9403-6330ceae758f-o8p5.csv
0.09639145100017532,0.06621506888177676,361.26941581897404,0.009230955492827682,167.37313021642146,3816,71.50848178437028,75.5131964809384
========
0.09639145100017532,0.06621506888177676,361.26941581897404,0.009230955492827682,167.37313021642146,3816,70.58544010916768,75.1466275659824
>>>>>>>> devP:features/12/efd21096-79b9-4a5d-b87c-3e63fe9d1a7c-o8p5.csv
