RMS,MAV,IEMG,VAR,WL,WAMP,FMN,FMD
0.09639145100017532,0.06621506888177676,361.26941581897404,0.009230955492827682,167.37313021642146,3816,71.50848178437028,75.5131964809384
