RMS,MAV,IEMG,VAR,WL,WAMP,FMN,FMD
<<<<<<<< HEAD:features/12/a3a3c025-aad5-48f2-a5ba-59e0bda7cffd-o3p2.csv
0.041725189937242224,0.029539050409299723,125.83635474361682,0.0017301315541837477,45.513638625738125,1675,56.44997705137198,55.16431924882629
========
0.041725189937242224,0.029539050409299723,125.83635474361682,0.0017301315541837477,45.513638625738125,1675,55.75009774469609,54.929577464788736
>>>>>>>> devP:features/12/aeeaa291-8359-450b-8c51-a60bc00745a7-o3p2.csv
