RMS,MAV,IEMG,VAR,WL,WAMP,FMN,FMD
<<<<<<<< HEAD:features/12/af909e20-5bd6-4ef6-8b14-113fb8e0e078-o9p2.csv
0.11622951460658418,0.0930600998716685,554.7312553350159,0.008112840494911679,164.00437678773488,3974,66.95180576927534,67.77386344573058
========
0.11622951460658418,0.0930600998716685,554.7312553350159,0.008112840494911679,164.00437678773488,3974,28.730362148746487,0.0
>>>>>>>> devP:features/12/86cfebce-d193-4701-95f8-9f4c4f43966c-o9p2.csv
