RMS,MAV,IEMG,VAR,WL,WAMP,FMN,FMD
0.25961062780180183,0.2018772909097563,1174.3202012220524,0.054676014895010186,352.17582311055287,4646,-5.684703982569569,42.63365996217982
