RMS,MAV,IEMG,VAR,WL,WAMP,FMN,FMD
<<<<<<<< HEAD:features/12/c7acdf31-13b0-42af-884c-c74e45de0744-o9p1.csv
0.08422074779607268,0.06368934690439913,375.0028745731021,0.006668223030840658,164.35926170949512,4178,70.21201871197647,73.36956521739131
========
0.08422074779607268,0.06368934690439913,375.0028745731021,0.006668223030840658,164.35926170949512,4178,62.27541309119375,68.27445652173913
>>>>>>>> devP:features/12/ba8d27f0-85aa-4037-a6ed-c2b61d115087-o9p1.csv
