RMS,MAV,IEMG,VAR,WL,WAMP,FMN,FMD
<<<<<<<< HEAD:features/12/d1d5555e-e082-457f-994c-4dbccb25a1c3-o6p4.csv
0.1677426606017128,0.12643978839331405,668.360721447058,0.025940039019005722,255.0114989380473,4184,63.65303491883515,62.99659477866061
========
0.1677426606017128,0.12643978839331405,668.360721447058,0.025940039019005722,255.0114989380473,4184,54.43063877380586,59.591373439273546
>>>>>>>> devP:features/12/bafa1c78-8c33-48c7-82f9-79ef164383f6-o6p4.csv
