RMS,MAV,IEMG,VAR,WL,WAMP,FMN,FMD
0.13500166294524316,0.10116707311977842,607.9129423767486,0.014024918300476936,201.0708100970237,3877,0.5091893850134094,0.0
