RMS,MAV,IEMG,VAR,WL,WAMP,FMN,FMD
0.1677426606017128,0.12643978839331405,668.360721447058,0.025940039019005722,255.0114989380473,4184,3.094172169854146,0.0
