RMS,MAV,IEMG,VAR,WL,WAMP,FMN,FMD
0.16467390503967716,0.1426539373031918,866.3373612422838,0.01007122489597246,194.44989828083146,4173,70.22191618984053,73.11048904989296
