RMS,MAV,IEMG,VAR,WL,WAMP,FMN,FMD
0.08333479175782005,0.07072979974038822,453.73166533459045,0.0030165701849668835,113.7821978511225,3744,68.5629555888891,70.6157443491816
