RMS,MAV,IEMG,VAR,WL,WAMP,FMN,FMD
<<<<<<<< HEAD:features/12/7a4a56b0-40ce-475e-8a39-41818ee47c2a-o5p1.csv
0.039851456860765015,0.03484831574101743,222.88982747954748,0.0005108620202054863,42.68488145187571,1423,64.4786519475451,63.16447779862414
========
0.039851456860765015,0.03484831574101743,222.88982747954748,0.0005108620202054863,42.68488145187571,1423,12.35818505958035,0.0
>>>>>>>> devP:features/12/bfa5f4bb-03f0-437d-b7f1-9cc9fb7fee33-o5p1.csv
