RMS,MAV,IEMG,VAR,WL,WAMP,FMN,FMD
<<<<<<<< HEAD:features/12/d9516cb7-d46b-4542-9e23-8c91dbe87d3c-o5p4.csv
0.14773343828467972,0.1331521742981673,752.5760891332416,0.004954082725533414,130.34505159433402,3870,67.3904396616417,67.76362349610757
========
0.14773343828467972,0.1331521742981673,752.5760891332416,0.004954082725533414,130.34505159433402,3870,8.627652212936333,0.0
>>>>>>>> devP:features/12/bfccef32-1f4b-43d0-9514-61984eeabb19-o5p4.csv
