RMS,MAV,IEMG,VAR,WL,WAMP,FMN,FMD
<<<<<<<< HEAD:features/12/c012425f-1980-4c19-b066-ec53403cdaee-o1p2.csv
0.13988260196062668,0.09952784873334955,486.89023600354597,0.019207969319548032,218.781782075428,3722,71.08024017979633,72.56745707277187
========
0.13988260196062668,0.09952784873334955,486.89023600354597,0.019207969319548032,218.781782075428,3722,68.51778913178586,72.15862632869991
>>>>>>>> devP:features/12/f5e4d059-2da5-4123-9d0b-5957893a69ed-o1p2.csv
