RMS,MAV,IEMG,VAR,WL,WAMP,FMN,FMD
0.12742560971572464,0.08275410438550933,604.2704702229892,0.015671253004960622,259.867500168611,4918,70.59059018237963,71.89811010682006
