RMS,MAV,IEMG,VAR,WL,WAMP,FMN,FMD
0.23941722164389886,0.19293081561468775,1057.4538003841035,0.036281258284144045,294.3150131117334,4232,62.24936851607976,59.478197409231896
