RMS,MAV,IEMG,VAR,WL,WAMP,FMN,FMD
0.11622951460658418,0.0930600998716685,554.7312553350159,0.008112840494911679,164.00437678773488,3974,-0.9242732925391635,0.0
