RMS,MAV,IEMG,VAR,WL,WAMP,FMN,FMD
0.22489062353879885,0.15943528340691368,1002.847932629487,0.04986834625890328,444.7243171454021,4987,68.47192024411248,70.74721780604133
