RMS,MAV,IEMG,VAR,WL,WAMP,FMN,FMD
<<<<<<<< HEAD:features/12/96d4d02e-5174-4f98-9892-a2f768edbb1b-o10p2.csv
0.22489062353879885,0.15943528340691368,1002.847932629487,0.04986834625890328,444.7243171454021,4987,70.41464354717652,71.22416534181241
========
0.22489062353879885,0.15943528340691368,1002.847932629487,0.04986834625890328,444.7243171454021,4987,68.47192024411248,70.74721780604133
>>>>>>>> devP:features/12/c458b568-8393-48f3-b19e-a61564f34f99-o10p2.csv
