RMS,MAV,IEMG,VAR,WL,WAMP,FMN,FMD
0.08460374444653933,0.06382769303167306,348.0524101017132,0.0069213493547633466,146.80387919112823,3886,65.90669415141987,67.48578763983129
