RMS,MAV,IEMG,VAR,WL,WAMP,FMN,FMD
0.15764403742304095,0.14401574999738112,816.7133182351483,0.004617658480204115,117.42052930961611,3595,63.13489857153568,62.77552459883618
