RMS,MAV,IEMG,VAR,WL,WAMP,FMN,FMD
<<<<<<<< HEAD:features/12/fc8aacd6-ee24-422f-ba13-170bad7ff8f8-o5p6.csv
0.04998806958985653,0.03885758798384713,223.8585643749433,0.0018366566492512457,76.93629945273787,2867,66.19440761704635,65.61360874848117
========
0.04998806958985653,0.03885758798384713,223.8585643749433,0.0018366566492512457,76.93629945273787,2867,38.461889107853246,45.825377538621765
>>>>>>>> devP:features/12/c8d680c6-9d81-4be8-8d00-4ec3f2080f44-o5p6.csv
