RMS,MAV,IEMG,VAR,WL,WAMP,FMN,FMD
0.22481009460814558,0.16975009280357617,950.2610195144193,0.048402385505991886,390.760074657107,4730,67.59213119537993,67.70275098249375
