RMS,MAV,IEMG,VAR,WL,WAMP,FMN,FMD
0.04998806958985653,0.03885758798384713,223.8585643749433,0.0018366566492512457,76.93629945273787,2867,-8.545424187175048,0.0
