RMS,MAV,IEMG,VAR,WL,WAMP,FMN,FMD
0.09013306012715304,0.0609659708803392,337.2027849391561,0.008094136834176101,153.10597934006188,3768,69.00157592118975,71.0540589405171
