RMS,MAV,IEMG,VAR,WL,WAMP,FMN,FMD
0.07393375704750066,0.049590853014862483,394.39605402720133,0.005383998969595867,173.6512160753702,4998,-17.07326475171797,64.3782220545706
