RMS,MAV,IEMG,VAR,WL,WAMP,FMN,FMD
0.09060706705454359,0.06487465332608366,380.4249671041546,0.0073960964441632145,157.0363926116915,4024,69.0039255298152,69.57708049113234
