RMS,MAV,IEMG,VAR,WL,WAMP,FMN,FMD
0.07589194931439265,0.06753221803379753,342.72600652152244,0.0014159637222195003,67.03839442891659,2611,9.961684024577217,0.0
