RMS,MAV,IEMG,VAR,WL,WAMP,FMN,FMD
0.14773343828467972,0.1331521742981673,752.5760891332416,0.004954082725533414,130.34505159433402,3870,67.3904396616417,67.76362349610757
