RMS,MAV,IEMG,VAR,WL,WAMP,FMN,FMD
<<<<<<<< HEAD:features/12/971c4daa-930c-4dac-84d1-de42279c5049-o10p6.csv
0.15773124532477367,0.10887855056123792,604.6025912665542,0.02378537069271949,250.21868779583372,4093,68.40246613891513,70.95263821357825
========
0.15773124532477367,0.10887855056123792,604.6025912665542,0.02378537069271949,250.21868779583372,4093,62.64131882852218,65.18998739420134
>>>>>>>> devP:features/12/dd263e1f-a389-4655-a29e-d011a2f768ae-o10p6.csv
