RMS,MAV,IEMG,VAR,WL,WAMP,FMN,FMD
<<<<<<<< HEAD:features/12/0226c772-05e8-4987-b86e-424bdbcebf63-o5p5.csv
0.06658394991898482,0.047963587829982224,274.30375879966834,0.004429867554598352,122.32955284019747,3592,68.71388798179218,68.0188844203532
========
0.06658394991898482,0.047963587829982224,274.30375879966834,0.004429867554598352,122.32955284019747,3592,68.60378313761848,68.0188844203532
>>>>>>>> devP:features/12/df855a5f-72b5-4799-885d-33e0c1d808b5-o5p5.csv
