RMS,MAV,IEMG,VAR,WL,WAMP,FMN,FMD
<<<<<<<< HEAD:features/12/eaeb9e93-a617-4995-8489-e70534876674-o3p1.csv
0.13731993325727782,0.1130096120987265,696.1392105281552,0.009294908619163763,183.65699812346168,4309,67.82483141883671,68.83116883116882
========
0.13731993325727782,0.1130096120987265,696.1392105281552,0.009294908619163763,183.65699812346168,4309,22.183541793259145,0.0
>>>>>>>> devP:features/12/fd3ca6ad-d167-4a6e-aeab-bd6be903f39c-o3p1.csv
