RMS,MAV,IEMG,VAR,WL,WAMP,FMN,FMD
<<<<<<<< HEAD:features/12/ab34f0fd-8e95-43ac-b0fa-1d02488ab638-o1p5.csv
0.10838341394946974,0.0852524420406767,458.2318759686372,0.008086018400382582,156.6823747550707,3784,70.64621833313102,74.04651162790698
========
0.10838341394946974,0.0852524420406767,458.2318759686372,0.008086018400382582,156.6823747550707,3784,37.07489238379225,33.674418604651166
>>>>>>>> devP:features/12/ee23b361-ab80-41a3-b39c-09f3547eb6c9-o1p5.csv
