RMS,MAV,IEMG,VAR,WL,WAMP,FMN,FMD
<<<<<<<< HEAD:features/12/4499bceb-78fa-4836-bebd-239bd0a4bd33-o10p5.csv
0.13500166294524316,0.10116707311977842,607.9129423767486,0.014024918300476936,201.0708100970237,3877,68.23388647887894,68.23098685305375
========
0.13500166294524316,0.10116707311977842,607.9129423767486,0.014024918300476936,201.0708100970237,3877,42.67259206441516,49.75869529039774
>>>>>>>> devP:features/12/ee99f5f2-17b3-4da5-b16d-1d10d3b3156f-o10p5.csv
