RMS,MAV,IEMG,VAR,WL,WAMP,FMN,FMD
0.13988260196062668,0.09952784873334955,486.89023600354597,0.019207969319548032,218.781782075428,3722,68.51778913178586,72.15862632869991
