RMS,MAV,IEMG,VAR,WL,WAMP,FMN,FMD
<<<<<<<< HEAD:features/12/9e1a18d9-42c7-4385-8e31-b76dd121449e-o7p5.csv
0.05767850107121009,0.046658552007489223,224.8009035720831,0.002154697866249692,80.0219621960472,2886,71.78150876274006,72.6442507264425
========
0.05767850107121009,0.046658552007489223,224.8009035720831,0.002154697866249692,80.0219621960472,2886,34.37879030113936,0.0
>>>>>>>> devP:features/12/fa1988fd-d1e6-47e1-867f-088639d2c7ad-o7p5.csv
