RMS,MAV,IEMG,VAR,WL,WAMP,FMN,FMD
<<<<<<<< HEAD:features/12/bd9b6d40-e676-49fc-9461-2b665468e530-o1p4.csv
0.16467390503967716,0.1426539373031918,866.3373612422838,0.01007122489597246,194.44989828083146,4173,70.22191618984053,73.11048904989296
========
0.16467390503967716,0.1426539373031918,866.3373612422838,0.01007122489597246,194.44989828083146,4173,16.01359641497049,0.0
>>>>>>>> devP:features/12/faabb5dd-b4fb-4b00-aefc-740e69d2bd78-o1p4.csv
