RMS,MAV,IEMG,VAR,WL,WAMP,FMN,FMD
<<<<<<<< HEAD:features/12/fae7954c-0785-48e8-b472-a8542fc1f343-o11p1.csv
0.16659816411030479,0.12091384886941903,694.5291479059429,0.026087987267375913,295.3759350487794,4410,70.24272578040878,73.81615598885794
========
0.06337761932812419,0.06189470310345473,296.10425964692746,0.00019084056740873754,19.142501797714083,327,1.4598490407528584,0.0
>>>>>>>> devP:features/13/07705108-c0e2-45d6-98ff-b13cc3024638-o10p4.csv
