RMS,MAV,IEMG,VAR,WL,WAMP,FMN,FMD
0.16659816411030479,0.12091384886941903,694.5291479059429,0.026087987267375913,295.3759350487794,4410,70.24272578040878,73.81615598885794
