RMS,MAV,IEMG,VAR,WL,WAMP,FMN,FMD
0.13731993325727782,0.1130096120987265,696.1392105281552,0.009294908619163763,183.65699812346168,4309,22.183541793259145,0.0
