RMS,MAV,IEMG,VAR,WL,WAMP,FMN,FMD
0.08115389318833471,0.05664995428478213,310.49839943489087,0.006450192541767953,126.6291347925913,3545,64.16649929588856,64.76920270023719
