{"window_size": 500, "threshold": 0.002, "cutoff": 100, "segments": [[11.321, 12.717], [26.956000000000003, 33.222], [42.85, 49.044], [57.988, 63.938], [73.15400000000001, 79.82600000000001], [88.667, 95.38600000000001], [103.742, 110.48400000000001], [119.45200000000001, 125.887], [135.785, 142.108], [151.773, 157.208], [167.52100000000002, 173.68300000000002], [183.441, 189.53300000000002], [199.578, 199.72500000000002], [214.261, 219.75400000000002], [230.68300000000002, 236.23100000000002], [246.836, 252.485], [262.851, 268.22999999999996], [277.71099999999996, 278.57]]}