{"window_size": 1000, "threshold": 0.0019, "cutoff": 100, "segments": [[10.738, 15.936], [25.448, 31.776000000000003], [40.778, 46.896], [55.897999999999996, 62.094], [71.096, 77.435], [86.43700000000001, 92.75500000000001], [101.757, 109.414], [118.41600000000001, 122.33800000000001], [131.34, 137.64000000000001], [146.642, 151.747], [160.749, 166.852], [175.854, 182.249], [191.251, 195.931], [205.949, 211.898], [221.181, 227.281], [236.28300000000002, 242.29600000000002], [251.298, 257.222], [266.224, 272.67499999999995]]}