{"window_size": 800, "threshold": 0.002, "cutoff": 100, "segments": [[11.73, 16.341], [26.748, 32.579], [41.736, 48.032], [56.885999999999996, 62.954], [71.94200000000001, 78.357], [87.96100000000001, 94.84800000000001], [103.68700000000001, 111.302], [119.74100000000001, 126.283], [135.48600000000002, 142.465], [151.30100000000002, 156.1], [167.043, 172.823], [183.78, 189.299], [198.94400000000002, 201.435], [215.29500000000002, 220.70100000000002], [231.48700000000002, 235.495], [247.19500000000002, 252.80200000000002], [263.316, 268.978], [278.234, 279.318]]}