{"window_size": 1000, "threshold": 0.004, "cutoff": 100, "segments": [[10.839, 13.122], [25.795, 31.403000000000002], [40.75, 47.144999999999996], [55.769, 61.97], [70.83800000000001, 77.161], [85.94300000000001, 91.35600000000001], [101.08200000000001, 108.41600000000001], [116.715, 121.037], [131.246, 137.469], [146.04500000000002, 149.398], [161.08200000000002, 167.828], [176.251, 182.42600000000002], [191.377, 196.68200000000002], [206.645, 211.792], [221.459, 223.78400000000002], [236.88000000000002, 239.371], [251.774, 255.875], [266.639, 267.638]]}