{"window_size": 1000, "threshold": 0.0035, "cutoff": 100, "segments": [[11.014, 15.241999999999999], [25.574, 31.853], [40.687, 46.909], [55.647999999999996, 62.321], [70.858, 77.79100000000001], [86.13600000000001, 91.53200000000001], [101.58800000000001, 107.46000000000001], [116.308, 122.01100000000001], [131.056, 137.626], [146.63, 151.489], [161.249, 166.959], [176.425, 182.312], [191.519, 197.157], [206.537, 212.31300000000002], [221.96200000000002, 227.36800000000002], [236.48700000000002, 243.54600000000002], [251.642, 255.544], [266.472, 268.342]]}